HaloCatalogueIndex,TrackId_sample,DoR,track_id,TrackId_SOAP,DescendantTrackId,IsCentral,logM,logR,r50_kpc,compactness,age_mass_gyr,age_lum_gyr,MgFe,logZstar_rel,logZstar_loc,log_ssfr,ssfr,bh_mass_raw,bh_mass_corr,log_bh_ratio_raw,log_bh_ratio_corr,exsitu_frac,sigma,log_sigma,Zstar_raw,Z_local_raw,HostHaloIndex,matched_to_SOAP
66897,66897,0.6679699000879449,66897,66897,-1,True,10.555329458970565,0.8103734840430266,6.46209716796875,9.339769232906026,11.884129342204345,11.779620667084457,0.28789443,-0.2317774999473158,-0.1846728365905332,-12.36999083571227,4.2658852038659866e-13,277570338.03104573,277570338.03104573,-2.11195640467233,-2.11195640467233,0.24946865636531415,114.13677,2.0574257,0.0078582763671875,0.008758544921875,482701,True
765512,765512,0.6583539923286436,765512,765512,-1,True,10.253354317162271,0.3433879164688675,2.20489501953125,9.738272442458971,11.37651577733632,8.838447952996194,0.28138664,-0.14909668232933718,-0.04760999662944222,-10.603128895601325,2.4938544583239792e-11,46668419.47115385,46668419.47115385,-2.584331224367531,-2.584331224367531,0.225296488365099,61.32815,1.7876599,0.0095062255859375,0.0120086669921875,526916,True
9394,9394,0.6300940129498068,9394,9394,-1,False,9.56060791738136,0.1249072581300387,1.3332366943359375,9.3732470301863,11.734831234890219,11.690041802695982,0.2572286,0.0004041460852651523,0.02349500515599031,,0.0,0.0,261099120.0,,-1.1438025092879742,0.024118655994309974,36.962402,1.5677603,0.0134124755859375,0.0141448974609375,1315808,True
180003,180003,0.6449354800259841,180003,180003,-1,False,9.181909695628255,-0.03607259993583134,0.9202957153320312,9.236018595532002,11.272007102216433,11.301866723679256,0.20487678,-0.08564946426907774,-0.03617336821392059,,0.0,0.0,159958.0,,-3.9779037302392504,0.0,25.321579,1.4034909,0.0110015869140625,0.0123291015625,2235781,True
1639847,1639847,0.6303525706110041,1639847,1639847,-1,False,9.672978957976857,0.08388719803277117,1.21307373046875,9.547148160927701,11.49595426318762,11.570603316844682,0.19377145,-0.12076308368540216,-0.013145134221806668,,0.0,0.0,4418058.0,,-3.0277475450121507,0.010974109433240509,40.249313,1.6047586,0.0101470947265625,0.01300048828125,2235781,True
13769,13769,0.6254047189121353,13769,13769,-1,True,10.327938133901652,0.4333296787781048,2.712249755859375,9.677943615734495,12.123006313906945,11.764690856353045,0.31591338,-0.12867154771343287,0.010174962744721959,-13.131710168213232,7.383968439891311e-14,176302918.00213677,176302918.00213677,-2.081678633503982,-2.081678633503982,0.2470889990862103,91.25185,1.9602417,0.0099639892578125,0.0137176513671875,2857986,True
7765873,7765873,0.6141653144751581,7765873,7765873,-1,False,10.093968751609442,0.35378178477125827,2.25830078125,9.563296074452554,11.286936912947844,11.062989751976659,0.2655055,-0.16254779036737493,-0.052605131998817806,,0.0,51548777.0629085,51548777.0629085,-2.3817503850186275,-2.3817503850186275,0.026604173278233344,56.510868,1.752132,0.00921630859375,0.011871337890625,3607410,True
172779,172779,0.603381470384433,172779,172779,-1,True,10.074415215233763,0.4768826240877464,2.99835205078125,9.359091279102143,11.346656155873495,10.719604105154168,0.27838346,-0.2063920862837695,-0.09110473535165042,,0.0,39576649.84563537,39576649.84563537,-2.4769761867361266,-2.4769761867361266,0.04960628469384876,53.824432,1.7309794,0.008331298828125,0.0108642578125,4609657,True
117,117,0.6275227129805966,117,117,-1,False,9.600673701165482,-0.04379157594155765,0.904083251953125,9.666361065077819,11.421305209530558,11.510884073919032,0.1912592,0.07843101082921348,0.1750106362352552,,0.0,0.0,348511.84375,,-4.0584561595123185,0.008873041444454843,38.107124,1.5810063,0.01605224609375,0.020050048828125,4778400,True
137,137,0.7246507183723369,137,137,-1,False,10.022100401147767,0.6466662061026505,4.43267822265625,9.052101091993793,12.436532339266607,12.451462149998019,0.230696,-0.1786617443386183,-0.10473563825125146,,0.0,0.0,50862476.0,,-2.315702903212845,0.004882077941341979,46.168243,1.6643435,0.008880615234375,0.010528564453125,4778400,True
2202,2202,0.6428003357760255,2202,2202,-1,False,10.250506474289445,0.3660773706812138,2.323150634765625,9.701390418267625,11.600462938307507,11.570603316844682,0.2975538,0.05117221559912135,0.08983902649844296,,0.0,0.0,846742016.0,,-1.322755363951803,0.8042438232163299,65.141556,1.8138582,0.01507568359375,0.0164794921875,4778400,True
21185,21185,0.6744277369607915,21185,21185,-1,False,9.92144775502522,0.3296481050545389,2.13623046875,9.42697559744341,11.734831234890219,11.764690856353045,0.20375717,-0.041581837637777334,0.021616972037405282,,0.0,0.0,41406784.0,,-2.304376254184561,0.001106497870318259,44.41625,1.647542,0.012176513671875,0.0140838623046875,4778400,True
222292,222292,0.751421832197312,222292,222292,-1,False,9.113333281264133,-0.30126862629589723,0.499725341796875,9.565236220707979,12.257374610489656,12.257374610489656,0.4655793,-0.12867154771343287,-0.1194588950719578,,0.0,0.0,0.0,,,0.0,20.42814,1.310229,0.0099639892578125,0.0101776123046875,4778400,True
389228,389228,0.6204523621508219,389228,389228,-1,False,10.41239962106471,0.5784093265437197,3.787994384765625,9.54478563124913,11.391445588067732,11.451164830993381,0.21252674,-0.018272637488857244,0.1178677500986865,,0.0,0.0,73967920.0,,-2.543356214681623,0.1725981705295937,69.52245,1.842125,0.012847900390625,0.017578125,4778400,True
1930598,1930598,0.7659649151582323,1930598,1930598,-1,False,9.147844132392297,-0.3375528750407743,0.4596710205078125,9.654173444953459,12.376813096340955,12.376813096340955,0.5993052,-0.41274495037198633,-0.40765798759293753,,0.0,0.0,0.0,,,0.0007323434985003743,16.268085,1.2113365,0.00518035888671875,0.00524139404296875,4778400,True
1041141,1041141,0.6288302619508289,1041141,1041141,-1,False,10.62416039247573,0.6376023401073908,4.34112548828125,9.667756882314643,11.37651577733632,11.391445588067732,0.27252442,-0.10916402530697422,-0.02346140269778282,,0.0,274520114.5361991,274520114.5361991,-2.1855862210592636,-2.1855862210592636,0.6266560656497691,86.96441,1.9393415,0.0104217529296875,0.0126953125,4902450,True
12185,12185,0.6501444509825213,12185,12185,-1,True,10.537993896638083,0.6548117804352395,4.5166015625,9.555776225985223,11.869199531472931,11.690041802695982,0.30860662,-0.19230562500516446,0.014501119532578316,-13.226234662863193,5.939711307525152e-14,324543779.8516843,324543779.8516843,-2.026720606701912,-2.026720606701912,0.30263034898539126,134.05186,2.127273,0.00860595703125,0.01385498046875,5377098,True
87007,87007,0.6390490587279235,87007,87007,-1,False,11.001136651021826,0.9821707148215698,9.5977783203125,9.527880578789471,11.943848585129993,11.734831234890219,0.30717313,-0.20085959768380854,0.022557003750525835,-12.096069785913462,8.01549253689156e-13,1065138044.4004525,1065138044.4004525,-1.973730754011152,-1.973730754011152,0.727497271106097,175.4683,2.2441988,0.0084381103515625,0.0141143798828125,5665204,True
23249,23249,0.6910466717245218,23249,23249,-1,False,10.354969625187946,0.4541989055210073,2.84576416015625,9.673671266906435,11.913988963667169,11.943848585129993,0.27006307,-0.06334295309302641,0.00237597458906185,,0.0,0.0,117128576.0,,-2.2863067618397364,0.017644145290303042,63.62409,1.8036216,0.0115814208984375,0.0134735107421875,6227203,True
230061,230061,0.6299293725877742,230061,230061,-1,False,10.314997303660196,0.6474130583622082,4.4403076171875,9.343877716116884,11.675111991964569,11.61539274903892,0.2808119,-0.15541635784733912,-0.027130780438581685,,0.0,0.0,134362336.0,,-2.1867197578572655,0.19494133102202507,65.46305,1.8159963,0.009368896484375,0.0125885009765625,6227203,True
492195,492195,0.6102281962673806,492195,492195,-1,False,9.783969686956217,0.13776257881562576,1.373291015625,9.577325818732778,11.301866723679256,11.37651577733632,0.11241653,0.07428298997499888,0.16498029474432774,,0.0,0.0,12849066.0,,-2.6750981270545395,0.003999628951269492,50.237343,1.7010267,0.015899658203125,0.01959228515625,6227203,True
3070295,3070295,0.6288626943285041,3070295,3070295,-1,False,9.355437362962727,0.012018847571095993,1.0280609130859375,9.337409091606082,11.167498427096545,11.227217670022194,0.22514558,-0.016728020038814448,0.04184174509449487,,0.0,0.0,116021.6796875,,-4.290898214348541,0.008478237859896959,27.194242,1.4344771,0.0128936767578125,0.0147552490234375,6227203,True
4675449,4675449,0.6354062622942463,4675449,4675449,-1,False,9.440500092452504,-0.03159529758108709,0.9298324584960938,9.487893038824135,11.272007102216433,11.316796534410669,0.22282195,-0.06391552335645323,-0.001576675966193502,,0.0,0.0,322894.75,,-3.931439108644899,0.0,29.389864,1.4681977,0.011566162109375,0.0133514404296875,6227203,True
11518,11518,0.6773868908797168,11518,11518,-1,False,10.811126157839263,0.8362497654455484,6.85882568359375,9.55675150967094,11.839339910010107,11.122708994902307,0.323939,-0.20322203949426296,-0.054283026482196454,-11.372025620502901,4.245945149384708e-12,568561659.4394168,568561659.4394168,-2.0563485878441607,-2.0563485878441607,0.5317671514020326,110.01596,2.041456,0.008392333984375,0.0118255615234375,6882008,True
8057005,8057005,0.6787278566633401,8057005,8057005,-1,False,9.210895878139386,-0.047934321013512984,0.8955001831054688,9.282797359659655,11.540743695381856,11.570603316844682,0.22033516,-0.019822768159806475,0.01114006199055617,,0.0,0.0,664853.375,,-3.388170000429708,0.0012810839951224284,21.378765,1.3299826,0.0128021240234375,0.0137481689453125,6955316,True
13736,13736,0.6507552584864124,13736,13736,-1,False,10.086391653305103,0.4133298523288402,2.590179443359375,9.466396874811842,11.719901424158806,11.809480288547281,0.19503045,-0.043764226561410505,0.14773043070871608,,0.0,0.0,13554430.0,,-2.9543103942480338,0.008553571760498532,48.16955,1.6827726,0.012115478515625,0.018829345703125,7033253,True
1283,1283,0.6363664465748146,1283,1283,-1,False,9.859885545576073,0.1322996831141236,1.3561248779296875,9.661436020904889,12.093146692444119,11.899059152935756,0.2915739,-0.009086277744939046,0.055110429323148954,,0.0,0.0,100047328.0,,-1.8596800513080076,0.04618710647925022,45.75046,1.6603956,0.01312255859375,0.0152130126953125,7047509,True
26620,26620,0.6173019414010313,26620,26620,-1,False,9.851613019610085,0.5144408999715366,3.269195556640625,9.079951669652779,11.600462938307507,11.570603316844682,0.20874414,-0.09355147129873773,-0.015701318657799876,,0.0,0.0,104470152.0,,-1.8326207930224663,0.008796013068432685,40.680172,1.6093829,0.01080322265625,0.0129241943359375,7774322,True
9581,9581,0.6915810848661282,9581,9581,-1,False,9.937405260128774,0.12614810035101595,1.3370513916015625,9.74818310960225,11.779620667084457,11.809480288547281,0.25775763,-0.05037797592865879,-0.006066836971160122,,0.0,0.0,37365236.0,,-2.3649375305103835,0.002816164237836017,45.25121,1.6556304,0.011932373046875,0.013214111328125,8153764,True
83855,83855,0.6538871999543966,83855,83855,-1,False,10.240389339997902,0.43939534276776754,2.750396728515625,9.581296325846251,11.510884073919032,11.510884073919032,0.256397,-0.19153628116906823,-0.03832868024005549,,0.0,46592163.88378268,46592163.88378268,-2.57207645910617,-2.57207645910617,0.23694723733113052,81.09735,1.9090067,0.0086212158203125,0.01226806640625,9555060,True
1085,1085,0.7154140447221113,1085,1085,-1,True,10.201669244701005,0.5103677682922911,3.238677978515625,9.436117592262569,12.317093853415306,12.063287070981294,0.35197997,-0.2705638218596106,-0.2103874638819373,-12.110703366385406,7.749909545980463e-13,200704705.96091002,200704705.96091002,-1.8991116891099082,-1.8991116891099082,0.11099005717775856,67.56789,1.8297404,0.0071868896484375,0.0082550048828125,8480871,True
436370,436370,0.6540751918889693,436370,436370,-1,False,9.156798975045223,0.41588078172987103,2.605438232421875,8.532977802450416,11.510884073919032,11.55567350611327,0.26698035,-0.33399031976328675,-0.27847299191345537,,0.0,0.0,113340.8203125,,-4.102412623490205,0.040742812736660014,22.37612,1.3497849,0.0062103271484375,0.00705718994140625,6955316,True
14295,14295,0.6245153530793502,14295,14295,-1,True,10.357210186384023,0.7712310343952122,5.9051513671875,9.200363634791206,11.719901424158806,11.630322559770333,0.282396,-0.23473909094032777,-0.0929384938054402,-13.497924772250228,3.177424411023501e-14,96844595.96138135,96844595.96138135,-2.371134794778888,-2.371134794778888,0.16172390807068712,64.79642,1.811551,0.00780487060546875,0.0108184814453125,8542242,True
481813,481813,0.6063854464961596,481813,481813,-1,True,10.340504492881172,0.4296491950397372,2.689361572265625,9.696030700321566,11.436235020261968,11.227217670022194,0.25034127,-0.11171495470800512,0.03000489443875016,-11.883977938322607,1.306237241847779e-12,67181172.47399761,67181172.47399761,-2.5132569138199443,-2.5132569138199443,0.06000550665575697,58.98952,1.7707748,0.0103607177734375,0.0143585205078125,10778830,True
9046,9046,0.6074931403874908,9046,9046,-1,True,10.472926288395582,0.7416283710068505,5.51605224609375,9.360483731885306,11.227217670022194,11.152568616365132,0.23111719,-0.15119303949025292,-0.0055656315122964645,,0.0,96234551.26241201,96234551.26241201,-2.489595262838288,-2.489595262838288,0.1128339825372504,59.725395,1.776159,0.00946044921875,0.0132293701171875,11010957,True
7598,7598,0.7014676441642759,7598,7598,-1,False,9.527929692007264,-0.13073819202143547,0.74005126953125,9.724036980039417,11.675111991964569,11.690041802695982,0.32175228,0.043187005277738055,0.05771620403191136,,0.0,0.0,39500392.0,,-1.9313282864417618,0.0006176595065849973,35.57083,1.5510942,0.014801025390625,0.0153045654296875,11116594,True
10640,10640,0.6921869778106973,10640,10640,-1,False,9.795661614280935,0.128619199375756,1.3446807861328125,9.602732815217301,11.884129342204345,11.943848585129993,0.24806517,-0.05093369511120646,0.10407946561305316,,0.0,0.0,8044964.5,,-2.890137482252116,0.006439060790519351,40.13715,1.6035466,0.0119171142578125,0.01702880859375,11116594,True
80788,80788,0.6622087069885517,80788,80788,-1,False,9.622444808464309,-0.08058175827196071,0.8306503295898438,9.74331744587225,11.49595426318762,11.55567350611327,0.22682384,-0.036711194266436334,0.04896878884362884,,0.0,0.0,2290050.5,,-3.262599748993628,0.0017639471297673872,31.816881,1.5026577,0.0123138427734375,0.0149993896484375,11116594,True
10925,10925,0.6026098339967293,10925,10925,-1,False,9.872006178251928,0.28732379033225774,1.9378662109375,9.441020492753541,11.361585966604906,11.436235020261968,0.13304105,0.04139239742698654,0.12534288269356506,,0.0,0.0,33018668.0,,-2.353246628765429,0.027604042432384443,42.71971,1.6306285,0.014739990234375,0.01788330078125,11116594,True
16180,16180,0.612667007865855,16180,16180,-1,True,10.34282073560835,0.7695444517632767,5.88226318359375,9.188504057963435,11.928918774398582,11.61539274903892,0.3250136,-0.2870074375923927,-0.10159992439839288,-13.640581949926888,2.2877999705832336e-14,277570338.03104573,277570338.03104573,-1.899447681310117,-1.899447681310117,0.4931088173155801,101.19543,2.005161,0.00691986083984375,0.0106048583984375,12045963,True
22287,22287,0.6216952430037197,22287,22287,-1,False,10.34127794719407,0.587069523408619,3.864288330078125,9.460673662081142,11.346656155873495,10.913691644662533,0.25614318,-0.12668088961284651,-0.01518887673179296,,0.0,0.0,48803576.0,,-2.6528263018272655,0.06557525676393931,51.947433,1.7155641,0.010009765625,0.012939453125,12197019,True
985428,985428,0.6592798960628986,985428,985428,-1,False,10.237945357848078,0.3327391820316808,2.1514892578125,9.738836584800557,11.331726345142082,11.37651577733632,0.26327285,-0.013655168903918907,0.05728299254272016,,0.0,0.0,32675518.0,,-2.723722876736784,0.021451067402234462,58.883102,1.7699907,0.0129852294921875,0.015289306640625,12511704,True
6,6,0.6170304384007274,6,6,-1,False,9.371498682871916,0.31224235371472764,2.05230712890625,8.903135152299825,11.719901424158806,11.794550477815868,0.16051328,-0.25383203284935013,-0.07435300925753055,,0.0,0.0,81617.3046875,,-4.459716434246397,0.0026265661297148954,37.490982,1.5739269,0.00746917724609375,0.01129150390625,11116594,True
189198,189198,0.6527084386733543,189198,189198,-1,False,9.342146439948147,-0.22194926783435498,0.5998611450195312,9.67507034169968,11.794550477815868,11.824410099278694,0.27672544,-0.25739549474448314,-0.26461135306874156,,0.0,0.0,1415494.375,,-3.191238292076284,0.0,25.75984,1.4109433,0.00740814208984375,0.00728607177734375,14585115,True
852408,852408,0.6102566340549741,852408,852408,-1,False,9.555919132492118,-0.061081536306625654,0.8687973022460938,9.647541436952057,11.25707729148502,11.286936912947844,0.18374237,0.04541988671003003,0.0633089789593937,,0.0,0.0,8855180.0,,-2.6087217389352815,0.0,36.728283,1.5650008,0.0148773193359375,0.0155029296875,14585115,True
92228,92228,0.6723252642591783,92228,92228,-1,False,9.102589006817542,0.1883786039966296,1.5430450439453125,8.820021100822597,11.361585966604906,11.391445588067732,0.31215742,-0.25963759823699467,-0.1786617443386183,,0.0,0.0,134638.765625,,-3.9734188854652572,0.002460906288614408,19.975393,1.3004954,0.0073699951171875,0.008880615234375,15472933,True
212715,212715,0.621481369873165,212715,212715,-1,False,9.911687917736064,0.2088259346410711,1.617431640625,9.598449015774458,11.361585966604906,11.421305209530558,0.20164475,-0.007573933273297172,0.07344861031027357,,0.0,0.0,8540626.0,,-2.980198213512878,0.002589558378747402,42.641216,1.6298296,0.0131683349609375,0.015869140625,15472933,True
213887,213887,0.6037590214610941,213887,213887,-1,False,10.271423573737872,0.43637310035619403,2.7313232421875,9.616863923203582,11.301866723679256,11.346656155873495,0.23638195,-0.070845901515838,0.0841724757020467,,0.0,0.0,24516170.0,,-2.8819709495630224,0.06511310928389488,56.36005,1.7509714,0.011383056640625,0.016265869140625,15472933,True
213921,213921,0.6638822446218882,213921,213921,-1,False,10.052439474381558,0.2864680373816745,1.934051513671875,9.622737418309047,11.645252370501746,11.704971613427395,0.21898186,-0.09910755324282536,-0.007070986509613475,,0.0,0.0,17462530.0,,-2.8103323091563404,0.1533431900189567,55.556812,1.7447374,0.0106658935546875,0.01318359375,15472933,True
446417,446417,0.6054659357526995,446417,446417,-1,False,9.324437756433898,-0.03517343919662223,0.9222030639648438,9.377197915228832,11.37651577733632,11.436235020261968,0.16684702,-0.041581837637777334,0.0033585417093186997,,0.0,0.0,52082564.0,,-1.607745400235479,0.0040268371740821585,27.947195,1.4463383,0.012176513671875,0.0135040283203125,15472933,True
458066,458066,0.6516674627343886,458066,458066,-1,False,9.58497786212262,0.7033480631520196,5.0506591796875,8.529955767394592,11.242147480753607,11.242147480753607,0.27830228,-0.19539670198230635,-0.16543347860486313,,0.0,0.0,122618984.0,,-1.4964201488065454,0.011318876475595208,23.642447,1.3736925,0.008544921875,0.0091552734375,15472933,True
3259950,3259950,0.6821758476841361,3259950,3259950,-1,False,9.936915362184097,0.16295462033923774,1.4553070068359375,9.69248343167524,11.510884073919032,11.540743695381856,0.29048097,0.0018838561433129942,0.05944474156511126,,0.0,0.0,39881672.0,,-2.3361420047924195,0.0006094751973460475,44.67644,1.6500787,0.013458251953125,0.0153656005859375,15472933,True
6163743,6163743,0.6326905096561485,6163743,6163743,-1,False,10.21479092202291,0.35231208969048267,2.25067138671875,9.686322787487185,11.510884073919032,11.540743695381856,0.23754686,-0.10916402530697422,-0.02346140269778282,,0.0,0.0,35268208.0,,-2.667407528572689,0.004837065272974323,54.522324,1.7365744,0.0104217529296875,0.0126953125,15472933,True
219205,219205,0.6393964317361037,219205,219205,-1,False,10.380416747400426,0.4724396750380274,2.96783447265625,9.671757234843385,11.481024452456207,11.510884073919032,0.23054603,-0.05992329383488915,0.04675412579909465,,0.0,0.0,50633708.0,,-2.6759770146615707,0.20252197291444723,71.62382,1.8550575,0.0116729736328125,0.014923095703125,15773704,True
6220689,6220689,0.6146987223716674,6220689,6220689,-1,False,9.552369021590927,-0.0716981523094102,0.8478164672851562,9.659916250055042,10.83904259100547,10.883832023199707,0.27253786,-0.14631718815779032,-0.07788866907243623,,0.0,0.0,252298.75,,-4.150453922755663,0.0011887647541602557,36.07569,1.5572147,0.0095672607421875,0.011199951171875,15773704,True
1038537,1038537,0.6393870353666818,1038537,1038537,-1,False,9.172751483979852,0.33961470001572847,2.185821533203125,8.663329433956259,11.630322559770333,11.690041802695982,0.23410648,-0.3620901866976075,-0.20559740265507603,,0.0,0.0,48851.234375,,-4.483875942015579,0.005506530952906157,26.927267,1.4301924,0.00582122802734375,0.0083465576171875,16098020,True
24097,24097,0.6957839270194897,24097,24097,-1,False,9.510619724001083,-0.1285053105891435,0.743865966796875,9.703377689884798,11.719901424158806,11.749761045621632,0.24918407,0.0658661668101872,0.08741955237503005,,0.0,0.0,532597.625,,-3.7842204985329606,0.0023126637542556336,30.837858,1.4890844,0.015594482421875,0.016387939453125,16236968,True
496354,496354,0.6951702056938576,496354,496354,-1,False,9.050651283501953,-0.2191962032622688,0.6036758422851562,9.379445588395356,12.137936124638356,12.197655367564007,0.23524413,-0.13200972311791345,-0.13740475500461957,,0.0,0.0,177234.65625,,-3.802102636230189,0.0,18.136541,1.2585546,0.0098876953125,0.009765625,16236968,True
440402,440402,0.6630611435285877,440402,440402,-1,True,10.44766607586731,0.5214782330560017,3.322601318359375,9.665448726283309,11.600462938307507,11.167498427096545,0.28602964,-0.14149547110677407,0.013543468688306273,-11.421777040345479,3.786369208050735e-12,96387062.43715435,96387062.43715435,-2.463647331271765,-2.463647331271765,0.20736229571776685,73.23085,1.8646941,0.009674072265625,0.013824462890625,16882427,True
949881,949881,0.6041948742006057,949881,949881,-1,False,9.927500737773258,0.24516100343798664,1.758575439453125,9.559759232616278,11.19735804855937,11.227217670022194,0.22765496,-0.14562508525131065,-0.07552836716546518,,0.0,0.0,14812648.0,,-2.756868035160869,0.016879259104188134,50.65003,1.7045797,0.00958251953125,0.011260986328125,17260843,True
210509,210509,0.6337119082588679,210509,210509,-1,False,10.723160295974134,0.7194468107718701,5.24139404296875,9.643990079816328,11.406375398799145,11.331726345142082,0.25348198,-0.13604970091965346,-0.02450663661243286,,0.0,232122007.95783058,232122007.95783058,-2.357443977226421,-2.357443977226421,0.45621599053816725,100.65207,2.0028229,0.009796142578125,0.012664794921875,17359386,True
1528,1528,0.6590177376839111,1528,1528,-1,False,10.053190199688464,0.45536167591279986,2.8533935546875,9.370147685819264,11.928918774398582,11.85426972074152,0.27260327,-0.19230562500516446,-0.008581577534852005,,0.0,48727320.33017534,48727320.33017534,-2.365417670880886,-2.365417670880886,0.04779380345993583,52.85478,1.7230843,0.00860595703125,0.0131378173828125,17359386,True
24297,24297,0.7042781962206558,24297,24297,-1,False,9.914793731796696,0.12614810035101595,1.3370513916015625,9.725571581270172,12.123006313906945,12.108076503175532,0.3133568,-0.015701318657799876,0.05858133276800093,,0.0,0.0,32294240.0,,-2.405668663313565,0.0003806549598828542,54.946102,1.739937,0.0129241943359375,0.0153350830078125,18042760,True
191081,191081,0.6289114088051336,191081,191081,-1,True,10.578760861533015,0.7575513371040197,5.7220458984375,9.442433855876985,11.675111991964569,9.614798111029646,0.28619435,-0.16833846924827034,-0.034028699747331484,-11.314995630960677,4.84177238423684e-12,320273466.95889896,320273466.95889896,-2.073239900485935,-2.073239900485935,0.18037959075159773,59.6655,1.7757233,0.00909423828125,0.01239013671875,18313167,True
94291,94291,0.7280143651632898,94291,94291,-1,False,9.573247008582047,0.027841890270780587,1.0662078857421875,9.531484173175876,12.21258517829542,12.257374610489656,0.29311618,-0.14286765070612176,-0.043764226561410505,,0.0,0.0,3407671.5,,-3.0407892865171915,0.00473471888494823,33.820477,1.5291798,0.0096435546875,0.012115478515625,19305811,True
219478,219478,0.6251911782760996,219478,219478,-1,False,10.655250191016426,0.687310752433482,4.8675537109375,9.624284062366204,11.272007102216433,11.25707729148502,0.2527661,-0.14424417953492505,-0.01518887673179296,,0.0,0.0,171422560.0,,-2.421182214509917,0.2886520418094631,81.31848,1.9101893,0.009613037109375,0.012939453125,19305811,True
503246,503246,0.6209744491158872,503246,503246,-1,False,9.204987018528865,0.3073717103433867,2.0294189453125,8.743929453013784,11.645252370501746,11.212287859290782,0.30243936,0.09304416637365437,0.0692524957166654,,0.0,0.0,251948448.0,,-0.8036753310786413,0.1602979170382879,20.649967,1.3149195,0.0166015625,0.015716552734375,19645250,True
1205136,1205136,0.6632527310407051,1205136,1205136,-1,True,10.445239843401184,0.5691263429746131,3.7078857421875,9.591550328939265,11.600462938307507,10.65988486222852,0.30927885,-0.15329956495526512,0.0267621472415866,-11.35231073192427,4.443132534932313e-12,107520378.19334465,107520378.19334465,-2.413749060096625,-2.413749060096625,0.2891538701317602,71.274994,1.8529372,0.0094146728515625,0.014251708984375,20815163,True
273895,273895,0.6836118974326965,273895,273895,-1,True,10.148446900680458,0.3876400520322257,2.44140625,9.566986822632119,12.093146692444119,11.913988963667169,0.29858935,-0.16471025698576724,-0.10285149437670002,-13.00883435314092,9.79863649805888e-14,44838285.37424585,44838285.37424585,-2.49679790395514,-2.49679790395514,0.0883855626478239,55.461834,1.7439942,0.0091705322265625,0.0105743408203125,22406152,True
5084444,5084444,0.6986605341616432,5084444,5084444,-1,False,9.091572165808884,-0.1662938714785433,0.6818771362304688,9.341012973026698,11.525813884650445,11.525813884650445,0.49557254,-0.420488890735939,-0.3884902804101876,,0.0,0.0,152809.046875,,-3.907423098927965,0.0034689559780530926,18.598005,1.2694664,0.00508880615234375,0.0054779052734375,22848537,True
26207,26207,0.7092491364456447,26207,26207,-1,False,9.101751408714318,0.3073717103433867,2.0294189453125,8.640693843199237,12.078216881712708,12.123006313906945,0.34109938,-0.3447942222253917,-0.20798582929032683,,0.0,0.0,120042.9765625,,-4.022414653145759,0.04872629731066134,23.710884,1.3749478,0.0060577392578125,0.00830078125,22911832,True
84311,84311,0.642574602698517,84311,84311,-1,False,9.057203264177621,-0.060605074951207726,0.8697509765625,9.148110876604433,11.242147480753607,11.25707729148502,0.22203535,-0.21930885938771771,-0.1846728365905332,,0.0,0.0,113191.8828125,,-4.003387980224112,0.0008955494611964866,22.280176,1.3479186,0.008087158203125,0.008758544921875,23489127,True
95655,95655,0.6007258130434611,95655,95655,-1,False,10.840495247120717,0.8372148646913826,6.87408447265625,9.584672950083643,11.272007102216433,11.286936912947844,0.25968486,-0.10852862726839056,0.03276525001476668,,0.0,662508543.0806938,662508543.0806938,-2.0193037642267666,-2.0193037642267666,0.6630695398290261,114.821434,2.060023,0.01043701171875,0.0144500732421875,24234876,True
618882,618882,0.6032749928428384,618882,618882,-1,False,9.027903085939506,0.38967105097256055,2.452850341796875,8.443396509480666,11.585533127576094,11.645252370501746,0.23218143,-0.40513667727828956,-0.271949132386377,,0.0,60170.424410061,60170.424410061,-4.248520011155554,-4.248520011155554,0.022579442781540435,34.609573,1.5391964,0.00527191162109375,0.00716400146484375,24491169,True
29739,29739,0.6081111756949498,29739,29739,-1,False,9.875407980098478,0.09401107095254924,1.2416839599609375,9.734391373669654,11.690041802695982,11.61539274903892,0.22905877,-0.04982296693056339,-0.00807746316379397,,0.0,0.0,105537728.0,,-1.852000239581646,0.0011784356122922879,49.481136,1.6944396,0.0119476318359375,0.013153076171875,24888700,True
247485,247485,0.6430505535495931,247485,247485,-1,False,9.444326500305557,-0.09425746665396885,0.804901123046875,9.58571270028651,11.346656155873495,11.406375398799145,0.19352436,-0.042671661250837725,-0.010097441139801329,,0.0,0.0,105893.984375,,-4.419455210896356,0.0003639309359472514,33.132,1.5202477,0.01214599609375,0.013092041015625,24888700,True
1082423,1082423,0.6141154387892174,1082423,1082423,-1,False,10.121741329828092,0.3682115001938997,2.3345947265625,9.569424079537242,11.391445588067732,11.436235020261968,0.2072233,-0.09416531519160734,0.003848992898544024,,0.0,0.0,28748356.0,,-2.6631283156039256,0.0026132824197893246,55.304554,1.7427609,0.0107879638671875,0.013519287109375,24888700,True
440671,440671,0.6303379458585948,440671,440671,-1,False,10.012322251173575,0.23803736944445256,1.7299652099609375,9.655266197006897,11.331726345142082,11.406375398799145,0.1887289,0.09304416637365437,0.20005450628603655,,0.0,0.0,17100316.0,,-2.7793181152967277,0.009125317181255466,48.028282,1.6814971,0.0166015625,0.021240234375,25199160,True
441113,441113,0.6457809342363422,441113,441113,-1,False,9.213496451669911,-0.1352386932481119,0.732421875,9.41635449154208,11.212287859290782,11.25707729148502,0.1727201,0.20501792581758665,0.2319270843749409,,0.0,0.0,232936.984375,,-3.846258002917164,0.0006552718923617795,24.814566,1.3947067,0.021484375,0.022857666015625,25199160,True
452771,452771,0.7014374426816287,452771,452771,-1,False,9.361472551761961,-0.16026190670863022,0.6914138793945312,9.601865411824907,12.003567828055646,12.003567828055646,0.25503758,0.012583701486856507,0.028154861899271508,,0.0,0.0,41788060.0,,-1.7404203421606128,0.0009126072041009022,25.02947,1.3984518,0.0137939453125,0.0142974853515625,25361901,True
571874,571874,0.7033460608211456,571874,571874,-1,False,9.450379483053595,-0.19387739311063182,0.6399154663085938,9.741195572719542,11.690041802695982,11.704971613427395,0.35476094,-0.10159992439839288,-0.07729738990431186,,0.0,0.0,37022088.0,,-1.8819185742740316,0.00037047623991655587,32.531254,1.5123008,0.0106048583984375,0.0112152099609375,25361901,True
22687,22687,0.6528071359249324,22687,22687,-1,False,9.756637506379228,0.04385807594729457,1.10626220703125,9.690850392458286,11.869199531472931,11.839339910010107,0.27047634,-0.021378451549490363,0.013063850216696517,,0.0,0.0,80830920.0,,-1.849059984506947,0.002975927250308222,44.94205,1.652653,0.01275634765625,0.0138092041015625,25624811,True
99036,99036,0.6661844889650163,99036,99036,-1,False,9.788132285742316,0.028618109390557707,1.068115234375,9.745205121656479,11.49595426318762,11.540743695381856,0.22919601,0.06373622393423786,0.09938434440467331,,0.0,0.0,13382855.0,,-2.661583513231311,0.30407564738125453,39.31152,1.59452,0.0155181884765625,0.016845703125,25624811,True
997271,997271,0.7158060094729007,997271,997271,-1,False,9.825805756003799,0.19424393476807397,1.56402587890625,9.534439853851689,12.048357260249881,12.063287070981294,0.33592027,-0.1582548939777397,-0.06563777735931854,,0.0,0.0,9293650.0,,-2.8576194431364876,0.05256666351516868,49.761818,1.6968963,0.009307861328125,0.0115203857421875,25624811,True
1949005,1949005,0.6827678046846778,1949005,1949005,-1,False,9.148597462124815,-0.07463920970205531,0.8420944213867188,9.260556276677898,11.525813884650445,11.55567350611327,0.28733936,-0.07552836716546518,-0.04650772577908647,,0.0,0.0,39840.56640625,,-4.548271958041822,0.0,24.457668,1.3884151,0.011260986328125,0.0120391845703125,25624811,True
8334619,8334619,0.6019892364773224,8334619,8334619,-1,False,10.144209847737203,0.6429125571355317,4.39453125,9.179841012033906,11.316796534410669,11.346656155873495,0.21361914,-0.10159992439839288,-0.052605131998817806,,0.0,0.0,69697608.0,,-2.3009919742335505,0.12372079856066001,58.22884,1.7651381,0.0106048583984375,0.011871337890625,25624811,True
586754,586754,0.662269889249979,586754,586754,-1,False,9.30387559751901,0.2489130309382924,1.773834228515625,8.930506051111571,11.466094641724794,11.525813884650445,0.23961425,-0.19384841341944567,-0.08264810828841306,,0.0,0.0,217447.5625,,-3.9665210537574014,0.0025879002500524984,27.469563,1.4388518,0.008575439453125,0.011077880859375,27053327,True
38928,38928,0.7001674284509436,38928,38928,-1,False,9.559440458393642,-0.00023863063191605782,0.99945068359375,9.559798404341516,11.525813884650445,11.525813884650445,0.33758938,0.03230640741328602,0.03413887630034103,,0.0,0.0,215345776.0,,-1.2263041008828228,0.17243817679094034,38.110283,1.5810423,0.014434814453125,0.014495849609375,27053327,True
41035,41035,0.7115193264449186,41035,41035,-1,False,9.601204948304389,-0.007762688574451699,0.9822845458984375,9.612848981166067,12.21258517829542,12.242444799758244,0.24737108,-0.03563620737623444,-0.017757154363764415,,0.0,0.0,20207730.0,,-2.295687417760071,0.0002630802848906416,32.053333,1.5058733,0.0123443603515625,0.0128631591796875,27053327,True
278070,278070,0.6284698774399505,278070,278070,-1,False,9.566398596262253,0.12738540740418125,1.3408660888671875,9.375320485155981,10.868902212468294,10.764393537348408,0.21311468,0.09622582515984356,0.1178677500986865,,0.0,0.0,34009992.0,,-2.0347920664864345,0.0016452922692692365,33.82906,1.5292901,0.0167236328125,0.017578125,27053327,True
2297558,2297558,0.6516478433298971,2297558,2297558,-1,False,9.60752973700914,0.0038857544195430487,1.0089874267578125,9.601701105379824,11.55567350611327,11.630322559770333,0.21354657,-0.012126858299501718,0.08090093871066019,,0.0,0.0,607661.6875,,-3.8238678816587965,0.00182944472067996,36.365456,1.5606891,0.013031005859375,0.016143798828125,27053327,True
1447,1447,0.6301166461410381,1447,1447,-1,True,10.891266785600646,0.7812152553018131,6.04248046875,9.719443902647926,11.49595426318762,11.451164830993381,0.2838296,-0.19850993740644932,0.038686504051061686,-13.049710138427283,8.918459851362254e-14,528298709.30744094,528298709.30744094,-2.1683872359421774,-2.1683872359421774,0.5754809010402508,125.0142,2.0969596,0.00848388671875,0.0146484375,28310131,True
1441,1441,0.6487456899557719,1441,1441,-1,False,10.385332016315829,0.553662916427403,3.57818603515625,9.554837641674725,11.869199531472931,11.675111991964569,0.29653886,-0.23346736387669045,-0.08806557332070666,-12.440916023621206,3.6231304949434535e-13,169592426.31347412,169592426.31347412,-2.1559255627566296,-2.1559255627566296,0.24399557640190672,107.83312,2.0327523,0.0078277587890625,0.0109405517578125,28370524,True
619839,619839,0.6177997823622543,619839,619839,-1,False,10.305871391370243,0.4411986442454854,2.7618408203125,9.644073425002015,11.212287859290782,11.19735804855937,0.27588296,-0.070845901515838,0.03413887630034103,,0.0,0.0,147630816.0,,-2.136694371133414,0.48874907454342387,76.73796,1.8850102,0.011383056640625,0.014495849609375,28979357,True
1251236,1251236,0.6691705108789057,1251236,1251236,-1,False,9.151597781359415,0.10259816175237478,1.2664794921875,8.997700538730854,11.451164830993381,11.481024452456207,0.28167447,-0.2605376907496572,-0.18165689056797768,,0.0,0.0,58904.4609375,,-4.381449595448737,0.0014637479841349739,23.032618,1.3623433,0.007354736328125,0.008819580078125,28979357,True
241428,241428,0.6526867870672473,241428,241428,-1,False,10.048666257928419,0.2327380920464825,1.708984375,9.699559119858694,11.600462938307507,11.675111991964569,0.20814976,-0.06506293348730025,0.04541988671003003,,0.0,0.0,9293650.0,,-3.080479945061107,0.00396693811016964,50.450825,1.7028683,0.01153564453125,0.0148773193359375,29245776,True
2054342,2054342,0.6609140305674132,2054342,2054342,-1,False,9.010153614133804,0.4308794918452379,2.696990966796875,8.363834376365947,11.37651577733632,11.406375398799145,0.33252427,-0.43640375172826584,-0.3182722780268329,,0.0,0.0,158468.640625,,-3.810210281655632,0.11554889593617884,25.703094,1.4099855,0.00490570068359375,0.006439208984375,29245776,True
31289,31289,0.6558750792425047,31289,31289,-1,False,9.64172798130037,0.14375294250481319,1.392364501953125,9.42609856754315,11.704971613427395,11.704971613427395,0.25448895,-0.12800698066423952,-0.02293972758171917,,0.0,0.0,30311596.0,,-2.1601191773727026,0.002412744038324672,35.37705,1.5487217,0.009979248046875,0.0127105712890625,27837743,True
31425,31425,0.7121448930056647,31425,31425,-1,False,10.00818213896329,0.21035964246894517,1.6231536865234375,9.692642675259872,12.033427449518468,12.063287070981294,0.32777885,-0.11750992628768032,-0.04926866630406834,,0.0,0.0,30464106.0,,-2.52439370112659,0.031653554290224144,46.70972,1.6694074,0.010223388671875,0.011962890625,27837743,True
276701,276701,0.6864561573361443,276701,276701,-1,False,9.2996437055015,-0.19452511057879748,0.6389617919921875,9.591431371369696,11.585533127576094,11.61539274903892,0.25707346,0.05554581229886435,0.06840838567075012,,0.0,0.0,226085.890625,,-3.9453702453892467,0.0,23.25805,1.3665733,0.015228271484375,0.01568603515625,30295917,True
124006,124006,0.708006934464982,124006,124006,-1,False,10.156798975045223,0.31224235371472764,2.05230712890625,9.688435444473132,12.093146692444119,12.093146692444119,0.3049629,-0.06448884948843402,0.0018838561433129942,,0.0,0.0,37098344.0,,-2.5874444510828316,0.004624175871383845,50.837883,1.7061875,0.0115509033203125,0.013458251953125,30264647,True
278766,278766,0.6437918164152011,278766,278766,-1,False,9.653182565686695,0.10194361078913043,1.2645721435546875,9.500267149503,11.704971613427395,11.779620667084457,0.15583327,-0.0559674286527706,0.0938417689521169,,0.0,0.0,1183153.125,,-3.580141610543958,0.006068106298628289,35.88154,1.5548712,0.01177978515625,0.016632080078125,30264647,True
616954,616954,0.6753818949989485,616954,616954,-1,False,9.698327278345227,0.2886042663907837,1.9435882568359375,9.265420878759052,11.869199531472931,11.85426972074152,0.26704982,-0.11815861122068365,-0.04650772577908647,,0.0,0.0,84186168.0,,-1.7730865366643715,0.004401634062737419,38.777214,1.5885767,0.0102081298828125,0.0120391845703125,30718882,True
109773,109773,0.6681797863413991,109773,109773,-1,True,10.26640277236282,0.4296491950397372,2.689361572265625,9.621928979803215,11.749761045621632,11.734831234890219,0.26955318,-0.17199724810725142,-0.0587893650395258,,0.0,53378911.15981649,53378911.15981649,-2.5390330616993855,-2.5390330616993855,0.1181049206578244,57.35604,1.7585791,0.0090179443359375,0.0117034912109375,31202134,True
3912,3912,0.6421554960680002,3912,3912,-1,False,9.417616434325836,0.22786380427140804,1.689910888671875,9.075820727918725,10.928621455393944,10.943551266125358,0.25198227,0.05073242368112996,0.05292694316567188,,0.0,0.0,29892190.0,,-1.942058700281069,0.03244905565830276,21.988018,1.3421861,0.0150604248046875,0.01513671875,31769121,True
39462,39462,0.6747854291495544,39462,39462,-1,True,10.706152615857183,0.7452176020302943,5.56182861328125,9.588326212811742,11.869199531472931,11.600462938307507,0.30483374,-0.15896743635563138,0.012583701486856507,-11.98194714193442,1.0424442977701188e-12,331864316.2393162,331864316.2393162,-2.1851920585178806,-2.1851920585178806,0.30153958981663237,89.046326,1.9496161,0.0092926025390625,0.0137939453125,31892095,True
2342292,2342292,0.636423827633617,2342292,2342292,-1,True,10.41042704621902,0.6886700476962069,4.8828125,9.37742197467471,11.540743695381856,10.988340698319595,0.27075872,-0.15259625389969095,-0.001576675966193502,-11.863458943750686,1.3694338423955856e-12,130854587.92892157,130854587.92892157,-2.293638092057154,-2.293638092057154,0.16259146579135433,60.614067,1.7825735,0.009429931640625,0.0133514404296875,32019032,True
30183,30183,0.6255150526210883,30183,30183,-1,False,10.209066166511302,0.506772169547988,3.21197509765625,9.44890791218932,11.839339910010107,11.764690856353045,0.28147453,-0.17642886290632634,-0.04049474199656317,,0.0,82966079.05982906,82966079.05982906,-2.290165600499962,-2.290165600499962,0.10732245529043424,78.06729,1.8924692,0.0089263916015625,0.01220703125,32681518,True
249079,249079,0.641643288767492,249079,249079,-1,False,9.758858966373186,0.5485398121928355,3.536224365234375,8.936049248083933,11.525813884650445,11.481024452456207,0.30093962,-0.15470961321309007,-0.06049137041281683,,0.0,0.0,109808040.0,,-1.7182248266252187,0.07577277514404257,34.470592,1.5374489,0.0093841552734375,0.01165771484375,32681518,True
2787,2787,0.6595594646967534,2787,2787,-1,False,9.123818151245727,0.16009928801641082,1.445770263671875,8.88366921922111,11.436235020261968,11.436235020261968,0.27985102,0.0008979431616618866,0.01402255807158846,,0.0,0.0,181793312.0,,-0.8642402493395491,0.6293117257086746,21.634167,1.3351402,0.013427734375,0.0138397216796875,33722541,True
245320,245320,0.6455451186602607,245320,245320,-1,False,9.182606238651509,-0.2268095285888052,0.5931854248046875,9.522820531534716,11.092849373439481,11.13763880563372,0.16929656,0.13341959780484353,0.1491359156955924,,0.0,0.0,538555.0625,,-3.4513761259712608,0.0,21.955816,1.3415496,0.018218994140625,0.018890380859375,33722541,True
1253127,1253127,0.6841291015986833,1253127,1253127,-1,False,10.195227181239709,0.5578100570516119,3.612518310546875,9.358512095662292,11.704971613427395,11.734831234890219,0.28342316,-0.10536550708088097,0.009691607678797561,,0.0,0.0,48956088.0,,-2.505420474469278,0.027981384487307217,54.64691,1.7375656,0.0105133056640625,0.013702392578125,33722541,True
1254911,1254911,0.6764094725843792,1254911,1254911,-1,True,10.156798975045223,0.27165615807685217,1.86920166015625,9.749314737929945,12.048357260249881,12.003567828055646,0.2567455,-0.08444643169397596,0.024430985005135,,0.0,51243754.71342383,51243754.71342383,-2.447158031342219,-2.447158031342219,0.05359984305772058,55.304474,1.7427603,0.0110321044921875,0.0141754150390625,35256923,True
254368,254368,0.60241394492698,254368,254368,-1,False,9.252525623610213,0.4477474171325334,2.803802490234375,8.580904497911412,11.451164830993381,11.510884073919032,0.22785068,-0.2889269743389822,-0.08264810828841306,,0.0,0.0,38425.66796875,,-4.6679041978581886,0.005759922793494237,28.905539,1.4609811,0.00688934326171875,0.011077880859375,35779442,True
112613,112613,0.6605201242893689,112613,112613,-1,False,9.481543244809647,0.1883786039966296,1.5430450439453125,9.198975338814702,11.585533127576094,11.660182181233155,0.20627835,-0.027130780438581685,0.13559651705911807,,0.0,0.0,550470.0,,-3.740809589421002,0.005946341166665479,33.04771,1.5191414,0.0125885009765625,0.018310546875,35779442,True
32775,32775,0.6162988703853376,32775,32775,-1,False,10.12238141024153,0.8434362694461511,6.9732666015625,8.857227006072304,11.391445588067732,11.37651577733632,0.24266583,-0.12469931439449691,-0.12800698066423952,,0.0,0.0,355046016.0,,-1.5720967664828562,0.5200948375821657,63.757053,1.8045282,0.0100555419921875,0.009979248046875,37372039,True
114191,114191,0.7236870894049207,114191,114191,-1,False,9.919411200381635,0.2622486895550209,1.8291473388671875,9.526038166049103,12.16779574610118,12.197655367564007,0.32275176,-0.1306713723456512,-0.06563777735931854,,0.0,0.0,43846960.0,,-2.2774717121662786,0.0011252976600916178,47.40096,1.6757872,0.009918212890625,0.0115203857421875,37372039,True
35091,35091,0.6243112071871334,35091,35091,-1,False,9.623958910457779,0.03247853020379582,1.0776519775390625,9.575241115152085,11.481024452456207,11.451164830993381,0.24414742,-0.037249687183416105,-0.014677038744554113,,0.0,0.0,70078880.0,,-1.7783717581326088,0.00100832513876233,37.340305,1.572178,0.012298583984375,0.0129547119140625,37492891,True
1163788,1163788,0.7044939568998947,1163788,1163788,-1,False,9.476620015774234,0.04460621477468803,1.1081695556640625,9.409710693612201,12.346953474878132,12.272304421221069,0.2972785,0.042739048062258526,0.06840838567075012,,0.0,0.0,51701288.0,,-1.7631186532542753,0.0003446410129769746,34.30258,1.535327,0.0147857666015625,0.01568603515625,37747813,True
547265,547265,0.6033446959629175,547265,547265,-1,False,9.79430231901821,0.07422046707517599,1.186370849609375,9.682971618405444,11.01820031978242,11.062989751976659,0.19822356,-0.05992329383488915,0.043187005277738055,,0.0,0.0,1887325.75,,-3.5184554537139645,0.004305546101806551,56.587627,1.7527215,0.0116729736328125,0.014801025390625,37372039,True
2224712,2224712,0.6387213563394316,2224712,2224712,-1,False,9.766182824285458,0.012823842207325797,1.02996826171875,9.74694706097447,11.003270509051006,11.048059941245246,0.19950885,0.07677655365920107,0.12311382143448849,,0.0,0.0,14850775.0,,-2.594433706023404,0.0001845366618179696,39.22164,1.5935259,0.0159912109375,0.017791748046875,41896615,True
27954,27954,0.6320348375243361,27954,27954,-1,False,9.160476342333347,-0.08914204259061885,0.8144378662109375,9.294189406219274,11.212287859290782,11.242147480753607,0.20819679,-0.05822350895699476,-0.043764226561410505,,0.0,0.0,191234.71875,,-3.878909600874766,0.0,25.132347,1.4002331,0.01171875,0.012115478515625,42592181,True
38569,38569,0.601280521128829,38569,38569,-1,False,10.487516363984074,0.8294333444101452,6.75201416015625,9.243366347368857,11.600462938307507,11.481024452456207,0.29373944,-0.19695053005092802,0.02954312461119191,,0.0,0.0,204364976.0,,-2.1771098953847283,0.3662888797424677,80.49543,1.9057713,0.008514404296875,0.01434326171875,43736233,True
110495,110495,0.6881217156872337,110495,110495,-1,True,10.38463323180159,0.6391261819581677,4.35638427734375,9.42594395886434,12.317093853415306,12.16779574610118,0.3359395,-0.29571296368227423,-0.2184902079070377,-12.36284521336226,4.336654132788146e-13,248593214.83000252,248593214.83000252,-1.989143961084472,-1.989143961084472,0.1300406550565326,99.144165,1.9962673,0.00678253173828125,0.0081024169921875,44337607,True
226,226,0.6651580821335206,226,226,-1,False,10.065028601689578,0.30244582220207755,2.00653076171875,9.611359868386462,11.540743695381856,11.585533127576094,0.25523996,-0.15896743635563138,-0.09910755324282536,,0.0,25545621.76934075,25545621.76934075,-2.6577121240035537,-2.6577121240035537,0.006401906605127164,52.095387,1.7167993,0.0092926025390625,0.0106658935546875,46091846,True
1236391,1236391,0.6916900201316806,1236391,1236391,-1,False,9.268235241249876,-0.1164255449954604,0.7648468017578125,9.442873558743067,11.540743695381856,11.540743695381856,0.3284057,0.04808427839144173,0.05380165540880655,,0.0,0.0,219311072.0,,-0.9271746835024856,0.5131821366088073,24.02156,1.3806013,0.0149688720703125,0.015167236328125,44056421,True
1237182,1237182,0.6508080914560083,1237182,1237182,-1,False,9.294295183691155,-0.24317309089031253,0.5712509155273438,9.659054820026624,11.272007102216433,11.316796534410669,0.17420477,0.11255753307054561,0.1268225927516129,,0.0,0.0,773279.3125,,-3.4059587920146885,0.0,26.601677,1.4249091,0.017364501953125,0.0179443359375,44056421,True
243904,243904,0.6090002615393302,243904,243904,-1,True,10.44096104542191,0.6852637990042953,4.84466552734375,9.413065346915467,11.570603316844682,11.466094641724794,0.26162118,-0.24985778006485984,-0.06794479198433839,-12.73444346176117,1.8431324198987808e-13,161051800.52790347,161051800.52790347,-2.2339954609109554,-2.2339954609109554,0.29596907600455435,63.76547,1.8045856,0.007537841796875,0.0114593505859375,45691261,True
32662,32662,0.6240056344216605,32662,32662,-1,False,10.049423528359002,0.39504106661653043,2.483367919921875,9.456861928434206,11.660182181233155,11.675111991964569,0.22325787,-0.17346943420140515,-0.12668088961284651,,0.0,0.0,27070734.0,,-2.6169234969021984,0.063472986058766,71.14756,1.8521601,0.0089874267578125,0.010009765625,46091846,True
112935,112935,0.6687672414243684,112935,112935,-1,False,9.408610948039023,-0.04701028985236699,0.8974075317382812,9.479126382817574,11.421305209530558,11.466094641724794,0.18403372,0.10173824979815065,0.12311382143448849,,0.0,0.0,13592558.0,,-2.275309753209033,0.0,30.326262,1.481819,0.016937255859375,0.017791748046875,46091846,True
113454,113454,0.6272442875257234,113454,113454,-1,False,9.44584767342609,0.3388561068413627,2.1820068359375,8.937563513164047,11.436235020261968,11.481024452456207,0.25101665,-0.22591422598624464,-0.11880826651296109,,0.0,0.0,206724.125,,-4.130456511056223,0.01896388785514962,31.5483,1.4989761,0.007965087890625,0.01019287109375,46091846,True
113721,113721,0.6045801895995093,113721,113721,-1,False,9.625969536650413,0.06433366165709223,1.15966796875,9.529469044164774,11.062989751976659,11.107779184170894,0.1559962,0.1268225927516129,0.1602189919674501,,0.0,0.0,24592426.0,,-2.235168163404027,0.002543308070394188,35.279736,1.5475254,0.0179443359375,0.019378662109375,46091846,True
543981,543981,0.6077626566056297,543981,543981,-1,False,9.617359334877019,-0.03832868024005549,0.91552734375,9.674852355237102,11.13763880563372,11.19735804855937,0.20815623,-0.10159992439839288,-0.04049474199656317,,0.0,0.0,111255.7109375,,-4.571037021606211,0.0007473867068243832,35.855255,1.5545529,0.0106048583984375,0.01220703125,46091846,True
545747,545747,0.6903547198039267,545747,545747,-1,False,9.110055571502897,-0.07611724112945528,0.8392333984375,9.22423143319708,11.809480288547281,11.85426972074152,0.17479652,0.06202471637177369,0.10095503140390416,,0.0,0.0,762555.875,,-3.227783900119979,0.0007861580039953876,23.732138,1.3753369,0.0154571533203125,0.01690673828125,46091846,True
545783,545783,0.6829272630534752,545783,545783,-1,False,10.142381236690795,0.4423966987484322,2.76947021484375,9.478786188568147,12.048357260249881,12.063287070981294,0.24467057,-0.1326804483198064,-0.06736688839686454,,0.0,29973.50968446727,29973.50968446727,-5.66564363797754,-5.66564363797754,0.0069763553686775495,54.20607,1.7340479,0.0098724365234375,0.011474609375,46091846,True
2146180,2146180,0.6096676688676959,2146180,2146180,-1,False,9.25841046272966,-0.025842968691995784,0.942230224609375,9.297174915767654,11.346656155873495,11.421305209530558,0.163041,0.012583701486856507,0.07925588188802103,,0.0,0.0,62181.0703125,,-4.464752269518915,0.0005563972741285775,28.18674,1.450045,0.0137939453125,0.016082763671875,46091846,True
34839,34839,0.6795322669738485,34839,34839,-1,False,10.090540995205162,0.4702010387312311,2.95257568359375,9.385239437108314,12.048357260249881,12.033427449518468,0.2547544,-0.21280245332211759,-0.15683330684294555,,0.0,0.0,33666840.0,,-2.5633386401763483,0.017297927924365335,52.02372,1.7162014,0.008209228515625,0.00933837890625,46303742,True
581214,581214,0.6771729679376576,581214,581214,-1,False,10.006514979595828,0.20933777262830996,1.6193389892578125,9.692508320653364,11.540743695381856,11.570603316844682,0.29158953,-0.07729738990431186,-0.034028699747331484,,0.0,0.0,19864580.0,,-2.70843559246524,0.24582150722580298,58.30115,1.7656772,0.0112152099609375,0.01239013671875,46706333,True
1175888,1175888,0.6683748517188111,1175888,1175888,-1,False,9.912725658927323,0.30491575008352423,2.017974853515625,9.455352033802036,11.600462938307507,11.645252370501746,0.28642192,-0.16471025698576724,-0.06968313112404544,,0.0,0.0,21313436.0,,-2.584072189712908,0.09864882223352164,55.098446,1.7411394,0.0091705322265625,0.01141357421875,46706333,True
44663,44663,0.620560470015476,44663,44663,-1,True,10.479158931960745,0.7947121302447352,6.23321533203125,9.287090736593642,11.49595426318762,9.88353470419507,0.26249093,-0.23772101670458748,-0.1155696647645299,-10.962224321372865,1.0908767322925865e-11,128719431.48252891,128719431.48252891,-2.369514819021931,-2.369514819021931,0.17287875228380714,83.2639,1.9204568,0.00775146484375,0.0102691650390625,47252190,True
1052627,1052627,0.6304637685133673,1052627,1052627,-1,True,10.62092540931022,0.6993939130879799,5.0048828125,9.57183453967825,11.600462938307507,9.898464514926482,0.28288692,-0.1497943442976881,0.03138726530956223,-10.846848346782188,1.4228255431523737e-11,290076254.35991704,290076254.35991704,-2.1584132303956642,-2.1584132303956642,0.1520516669861019,67.663765,1.8303562,0.009490966796875,0.014404296875,47331801,True
2465614,2465614,0.6226612854506913,2465614,2465614,-1,False,10.401774149620094,0.7661515088659373,5.83648681640625,9.252546886321188,11.49595426318762,11.37651577733632,0.3159533,-0.23943421214870764,-0.12076308368540216,,0.0,225411516.26916793,225411516.26916793,-2.0487980492481266,-2.0487980492481266,0.3549634624551449,88.19127,1.9454256,0.007720947265625,0.0101470947265625,45962952,True
115874,115874,0.7328957149625412,115874,115874,-1,False,10.205911471173298,0.3373349337208299,2.17437744140625,9.699909070592053,12.287234231952482,10.883832023199707,0.3335997,-0.1306713723456512,0.007266729900039705,-11.194633108030349,6.3880291899528225e-12,88761503.7000377,88761503.7000377,-2.2576868202102496,-2.2576868202102496,0.0875277552529592,56.762966,1.7540652,0.009918212890625,0.0136260986328125,47548152,True
55787,55787,0.6191937396743034,55787,55787,-1,True,10.227025378439922,0.4894085996606108,3.086090087890625,9.492912478949005,11.585533127576094,9.360991328595633,0.23345512,-0.11235503512144339,0.0267621472415866,-10.977072797383485,1.0542101725834712e-11,35458848.127592385,35458848.127592385,-2.677300754900789,-2.677300754900789,0.027380354149205546,56.700737,1.7535887,0.010345458984375,0.014251708984375,48145894,True
4676,4676,0.6590198462223396,4676,4676,-1,False,10.25382714734714,0.4271780960149971,2.674102783203125,9.613060003324644,11.570603316844682,11.61539274903892,0.25934023,-0.08927868718742618,0.07093580976941691,,0.0,0.0,56276624.0,,-2.503499110861396,0.0020625989260462368,65.99519,1.8195124,0.0109100341796875,0.015777587890625,48823621,True
319263,319263,0.7263375845430561,319263,319263,-1,False,9.318370680136608,-0.0615585209585303,0.8678436279296875,9.410708461574403,12.003567828055646,12.003567828055646,0.33059716,0.05728299254272016,0.06373622393423786,,0.0,0.0,32179858.0,,-1.8107865567798274,0.0,27.803268,1.444096,0.015289306640625,0.0155181884765625,49205827,True
405,405,0.6903844705050813,405,405,-1,False,9.87597236546953,0.25906703076883164,1.8157958984375,9.487371819316282,11.824410099278694,11.869199531472931,0.28038093,-0.14770471164443155,-0.08685583860562418,,0.0,0.0,14469497.0,,-2.7155189313733885,0.0008019100162191792,47.28533,1.6747266,0.0095367431640625,0.0109710693359375,49550248,True
38264,38264,0.6240760107068086,38264,38264,-1,False,10.075128928593903,0.31785658032498093,2.079010009765625,9.598344058106433,11.869199531472931,11.958778395861406,0.099684946,-0.0399522129042691,0.1602189919674501,,0.0,0.0,3650736.25,,-3.512748470420183,0.05164341510762766,52.842384,1.7229824,0.0122222900390625,0.019378662109375,49550248,True
2281031,2281031,0.658747911592048,2281031,2281031,-1,False,9.007557703942842,0.07422046707517599,1.186370849609375,8.896227003330077,11.182428237827958,11.227217670022194,0.23478624,-0.08504753141886766,-0.014677038744554113,,0.0,0.0,99638.6484375,,-4.009129876087172,0.0,19.578058,1.2917696,0.011016845703125,0.0129547119140625,49550248,True
307424,307424,0.7067396675858966,307424,307424,-1,False,10.268692152898442,0.40034549264234837,2.513885498046875,9.66817391393492,12.257374610489656,12.257374610489656,0.3156938,-0.13200972311791345,-0.042126407592394416,,0.0,92421771.8938537,92421771.8938537,-2.302917862418996,-2.302917862418996,0.022669484871285124,83.39455,1.9211377,0.0098876953125,0.0121612548828125,50242905,True
663395,663395,0.6710707140076483,663395,663395,-1,False,10.098046664029882,0.2843212486212678,1.9245147705078125,9.67156479109798,11.675111991964569,11.719901424158806,0.26239154,-0.10035195089049734,0.03732720878833684,,0.0,22724165.036607593,22724165.036607593,-2.7415587293044474,-2.7415587293044474,0.027568858661645237,65.336426,1.8151554,0.0106353759765625,0.0146026611328125,50479576,True
143084,143084,0.6410511278191807,143084,143084,-1,True,10.688451644633066,0.7511345121071454,5.63812255859375,9.561749876472348,11.85426972074152,11.600462938307507,0.30214104,-0.2300941858945643,-0.0796673520306463,-12.358279456049532,4.38248606610499e-13,429471468.07440925,429471468.07440925,-2.0555173278498313,-2.0555173278498313,0.31600473001740753,99.52632,1.9979382,0.0078887939453125,0.0111541748046875,50720092,True
591516,591516,0.6236500712661729,591516,591516,-1,False,11.018378085428518,0.845805585098431,7.01141357421875,9.749669707780871,11.346656155873495,11.077919562708068,0.2788852,-0.16979828400731323,0.027691119749598474,-11.953776284350754,1.1123045548565864e-12,901646065.0766717,901646065.0766717,-2.063341993728588,-2.063341993728588,0.6048157755516226,148.03888,2.170376,0.009063720703125,0.0142822265625,50866079,True
1423833,1423833,0.6698063463058056,1423833,1423833,-1,True,10.376158924257885,0.4779862955378938,3.0059814453125,9.659179480951044,11.794550477815868,10.495656944182981,0.30817392,-0.14770471164443155,0.003848992898544024,-11.236075426574343,5.806635613773523e-12,101419931.20365134,101419931.20365134,-2.37003561264162,-2.37003561264162,0.1044257024872591,72.26073,1.8589023,0.0095367431640625,0.013519287109375,52595982,True
627956,627956,0.6805502654276822,627956,627956,-1,False,9.963993333034376,0.45536167591279986,2.8533935546875,9.280950819165176,11.704971613427395,11.719901424158806,0.29598504,-0.18618870019548256,-0.12933713325658658,,0.0,0.0,22495398.0,,-2.611899651706396,0.011146455466048534,43.4027,1.6375169,0.00872802734375,0.00994873046875,52917509,True
1262725,1262725,0.6505207030445971,1262725,1262725,-1,False,9.723480926835434,0.17529973912960983,1.4972686767578125,9.460531318141019,11.704971613427395,11.764690856353045,0.17006955,-0.06391552335645323,0.07177502642070742,,0.0,0.0,4308440.5,,-3.0891608271632425,0.0025888008322193204,43.81852,1.6416578,0.011566162109375,0.01580810546875,52917509,True
1264037,1264037,0.6451797017501685,1264037,1264037,-1,False,9.084214734050828,0.08251934026608998,1.209259033203125,8.960435723651694,11.242147480753607,11.286936912947844,0.29076144,-0.2780037379705536,-0.2095854424501198,,0.0,0.0,36452.25390625,,-4.522490347383552,0.0017202757498493491,21.079052,1.3238511,0.0070648193359375,0.008270263671875,52917509,True
49780,49780,0.6319006491999953,49780,49780,-1,True,10.626570913827377,0.7534788874728949,5.66864013671875,9.496352582618035,11.406375398799145,11.331726345142082,0.26450786,-0.17642886290632634,-0.011618614260334136,-13.034891739870613,9.228014327291686e-14,187588744.93306938,187588744.93306938,-2.35336413607482,-2.35336413607482,0.4609505044404558,87.47156,1.9418669,0.0089263916015625,0.0130462646484375,54785377,True
155425,155425,0.6117069106060525,155425,155425,-1,False,10.067938458350339,0.29746342168313766,1.983642578125,9.621743325825632,11.301866723679256,11.331726345142082,0.21654215,-0.09110473535165042,-0.032960324099305556,,0.0,0.0,13802261.0,,-2.9279882227178295,0.0005195308190863487,48.716427,1.6876755,0.0108642578125,0.012420654296875,55668235,True
45950,45950,0.6151807209059917,45950,45950,-1,False,10.418264151794002,0.6353065049005912,4.3182373046875,9.465304394443116,11.600462938307507,11.540743695381856,0.28145134,-0.16761039785913767,-0.06794479198433839,,0.0,217480935.1825666,217480935.1825666,-2.0808429599649947,-2.0808429599649947,0.4697074750110907,84.837395,1.9285873,0.0091094970703125,0.0114593505859375,55907302,True
52429,52429,0.6169129369290133,52429,52429,-1,True,10.66194895336513,0.6845793315940524,4.8370361328125,9.635079955974051,11.406375398799145,11.227217670022194,0.21917754,-0.10159992439839288,0.042739048062258526,-13.095975179643267,8.017238813866442e-14,122466473.31809327,122466473.31809327,-2.573931741773288,-2.573931741773288,0.1527145092320695,77.11022,1.887112,0.0106048583984375,0.0147857666015625,56542863,True
154264,154264,0.6663097120972806,154264,154264,-1,False,10.195227181239709,0.7040036021170928,5.05828857421875,9.13922177806407,12.093146692444119,12.048357260249881,0.3066183,-0.2407235584155774,-0.0978667110218481,,0.0,119568760.99798894,119568760.99798894,-2.1176094522421107,-2.1176094522421107,0.2846448602595812,76.11687,1.8814809,0.00769805908203125,0.0106964111328125,57174348,True
1293101,1293101,0.6984107780673224,1293101,1293101,-1,False,10.117880909014854,0.279125240696013,1.9016265869140625,9.699193047970834,12.093146692444119,12.123006313906945,0.26541275,-0.09910755324282536,-0.03456387477735071,,0.0,26041283.087253332,26041283.087253332,-2.7022185303481234,-2.7022185303481234,0.06689552791814259,56.239445,1.750041,0.0106658935546875,0.0123748779296875,57564382,True
144050,144050,0.6122733155006972,144050,144050,-1,False,9.731420718026246,0.03858470435174727,1.0929107666015625,9.673543661498625,11.242147480753607,11.242147480753607,0.21514422,-0.017242282362851687,-0.013655168903918907,,0.0,0.0,24516170.0,,-2.341968093851397,0.0003956821394140925,47.282852,1.6747037,0.01287841796875,0.0129852294921875,57984319,True
50829,50829,0.6986479913505268,50829,50829,-1,False,10.00316133758824,0.6811407191575886,4.79888916015625,8.981450258851858,12.466391960729432,12.063287070981294,0.34293556,-0.32553663227641405,-0.2808268973069327,-12.916077841324887,1.2131713866574224e-13,85711280.20519105,85711280.20519105,-2.0701233557060186,-2.0701233557060186,0.09238217965519913,85.65292,1.9327422,0.0063323974609375,0.00701904296875,58058175,True
339605,339605,0.6246985665295753,339605,339605,-1,False,10.481403352883198,0.734970067349176,5.43212890625,9.378948251859434,11.49595426318762,11.406375398799145,0.23552722,-0.1690677632599572,-0.0767069146510079,-13.270268340916438,5.367000788395881e-14,129939520.88046758,129939520.88046758,-2.367662091803338,-2.367662091803338,0.13037539818516408,62.005783,1.7924322,0.0090789794921875,0.01123046875,58627782,True
46250,46250,0.7137258656902371,46250,46250,-1,False,10.0172388449876,0.809346782662012,6.44683837890625,8.803218670994582,12.421602528535194,12.376813096340955,0.3491548,-0.1380838708301066,0.022087242231599927,,0.0,0.0,83553.484375,,-5.095274279288627,0.03571389811146639,39.850853,1.6004378,0.0097503662109375,0.01409912109375,58963059,True
297402,297402,0.6129226881775187,297402,297402,-1,False,9.354032635651018,0.32418520935303674,2.109527587890625,8.867754821621464,10.943551266125358,10.958481076856769,0.20742765,0.09224509626432141,0.09780795616971824,,0.0,0.0,25202472.0,,-1.95258949473827,0.0004858784899707591,24.580385,1.3905888,0.016571044921875,0.01678466796875,59077734,True
49412,49412,0.7398155574074718,49412,49412,-1,False,9.451130208360501,-0.1842757975728722,0.6542205810546875,9.72754390471981,12.391742907072368,12.406672717803781,0.30078518,0.03732720878833684,0.04808427839144173,,0.0,0.0,19082960.0,,-2.17048446839274,0.0015126298609981729,30.827759,1.488942,0.0146026611328125,0.0149688720703125,59411473,True
49562,49562,0.6331006356274026,49562,49562,-1,False,10.580546247323547,0.5559717707856668,3.597259521484375,9.746588591145047,11.481024452456207,11.481024452456207,0.23713711,-0.12076308368540216,-0.01518887673179296,,0.0,109045489.94076797,109045489.94076797,-2.5429385392093056,-2.5429385392093056,0.4323710756962936,92.53932,1.9663264,0.0101470947265625,0.012939453125,59411473,True
316144,316144,0.6214114278046751,316144,316144,-1,False,10.254299463306584,0.7175461754324359,5.218505859375,9.17798020015793,11.61539274903892,11.540743695381856,0.2711426,-0.2184902079070377,-0.08264810828841306,,0.0,92574283.06859604,92574283.06859604,-2.287809105918166,-2.287809105918166,0.07695736707033522,57.413322,1.7590127,0.0081024169921875,0.011077880859375,59411473,True
53398,53398,0.6135585099956606,53398,53398,-1,True,10.841961633933904,0.7650146116672002,5.82122802734375,9.694439716433104,11.540743695381856,9.838745272000834,0.30534923,-0.11492483245318692,0.04049230491432397,-10.902657144810448,1.2512464409766468e-11,307767550.63002765,307767550.63002765,-2.353738805719852,-2.353738805719852,0.6875654658676301,108.60246,2.0358398,0.010284423828125,0.01470947265625,59813395,True
4914,4914,0.603250041329766,4914,4914,-1,False,9.76763289068069,0.13534310469221286,1.36566162109375,9.564618233642372,11.331726345142082,11.421305209530558,0.16621214,-0.07201179344262804,0.09622582515984356,,0.0,0.0,1131918.875,,-3.713817588742187,0.00336247409323764,41.8942,1.622154,0.0113525390625,0.0167236328125,59411473,True
139198,139198,0.6171329942736591,139198,139198,-1,False,10.444631161476876,0.7734696707020086,5.9356689453125,9.284426655423863,11.600462938307507,11.55567350611327,0.26153088,-0.16254779036737493,0.03596364571558838,,0.0,132684722.02582957,132684722.02582957,-2.3218102425450966,-2.3218102425450966,0.22889200426450457,68.589386,1.836257,0.00921630859375,0.014556884765625,62146471,True
1411684,1411684,0.6485807540199461,1411684,1411684,-1,True,10.728262198781415,0.6584644048416888,4.55474853515625,9.740565591518882,11.510884073919032,10.988340698319595,0.31509143,-0.12933713325658658,0.009207714055585275,-12.106065500820714,7.833114938668155e-13,365416774.68262947,365416774.68262947,-2.1654737187509827,-2.1654737187509827,0.5010676776554599,108.23333,2.0343611,0.00994873046875,0.0136871337890625,62659976,True
52285,52285,0.6558991111128528,52285,52285,-1,False,10.216854082586684,0.3218227675425823,2.09808349609375,9.73411993127281,11.510884073919032,11.525813884650445,0.22421852,-0.08685583860562418,-0.02293972758171917,,0.0,0.0,40262948.0,,-2.611948512400154,0.0010064293418591856,75.38311,1.877274,0.0109710693359375,0.0127105712890625,64798628,True
45660,45660,0.7019198732441669,45660,45660,-1,False,10.00818213896329,0.48509259413257616,3.055572509765625,9.280543247764426,12.257374610489656,12.242444799758244,0.3113762,-0.15119303949025292,-0.0035665739808435496,,0.0,0.0,77856952.0,,-2.116884741321343,0.008347373825280998,46.863018,1.6708304,0.00946044921875,0.0132904052734375,65619990,True
1370726,1370726,0.6299987347079491,1370726,1370726,-1,False,9.052533386044136,0.31705897774651837,2.0751953125,8.576944919424358,11.630322559770333,11.675111991964569,0.22242007,-0.4089241531600624,-0.2234254255825499,,0.0,0.0,133596.21875,,-3.926739219815157,0.03355290397131103,27.336021,1.4367354,0.00522613525390625,0.0080108642578125,64798628,True
5359757,5359757,0.6435201695617346,5359757,5359757,-1,False,9.34166415840841,-0.1730272541375117,0.67138671875,9.601205039614678,11.272007102216433,11.301866723679256,0.25421974,-0.14840013930608278,-0.1497943442976881,,0.0,0.0,251703.015625,,-3.9407757395964333,0.0,26.863033,1.4291551,0.009521484375,0.009490966796875,66371631,True
2677265,2677265,0.6818709786351004,2677265,2677265,-1,False,10.268692152898442,0.347872925160738,2.227783203125,9.746882765157334,11.49595426318762,11.525813884650445,0.34660867,-0.12867154771343287,-0.033494183394438624,,0.0,0.0,48117276.0,,-2.586391119676487,0.1095197273237674,62.37424,1.7950053,0.0099639892578125,0.0124053955078125,66629641,True
1404994,1404994,0.6032449223369113,1404994,1404994,-1,False,10.715393272592095,0.7000554432721005,5.01251220703125,9.665310107683945,11.49595426318762,11.49595426318762,0.25117305,-0.10599629075299548,0.013063850216696517,,0.0,303802260.086727,303802260.086727,-2.2328022721912553,-2.2328022721912553,0.5038464491294496,118.8569,2.0750246,0.010498046875,0.0138092041015625,66629641,True
340024,340024,0.6532958707570389,340024,340024,-1,False,10.264562538753905,0.7040036021170928,5.05828857421875,9.208557135578266,11.510884073919032,11.466094641724794,0.2883197,-0.1470103957780771,-0.020859270995246763,,0.0,104470154.698498,104470154.698498,-2.2455703009483203,-2.2455703009483203,0.05391241355079124,60.63741,1.7827407,0.009552001953125,0.0127716064453125,66785159,True
153297,153297,0.6759685572376042,153297,153297,-1,False,10.206965584510954,0.6376023401073908,4.34112548828125,9.250562074349867,12.003567828055646,11.809480288547281,0.35178646,-0.24244866289598027,-0.06049137041281683,-11.291248492665016,5.113891474695104e-12,112705758.13458396,112705758.13458396,-2.155019479802968,-2.155019479802968,0.30224959312189803,82.56016,1.9167706,0.00766754150390625,0.01165771484375,66829857,True
302055,302055,0.6525797723623922,302055,302055,-1,False,10.137466960980852,0.2595229830226837,1.8177032470703125,9.748182486446826,11.421305209530558,11.286936912947844,0.26896676,-0.126019359428726,-0.007070986509613475,,0.0,0.0,43160660.0,,-2.5023788838169096,0.28681820748777215,65.28539,1.814816,0.0100250244140625,0.01318359375,68503448,True
756488,756488,0.6093760444754209,756488,756488,-1,False,10.494088410939002,0.5801552363599942,3.803253173828125,9.623855556399011,11.525813884650445,10.002973190046369,0.2550492,-0.15119303949025292,0.0318470795207562,-10.758521434625612,1.7437272935952833e-11,117281093.37685394,117281093.37685394,-2.42486040482441,-2.42486040482441,0.17202217045230692,64.58505,1.810132,0.00946044921875,0.0144195556640625,67401523,True
7139,7139,0.6351547256914025,7139,7139,-1,False,9.980707715989542,0.3257530611710147,2.117156982421875,9.49207812423302,11.630322559770333,11.630322559770333,0.19966215,-0.16615790659919538,-0.05037797592865879,,0.0,18835130.080678105,18835130.080678105,-2.7057390920806976,-2.7057390920806976,0.03259171472099381,56.30981,1.7505841,0.0091400146484375,0.011932373046875,67793568,True
710029,710029,0.6409975243643615,710029,710029,-1,False,9.411907316668252,-0.03652287937679313,0.919342041015625,9.466691635733442,11.316796534410669,11.346656155873495,0.15676028,0.08090093871066019,0.10095503140390416,,0.0,0.0,5661977.5,,-2.6589391774684255,0.0011831192244413436,29.981216,1.4768493,0.016143798828125,0.01690673828125,68159760,True
312471,312471,0.6396887980419201,312471,312471,-1,False,10.472926288395582,0.5438294137183596,3.498077392578125,9.657182167818043,12.048357260249881,11.97370820659282,0.30494827,-0.14081100369653107,0.015933647984491456,,0.0,375177489.86613876,375177489.86613876,-1.8986895149790433,-1.8986895149790433,0.010603466353886313,79.75857,1.9017774,0.0096893310546875,0.0139007568359375,69852099,True
61324,61324,0.6857308731377393,61324,61324,-1,False,10.014787505561817,0.21137911355188033,1.6269683837890625,9.697718835233996,11.61539274903892,11.630322559770333,0.29570037,0.04139239742698654,0.0825397877569435,,0.0,0.0,63749668.0,,-2.210309578199251,0.004232663221821186,70.81728,1.8501393,0.014739990234375,0.016204833984375,70877032,True
729799,729799,0.6075354512707395,729799,729799,-1,False,9.91530921492179,0.2144232462155996,1.6384124755859375,9.59367434559839,11.346656155873495,11.421305209530558,0.17640755,-0.06968313112404544,0.05598075923747555,,0.0,0.0,8769392.0,,-2.972339731042452,0.0035573244323629212,54.615425,1.7373153,0.01141357421875,0.0152435302734375,70877032,True
1461168,1461168,0.6945604186490201,1461168,1461168,-1,False,9.036756507681227,-0.08559676182596915,0.8211135864257812,9.165151650420182,11.899059152935756,11.913988963667169,0.3368721,-0.011110964311353548,-0.00406547636988823,,0.0,0.0,91049168.0,,-1.0774805260803244,0.0031373592483852734,20.318089,1.3078829,0.0130615234375,0.013275146484375,70877032,True
784221,784221,0.6924446016169572,784221,784221,-1,False,9.20564754258304,-0.1490269777337452,0.70953369140625,9.429188009183658,11.675111991964569,11.660182181233155,0.32818115,-0.05093369511120646,-0.02977087660479009,,0.0,0.0,44457008.0,,-1.5577073116787867,0.0050034200153102,22.956089,1.360898,0.0119171142578125,0.01251220703125,71637555,True
72514,72514,0.7358321961981545,72514,72514,-1,False,9.18882535898644,-0.25048461849252224,0.5617141723632812,9.564552286725224,12.346953474878132,12.361883285609546,0.38680854,-0.27010303191515955,-0.2641568323763879,,0.0,0.0,232936.984375,,-3.821586910233693,0.008348153668084623,22.896284,1.359765,0.00719451904296875,0.007293701171875,71924175,True
801128,801128,0.6113815652993632,801128,801128,-1,False,9.743064699189954,0.002240697596903899,1.0051727294921875,9.7397036527946,10.719604105154168,10.764393537348408,0.21607202,0.11102832556838102,0.14419668882103565,,0.0,0.0,9188798.0,,-2.779805994779793,0.000372586197169294,38.35129,1.58378,0.017303466796875,0.0186767578125,71924175,True
493,493,0.6155267517220521,493,493,-1,False,10.042560083780467,0.25906703076883164,1.8157958984375,9.65395953762722,11.331726345142082,11.391445588067732,0.14595607,0.04408153593776778,0.13848220529660626,,0.0,0.0,33285564.0,,-2.5203041636220367,0.0019627851196169347,52.357216,1.7189766,0.01483154296875,0.0184326171875,72648696,True
4206505,4206505,0.6274229961541008,4206505,4206505,-1,False,9.982476738728389,0.15549134577605733,1.430511474609375,9.749239720064303,11.122708994902307,11.182428237827958,0.24966285,-0.062200072217933944,0.02722688188401102,,0.0,17367210.02378315,17367210.02378315,-2.742746682434174,-2.742746682434174,0.005146626657161205,53.85817,1.7312516,0.0116119384765625,0.0142669677734375,73093685,True
385504,385504,0.6768635965721616,385504,385504,-1,False,10.005678993809486,0.340371970446312,2.18963623046875,9.495121038140018,11.660182181233155,11.704971613427395,0.2630288,-0.10662799192895635,-0.037249687183416105,,0.0,0.0,39119116.0,,-2.413289961616718,0.02928772351452012,51.798748,1.7143192,0.0104827880859375,0.012298583984375,73320576,True
1572882,1572882,0.6322436242658837,1572882,1572882,-1,False,9.895277520664916,0.15024829036368545,1.4133453369140625,9.669905085119387,11.346656155873495,11.406375398799145,0.2220295,-0.09355147129873773,-0.008581577534852005,,0.0,0.0,15880226.0,,-2.6944208418525224,0.0028094625360254775,52.609657,1.7210655,0.01080322265625,0.0131378173828125,73320576,True
3055207,3055207,0.6136808702168888,3055207,3055207,-1,True,10.26317722822714,0.6866295060476701,4.85992431640625,9.233232969155633,11.510884073919032,9.973113568583546,0.23275149,-0.18165689056797768,-0.06968313112404544,-10.952221812825615,1.1162929634468627e-11,76636865.30802225,76636865.30802225,-2.3787394958214527,-2.3787394958214527,0.04644911800794539,47.361374,1.6754245,0.008819580078125,0.01141357421875,73411341,True
7317,7317,0.6192068633432238,7317,7317,-1,True,10.350453524022983,0.6642454483647886,4.61578369140625,9.354085351475801,11.97370820659282,11.749761045621632,0.32996508,-0.24288101184348743,-0.14840013930608278,,0.0,172642649.80832076,172642649.80832076,-2.1133054308575705,-2.1133054308575705,0.25600597156191574,64.187325,1.8074493,0.007659912109375,0.009521484375,73503539,True
735322,735322,0.6212170663676969,735322,735322,-1,False,9.550583023946103,0.30573594764912754,2.02178955078125,9.091979102472411,11.570603316844682,11.570603316844682,0.24018213,-0.11043761707572164,-0.06794479198433839,,0.0,0.0,34086248.0,,-2.018003824494093,0.000887527442153814,32.090725,1.5063796,0.0103912353515625,0.0114593505859375,73667903,True
378098,378098,0.670042916486978,378098,378098,-1,False,10.261787484699134,0.3794197217855346,2.3956298828125,9.692657902020832,11.749761045621632,11.764690856353045,0.27531183,-0.07201179344262804,0.024430985005135,,0.0,0.0,46973440.0,,-2.589935118718302,0.009680869612713906,57.491337,1.7596024,0.0113525390625,0.0141754150390625,74586872,True
378100,378100,0.6586082152445699,378100,378100,-1,False,9.957964588850983,0.14907452077918304,1.4095306396484375,9.734352807682209,11.242147480753607,11.301866723679256,0.28112173,-0.10222525853365186,0.030926963748821628,,0.0,16966868.19008453,16966868.19008453,-2.7283629028848533,-2.7283629028848533,0.018537804792463693,54.032063,1.7326516,0.010589599609375,0.0143890380859375,74643768,True
70751,70751,0.6071907853023358,70751,70751,-1,False,9.85220916861502,0.11675419809110898,1.308441162109375,9.677077871478357,11.048059941245246,10.913691644662533,0.23386386,0.05554581229886435,0.08983902649844296,,0.0,0.0,65503548.0,,-2.0359443444233873,0.0013481877003949927,54.01697,1.7325302,0.015228271484375,0.0164794921875,74740157,True
813650,813650,0.6314186999791817,813650,813650,-1,True,10.333480709354209,0.42344488263845237,2.651214599609375,9.698313385396531,11.61539274903892,11.451164830993381,0.2386696,-0.12933713325658658,-0.041037949674515364,-12.119689453743709,7.591201968685131e-13,72519063.58997926,72519063.58997926,-2.4730285217676156,-2.4730285217676156,0.105804192947798,63.442184,1.8023782,0.00994873046875,0.0121917724609375,75079049,True
383198,383198,0.6782191570767805,383198,383198,-1,False,10.160915541240055,0.5052220388770388,3.200531005859375,9.403082482924496,11.794550477815868,11.809480288547281,0.26274183,-0.126019359428726,-0.045408245490830224,,0.0,0.0,52616356.0,,-2.439794773961143,0.01731937856137627,49.622524,1.6956788,0.0100250244140625,0.0120697021484375,76302309,True
75729,75729,0.6087235204754728,75729,75729,-1,False,9.954212561350676,0.1736368354442053,1.491546630859375,9.693757308184368,11.391445588067732,11.436235020261968,0.1836141,-0.0587893650395258,0.043187005277738055,,0.0,0.0,14869839.0,,-2.7819062950338407,0.0021504996268284604,45.53463,1.6583419,0.0117034912109375,0.014801025390625,76458887,True
1634879,1634879,0.6150355742763886,1634879,1634879,-1,False,9.778356756072464,0.17860656588203386,1.5087127685546875,9.510446907249413,11.272007102216433,11.331726345142082,0.1095692,0.059875803120999736,0.1491359156955924,,0.0,0.0,16337759.0,,-2.56516427062515,0.0026330060810962385,41.570454,1.6187849,0.015380859375,0.018890380859375,76458887,True
6354,6354,0.6592064537916286,6354,6354,-1,False,10.263639489560727,0.487255958416207,3.070831298828125,9.532755551936416,11.675111991964569,11.630322559770333,0.24532485,-0.14424417953492505,-0.05935595935590283,,0.0,52616355.28610483,52616355.28610483,-2.5425187281742927,-2.5425187281742927,0.05892751284548473,56.229424,1.7499636,0.009613037109375,0.011688232421875,78234618,True
6474,6474,0.7317893798447779,6474,6474,-1,False,10.24523642694009,0.49791402659826356,3.147125244140625,9.498365387042695,12.302164042683893,12.287234231952482,0.3369502,-0.14286765070612176,-0.062200072217933944,,0.0,89219037.22426471,89219037.22426471,-2.2947788945447507,-2.2947788945447507,0.0645168616770512,57.521114,1.7598274,0.0096435546875,0.0116119384765625,78342620,True
65193,65193,0.6515945956376892,65193,65193,-1,False,9.586628128130743,0.9278130524989772,8.4686279296875,8.194908549382276,11.003270509051006,11.033130130513833,0.2977007,-0.19539670198230635,-0.09355147129873773,,0.0,0.0,727173248.0,,-0.7249902348966021,0.17269567488341744,26.20428,1.4183724,0.008544921875,0.01080322265625,78342620,True
748385,748385,0.6827276342244004,748385,748385,-1,False,9.100071350596297,-0.1620627157099848,0.6885528564453125,9.343165424161274,11.49595426318762,11.525813884650445,0.22921038,0.03505221939596761,0.05641527101149324,,0.0,0.0,56447.0078125,,-4.348430425149511,0.0008337471571203283,19.967949,1.3003335,0.0145263671875,0.0152587890625,79533518,True
386766,386766,0.6696043343421879,386766,386766,-1,True,10.135609675975285,0.600991762579594,3.99017333984375,9.234122032105894,12.093146692444119,11.824410099278694,0.3141159,-0.2850963476794897,-0.14218101897115165,-11.618148328534597,2.4090824923618186e-12,70765185.08044243,70765185.08044243,-2.285790029107244,-2.285790029107244,0.24070316720565207,65.09712,1.8135618,0.00695037841796875,0.0096588134765625,81501862,True
160741,160741,0.6064768012123853,160741,160741,-1,False,10.263639489560727,0.8741590810922681,7.48443603515625,8.952400867922325,11.630322559770333,11.49595426318762,0.28878534,-0.25650188438413607,-0.18090616526107053,,0.0,137870101.96706888,137870101.96706888,-2.124169392772204,-2.124169392772204,0.16423098593305652,85.84213,1.9337006,0.00742340087890625,0.0088348388671875,81890631,True
162923,162923,0.6786396658303682,162923,162923,-1,False,9.003371700625486,-0.160861347082477,0.690460205078125,9.244663721249202,11.451164830993381,11.466094641724794,0.21746814,0.00237597458906185,0.010657780450818069,,0.0,0.0,183490.0,,-3.739759299956504,0.0,19.699066,1.2944458,0.0134735107421875,0.01373291015625,82015537,True
481,481,0.6486001002007352,481,481,-1,False,10.100744153956112,0.6886700476962069,4.8828125,9.067739082411801,12.018497638787055,11.988638017324233,0.30233112,-0.3945814669627189,-0.29963881624044003,,0.0,0.0,110570600.0,,-2.057104487702764,0.34844986779617554,76.34049,1.882755,0.005401611328125,0.00672149658203125,84415698,True
66394,66394,0.6451765239791749,66394,66394,-1,False,10.452478252325102,0.49155062364240665,3.101348876953125,9.715152316861491,11.630322559770333,11.660182181233155,0.22039899,-0.06162975764890627,0.035508171649819675,,0.0,0.0,59326844.0,,-2.6792270064626353,0.014708101400665726,74.3636,1.8713604,0.011627197265625,0.0145416259765625,84415698,True
4153000,4153000,0.6582156716889987,4153000,4153000,-1,False,9.614279219257808,0.26675385943512264,1.8482208251953125,9.214148430105125,11.436235020261968,11.49595426318762,0.26957837,-0.24504923642650564,-0.04760999662944222,,0.0,0.0,98447.15625,,-4.621076043656909,0.0035935834577542182,37.907455,1.5787247,0.00762176513671875,0.0120086669921875,84415698,True
4285578,4285578,0.6509201777154335,4285578,4285578,-1,False,9.203662948960867,0.09733392176001757,1.251220703125,9.057662066320841,11.451164830993381,11.49595426318762,0.24355224,-0.2184902079070377,-0.13604970091965346,,0.0,0.0,109170.59375,,-4.165557276635666,0.0013478858315649973,24.663723,1.3920587,0.0081024169921875,0.009796142578125,85104252,True
75687,75687,0.664511922614747,75687,75687,-1,False,10.234006151867131,0.341127922737969,2.193450927734375,9.722314267760177,11.704971613427395,11.645252370501746,0.24426883,-0.10916402530697422,-0.01930544292662509,,0.0,49032342.67966001,49032342.67966001,-2.54352350829373,-2.54352350829373,0.05403761467605857,64.05605,1.8065602,0.0104217529296875,0.0128173828125,86337728,True
6453,6453,0.6856859741322712,6453,6453,-1,False,9.090282819542013,-0.021904754967968183,0.9508132934570312,9.123139951993965,11.675111991964569,11.704971613427395,0.20931569,-0.037788848620638235,0.0018838561433129942,,0.0,0.0,183192.125,,-3.827376019110588,0.0025956729758214976,22.914171,1.3601042,0.0122833251953125,0.013458251953125,86633214,True
767647,767647,0.6636620526642281,767647,767647,-1,True,10.081500111049843,0.5154532418795807,3.276824951171875,9.308320248230473,12.063287070981294,11.540743695381856,0.2658646,-0.19230562500516446,-0.1194588950719578,-12.566678859775363,2.712196431530222e-13,46363397.12166918,46363397.12166918,-2.4153248611279303,-2.4153248611279303,0.05344150444619969,57.28024,1.7580049,0.00860595703125,0.0101776123046875,89202959,True
7274,7274,0.6222500583236344,7274,7274,-1,True,10.639205826226569,0.867467200127813,7.3699951171875,9.33800502603485,11.764690856353045,10.570305997840045,0.33851507,-0.2705638218596106,-0.06334295309302641,-11.230934072059698,5.875785429399043e-12,699111225.0188537,699111225.0188537,-1.794659550954076,-1.794659550954076,0.49784165501273264,106.95745,2.0292113,0.0071868896484375,0.0115814208984375,89563073,True
