Quantity,Tail,HaloCatalogueIndex,TrackId_sample,TrackId_SOAP,Value,Percentile
DoR,bottom,154378,154378,154378,0.6000143242723192,0.003745318352059925
DoR,bottom,4323,4323,4323,0.6001028217200032,0.00749063670411985
DoR,bottom,4679778,4679778,4679778,0.6001942545673514,0.011235955056179775
DoR,bottom,29113,29113,29113,0.6004966686491379,0.0149812734082397
DoR,bottom,141036,141036,141036,0.6006012868655463,0.018726591760299626
DoR,bottom,8002,8002,8002,0.6010852373195695,0.02247191011235955
DoR,bottom,6098149,6098149,6098149,0.6011218372668866,0.026217228464419477
DoR,bottom,1648535,1648535,1648535,0.6011675726480279,0.0299625468164794
DoR,bottom,775921,775921,775921,0.6014065745857468,0.033707865168539325
DoR,bottom,75753,75753,75753,0.6016829810267675,0.03745318352059925
DoR,bottom,884010,884010,884010,0.6028653478303433,0.04119850187265917
DoR,bottom,171276,171276,171276,0.602874772643495,0.0449438202247191
DoR,bottom,5807583,5807583,5807583,0.603265189731833,0.04868913857677903
DoR,bottom,590734,590734,590734,0.6033133299434295,0.052434456928838954
DoR,top,190293,190293,190293,0.7092008799549306,0.951310861423221
DoR,top,284458,284458,284458,0.7116675477635107,0.9550561797752809
DoR,top,682377,682377,682377,0.7124545366045215,0.9588014981273408
DoR,top,553,553,553,0.7124777848063014,0.9625468164794008
DoR,top,100221,100221,100221,0.7144579189526166,0.9662921348314607
DoR,top,50269,50269,50269,0.7151884979919824,0.9700374531835206
DoR,top,6334,6334,6334,0.7161295565286975,0.9737827715355806
DoR,top,18005,18005,18005,0.7227492410942181,0.9775280898876404
DoR,top,7997,7997,7997,0.7331995762812181,0.9812734082397003
DoR,top,59531,59531,59531,0.7344147424352562,0.9850187265917603
DoR,top,171673,171673,171673,0.734682944021175,0.9887640449438202
DoR,top,1782066,1782066,1782066,0.7404743771822154,0.9925093632958801
DoR,top,1317,1317,1317,0.7586374718540401,0.9962546816479401
DoR,top,18408,18408,18408,0.7739284345876163,1.0
MgFe,bottom,139676,139676,139676,0.15853179,0.003745318352059925
MgFe,bottom,1109054,1109054,1109054,0.16318366,0.00749063670411985
MgFe,bottom,80976,80976,80976,0.16668242,0.011235955056179775
MgFe,bottom,4323,4323,4323,0.17164007,0.0149812734082397
MgFe,bottom,3299260,3299260,3299260,0.17246589,0.018726591760299626
MgFe,bottom,246865,246865,246865,0.17620641,0.02247191011235955
MgFe,bottom,49186,49186,49186,0.17795151,0.026217228464419477
MgFe,bottom,17910,17910,17910,0.17963186,0.0299625468164794
MgFe,bottom,65590,65590,65590,0.18990204,0.033707865168539325
MgFe,bottom,808565,808565,808565,0.19897339,0.03745318352059925
MgFe,bottom,74170,74170,74170,0.20341301,0.04119850187265917
MgFe,bottom,798108,798108,798108,0.20472619,0.0449438202247191
MgFe,bottom,9659,9659,9659,0.20473245,0.04868913857677903
MgFe,bottom,413656,413656,413656,0.20492071,0.052434456928838954
MgFe,top,218313,218313,218313,0.32596877,0.949438202247191
MgFe,top,18408,18408,18408,0.32679206,0.9550561797752809
MgFe,top,2022282,2022282,2022282,0.32774502,0.9588014981273408
MgFe,top,460550,460550,460550,0.32811344,0.9625468164794008
MgFe,top,74285,74285,74285,0.32939854,0.9662921348314607
MgFe,top,48958,48958,48958,0.3313638,0.9700374531835206
MgFe,top,789267,789267,789267,0.33198464,0.9737827715355806
MgFe,top,1451575,1451575,1451575,0.33212906,0.9775280898876404
MgFe,top,112637,112637,112637,0.3348521,0.9812734082397003
MgFe,top,1782066,1782066,1782066,0.3384374,0.9850187265917603
MgFe,top,171673,171673,171673,0.3424063,0.9887640449438202
MgFe,top,682377,682377,682377,0.36531448,0.9925093632958801
MgFe,top,7997,7997,7997,0.36974767,0.9962546816479401
MgFe,top,3786109,3786109,3786109,0.513038,1.0
age_lum_gyr,bottom,141036,141036,141036,8.644360413487833,0.003745318352059925
age_lum_gyr,bottom,8002,8002,8002,8.793658520801959,0.00749063670411985
age_lum_gyr,bottom,308423,308423,308423,8.808588331533372,0.011235955056179775
age_lum_gyr,bottom,1125165,1125165,1125165,8.883237385190434,0.0149812734082397
age_lum_gyr,bottom,3198019,3198019,3198019,8.972816249578909,0.018726591760299626
age_lum_gyr,bottom,53300,53300,53300,9.450570192984108,0.02247191011235955
age_lum_gyr,bottom,215760,215760,215760,9.614798111029646,0.026217228464419477
age_lum_gyr,bottom,6818,6818,6818,9.82381546126942,0.0299625468164794
age_lum_gyr,bottom,10223610,10223610,10223610,10.211990540286145,0.033707865168539325
age_lum_gyr,bottom,126915,126915,126915,10.226920351017558,0.03745318352059925
age_lum_gyr,bottom,133204,133204,133204,10.34635883686886,0.04119850187265917
age_lum_gyr,bottom,2687587,2687587,2687587,10.406078079794508,0.0449438202247191
age_lum_gyr,bottom,775921,775921,775921,10.465797322720158,0.04868913857677903
age_lum_gyr,bottom,152636,152636,152636,10.54044637637722,0.052434456928838954
age_lum_gyr,top,284458,284458,284458,12.09314669244412,0.951310861423221
age_lum_gyr,top,64105,64105,64105,12.108076503175532,0.9569288389513109
age_lum_gyr,top,190293,190293,190293,12.108076503175532,0.9569288389513109
age_lum_gyr,top,100221,100221,100221,12.123006313906943,0.9625468164794008
age_lum_gyr,top,682377,682377,682377,12.152865935369768,0.9662921348314607
age_lum_gyr,top,6334,6334,6334,12.16779574610118,0.9700374531835206
age_lum_gyr,top,553,553,553,12.242444799758244,0.9775280898876404
age_lum_gyr,top,18028,18028,18028,12.242444799758244,0.9775280898876404
age_lum_gyr,top,50269,50269,50269,12.242444799758244,0.9775280898876404
age_lum_gyr,top,171673,171673,171673,12.302164042683891,0.9850187265917603
age_lum_gyr,top,552,552,552,12.346953474878132,0.9887640449438202
age_lum_gyr,top,1782066,1782066,1782066,12.45146214999802,0.9925093632958801
age_lum_gyr,top,1317,1317,1317,12.57090063584932,0.9962546816479401
age_lum_gyr,top,18408,18408,18408,12.660479500237791,1.0
age_mass_gyr,bottom,141036,141036,141036,10.600165619302867,0.003745318352059925
age_mass_gyr,bottom,308423,308423,308423,10.70467429442276,0.00749063670411985
age_mass_gyr,bottom,8002,8002,8002,10.794253158811232,0.013108614232209739
age_mass_gyr,bottom,43678,43678,43678,10.794253158811232,0.013108614232209739
age_mass_gyr,bottom,75441,75441,75441,10.824112780274058,0.018726591760299626
age_mass_gyr,bottom,3198019,3198019,3198019,10.83904259100547,0.02247191011235955
age_mass_gyr,bottom,805018,805018,805018,10.85397240173688,0.026217228464419477
age_mass_gyr,bottom,690249,690249,690249,10.928621455393944,0.0299625468164794
age_mass_gyr,bottom,1125165,1125165,1125165,10.973410887588182,0.035580524344569285
age_mass_gyr,bottom,4679778,4679778,4679778,10.973410887588182,0.035580524344569285
age_mass_gyr,bottom,140928,140928,140928,11.003270509051006,0.04681647940074907
age_mass_gyr,bottom,239461,239461,239461,11.003270509051006,0.04681647940074907
age_mass_gyr,bottom,435755,435755,435755,11.003270509051006,0.04681647940074907
age_mass_gyr,bottom,1542414,1542414,1542414,11.003270509051006,0.04681647940074907
age_mass_gyr,top,100221,100221,100221,12.123006313906943,0.951310861423221
age_mass_gyr,top,7997,7997,7997,12.137936124638356,0.9550561797752809
age_mass_gyr,top,6334,6334,6334,12.152865935369768,0.9588014981273408
age_mass_gyr,top,1451575,1451575,1451575,12.16779574610118,0.9625468164794008
age_mass_gyr,top,682377,682377,682377,12.197655367564009,0.9662921348314607
age_mass_gyr,top,553,553,553,12.242444799758244,0.9700374531835206
age_mass_gyr,top,18028,18028,18028,12.302164042683891,0.9756554307116105
age_mass_gyr,top,171673,171673,171673,12.302164042683891,0.9756554307116105
age_mass_gyr,top,50269,50269,50269,12.361883285609546,0.9812734082397003
age_mass_gyr,top,59531,59531,59531,12.391742907072368,0.9850187265917603
age_mass_gyr,top,552,552,552,12.40667271780378,0.9887640449438202
age_mass_gyr,top,1782066,1782066,1782066,12.436532339266607,0.9925093632958801
age_mass_gyr,top,1317,1317,1317,12.555970825117909,0.9962546816479401
age_mass_gyr,top,18408,18408,18408,12.675409310969206,1.0
bh_mass_corr,bottom,3786109,3786109,3786109,0.0,0.003745318352059925
bh_mass_corr,bottom,229037,229037,229037,29973.50968446727,0.00749063670411985
bh_mass_corr,bottom,23874,23874,23874,29973.509765625,0.011235955056179775
bh_mass_corr,bottom,189716,189716,189716,30047.9765625,0.0149812734082397
bh_mass_corr,bottom,325018,325018,325018,30159.6796875,0.018726591760299626
bh_mass_corr,bottom,1109054,1109054,1109054,31835.216796875,0.02247191011235955
bh_mass_corr,bottom,139676,139676,139676,33473.51953125,0.026217228464419477
bh_mass_corr,bottom,17910,17910,17910,243362.546875,0.0299625468164794
bh_mass_corr,bottom,789267,789267,789267,440852.59375,0.033707865168539325
bh_mass_corr,bottom,759540,759540,759540,1458388.125,0.03745318352059925
bh_mass_corr,bottom,3299260,3299260,3299260,2216178.0,0.04119850187265917
bh_mass_corr,bottom,80976,80976,80976,5423678.5,0.0449438202247191
bh_mass_corr,bottom,1870301,1870301,1870301,7320536.0,0.04868913857677903
bh_mass_corr,bottom,246865,246865,246865,7444451.5,0.052434456928838954
bh_mass_corr,top,29113,29113,29113,757675520.0,0.951310861423221
bh_mass_corr,top,40638,40638,40638,877244277.1178985,0.9550561797752809
bh_mass_corr,top,15398,15398,15398,978511680.0,0.9588014981273408
bh_mass_corr,top,1095974,1095974,1095974,1028535360.0,0.9625468164794008
bh_mass_corr,top,3586,3586,3586,1060257686.8086978,0.9662921348314607
bh_mass_corr,top,1685,1685,1685,1142003712.0,0.9700374531835206
bh_mass_corr,top,1451575,1451575,1451575,1176166179.612871,0.9737827715355806
bh_mass_corr,top,1107677,1107677,1107677,1525111680.0,0.9775280898876404
bh_mass_corr,top,107,107,107,1695924224.0,0.9812734082397003
bh_mass_corr,top,3173,3173,3173,1842334976.0,0.9850187265917603
bh_mass_corr,top,245505,245505,245505,1964343930.681247,0.9887640449438202
bh_mass_corr,top,64391,64391,64391,2171759128.33082,0.9925093632958801
bh_mass_corr,top,32330,32330,32330,3299121732.026144,0.9962546816479401
bh_mass_corr,top,51474,51474,51474,5329350490.196078,1.0
compactness,bottom,29113,29113,29113,9.750230222291972,0.003745318352059925
compactness,bottom,83700,83700,83700,9.750512742427857,0.00749063670411985
compactness,bottom,3786109,3786109,3786109,9.751179726228656,0.011235955056179775
compactness,bottom,42536,42536,42536,9.75147022144262,0.0149812734082397
compactness,bottom,4191,4191,4191,9.751558897349756,0.018726591760299626
compactness,bottom,789289,789289,789289,9.75242640128063,0.02247191011235955
compactness,bottom,759540,759540,759540,9.752822141414198,0.026217228464419477
compactness,bottom,10223610,10223610,10223610,9.753272216249949,0.0299625468164794
compactness,bottom,1870301,1870301,1870301,9.753393108459496,0.033707865168539325
compactness,bottom,708413,708413,708413,9.755272290403246,0.03745318352059925
compactness,bottom,717639,717639,717639,9.755333571110809,0.04119850187265917
compactness,bottom,794862,794862,794862,9.757726070201434,0.0449438202247191
compactness,bottom,436157,436157,436157,9.758909008671663,0.04868913857677903
compactness,bottom,185825,185825,185825,9.759247494819522,0.052434456928838954
compactness,top,995106,995106,995106,10.29144226063457,0.951310861423221
compactness,top,3198019,3198019,3198019,10.30124791323478,0.9550561797752809
compactness,top,72033,72033,72033,10.3107263988039,0.9588014981273408
compactness,top,769618,769618,769618,10.321596458200776,0.9625468164794008
compactness,top,3028815,3028815,3028815,10.327384116820484,0.9662921348314607
compactness,top,809503,809503,809503,10.330284611683958,0.9700374531835206
compactness,top,308423,308423,308423,10.37368014755863,0.9737827715355806
compactness,top,104782,104782,104782,10.375774457016368,0.9775280898876404
compactness,top,761509,761509,761509,10.383801677236354,0.9812734082397003
compactness,top,75441,75441,75441,10.395025073011212,0.9850187265917603
compactness,top,2226,2226,2226,10.395796982185464,0.9887640449438202
compactness,top,682784,682784,682784,10.423267160805915,0.9925093632958801
compactness,top,61127,61127,61127,10.427274689029693,0.9962546816479401
compactness,top,141036,141036,141036,10.467512227125775,1.0
exsitu_frac,bottom,17910,17910,17910,0.0,0.013108614232209739
exsitu_frac,bottom,139676,139676,139676,0.0,0.013108614232209739
exsitu_frac,bottom,189629,189629,189629,0.0,0.013108614232209739
exsitu_frac,bottom,218313,218313,218313,0.0,0.013108614232209739
exsitu_frac,bottom,246865,246865,246865,0.0,0.013108614232209739
exsitu_frac,bottom,325018,325018,325018,0.0,0.013108614232209739
exsitu_frac,bottom,171673,171673,171673,0.0001740359682173,0.026217228464419477
exsitu_frac,bottom,112514,112514,112514,0.0002115120941523,0.0299625468164794
exsitu_frac,bottom,789267,789267,789267,0.000310851147956,0.033707865168539325
exsitu_frac,bottom,18005,18005,18005,0.0003638208047919,0.03745318352059925
exsitu_frac,bottom,83700,83700,83700,0.0003772384886386,0.04119850187265917
exsitu_frac,bottom,1870301,1870301,1870301,0.0007592361025168,0.0449438202247191
exsitu_frac,bottom,1896059,1896059,1896059,0.0010968893658698,0.04868913857677903
exsitu_frac,bottom,189514,189514,189514,0.00111495214864,0.052434456928838954
exsitu_frac,top,304,304,304,0.590490519874479,0.951310861423221
exsitu_frac,top,5612,5612,5612,0.6171052884799161,0.9550561797752809
exsitu_frac,top,245505,245505,245505,0.6480011016664744,0.9588014981273408
exsitu_frac,top,553,553,553,0.6524647899751719,0.9625468164794008
exsitu_frac,top,3859,3859,3859,0.663846007295756,0.9662921348314607
exsitu_frac,top,51474,51474,51474,0.6804681895289981,0.9700374531835206
exsitu_frac,top,23328,23328,23328,0.696472891649774,0.9737827715355806
exsitu_frac,top,11322651,11322651,11322651,0.699667513839768,0.9775280898876404
exsitu_frac,top,1685,1685,1685,0.700238967527253,0.9812734082397003
exsitu_frac,top,40638,40638,40638,0.7382658268391085,0.9850187265917603
exsitu_frac,top,436157,436157,436157,0.7425718400904932,0.9887640449438202
exsitu_frac,top,1172843,1172843,1172843,0.7490201964379777,0.9925093632958801
exsitu_frac,top,3173,3173,3173,0.7520847952103176,0.9962546816479401
exsitu_frac,top,44523,44523,44523,0.8266702284130598,1.0
fexsitu_limited,bottom,20315,20315,20315,0.0,0.14942528735632185
fexsitu_limited,bottom,56230,56230,56230,0.0,0.14942528735632185
fexsitu_limited,bottom,100221,100221,100221,0.0,0.14942528735632185
fexsitu_limited,bottom,190293,190293,190293,0.0,0.14942528735632185
fexsitu_limited,bottom,229539,229539,229539,0.0,0.14942528735632185
fexsitu_limited,bottom,252431,252431,252431,0.0,0.14942528735632185
fexsitu_limited,bottom,258026,258026,258026,0.0,0.14942528735632185
fexsitu_limited,bottom,682377,682377,682377,0.0,0.14942528735632185
fexsitu_limited,bottom,789267,789267,789267,0.0,0.14942528735632185
fexsitu_limited,bottom,798108,798108,798108,0.0,0.14942528735632185
fexsitu_limited,bottom,964959,964959,964959,0.0,0.14942528735632185
fexsitu_limited,bottom,1703813,1703813,1703813,0.0,0.14942528735632185
fexsitu_limited,bottom,1896059,1896059,1896059,0.0,0.14942528735632185
fexsitu_limited,bottom,10571683,10571683,10571683,0.0,0.14942528735632185
fexsitu_limited,top,1172843,1172843,1172843,0.4573902287173752,0.9501915708812261
fexsitu_limited,top,75441,75441,75441,0.488951337247867,0.9540229885057471
fexsitu_limited,top,29113,29113,29113,0.4924974049642247,0.9578544061302682
fexsitu_limited,top,1350,1350,1350,0.4980069363749982,0.9616858237547893
fexsitu_limited,top,304,304,304,0.5413730704266418,0.9655172413793104
fexsitu_limited,top,51474,51474,51474,0.5550495810334972,0.9693486590038314
fexsitu_limited,top,1685,1685,1685,0.5573470020880938,0.9731800766283525
fexsitu_limited,top,5612,5612,5612,0.5610925051798543,0.9770114942528736
fexsitu_limited,top,11322651,11322651,11322651,0.584451022965461,0.9808429118773946
fexsitu_limited,top,40638,40638,40638,0.6102765927704279,0.9846743295019157
fexsitu_limited,top,3859,3859,3859,0.6146841635029476,0.9885057471264368
fexsitu_limited,top,44523,44523,44523,0.6532461282222337,0.9923371647509579
fexsitu_limited,top,436157,436157,436157,0.6693287401480746,0.9961685823754789
fexsitu_limited,top,3173,3173,3173,0.7025364707704734,1.0
logM,bottom,3786109,3786109,3786109,9.218651342836148,0.003745318352059925
logM,bottom,246865,246865,246865,9.46223808961426,0.00749063670411985
logM,bottom,325018,325018,325018,9.4636979043733,0.011235955056179775
logM,bottom,789267,789267,789267,9.504692944624848,0.0149812734082397
logM,bottom,17910,17910,17910,9.510619724001083,0.018726591760299626
logM,bottom,682377,682377,682377,9.545180535015948,0.02247191011235955
logM,bottom,218313,218313,218313,9.550583023946103,0.026217228464419477
logM,bottom,139676,139676,139676,9.578313365891256,0.0299625468164794
logM,bottom,189514,189514,189514,9.58717682622256,0.033707865168539325
logM,bottom,74285,74285,74285,9.618891239399764,0.03745318352059925
logM,bottom,80976,80976,80976,9.697051816394984,0.04119850187265917
logM,bottom,112514,112514,112514,9.708812927280771,0.0449438202247191
logM,bottom,18005,18005,18005,9.74459390669212,0.04868913857677903
logM,bottom,413656,413656,413656,9.761803347019969,0.052434456928838954
logM,top,64391,64391,64391,10.956280186680408,0.951310861423221
logM,top,702000,702000,702000,10.968847882693208,0.9550561797752809
logM,top,304,304,304,10.970302806941383,0.9588014981273408
logM,top,44523,44523,44523,10.974638561574103,0.9625468164794008
logM,top,1451575,1451575,1451575,11.00584631975334,0.9662921348314607
logM,top,69297,69297,69297,11.011827516566928,0.9700374531835206
logM,top,32330,32330,32330,11.032450713690228,0.9737827715355806
logM,top,1415,1415,1415,11.081218923288708,0.9775280898876404
logM,top,40638,40638,40638,11.116327080946231,0.9812734082397003
logM,top,1685,1685,1685,11.126075387630124,0.9850187265917603
logM,top,11322651,11322651,11322651,11.1473613146862,0.9887640449438202
logM,top,3173,3173,3173,11.276386993269425,0.9943820224719101
logM,top,245505,245505,245505,11.276386993269425,0.9943820224719101
logM,top,51474,51474,51474,11.344051032413851,1.0
logR,bottom,3786109,3786109,3786109,-0.3550189222616707,0.003745318352059925
logR,bottom,246865,246865,246865,-0.266251577568605,0.00749063670411985
logR,bottom,17910,17910,17910,-0.2534440471974434,0.011235955056179775
logR,bottom,325018,325018,325018,-0.2103673952845398,0.0149812734082397
logR,bottom,139676,139676,139676,-0.2096956326109235,0.018726591760299626
logR,bottom,789267,789267,789267,-0.1842757975728722,0.02247191011235955
logR,bottom,682377,682377,682377,-0.1669017015034495,0.026217228464419477
logR,bottom,218313,218313,218313,-0.1554959386384959,0.0299625468164794
logR,bottom,189514,189514,189514,-0.1229728219891824,0.033707865168539325
logR,bottom,74285,74285,74285,-0.1218747316901304,0.03745318352059925
logR,bottom,189629,189629,189629,-0.0881261486024706,0.04119850187265917
logR,bottom,18005,18005,18005,-0.0780958071115431,0.0449438202247191
logR,bottom,80976,80976,80976,-0.0761172411294552,0.04868913857677903
logR,bottom,112514,112514,112514,-0.0741476482665508,0.052434456928838954
logR,top,4107179,4107179,4107179,0.6322263892813808,0.951310861423221
logR,top,44523,44523,44523,0.6459180672752569,0.9550561797752809
logR,top,107,107,107,0.6642454483647886,0.9588014981273408
logR,top,1350,1350,1350,0.6920497883475875,0.9625468164794008
logR,top,145106,145106,145106,0.69339435438102,0.9662921348314607
logR,top,702000,702000,702000,0.7219681210865181,0.9700374531835206
logR,top,1107677,1107677,1107677,0.7306791907037183,0.9737827715355806
logR,top,304,304,304,0.7621592793443732,0.9775280898876404
logR,top,29113,29113,29113,0.7650146116672002,0.9812734082397003
logR,top,1172843,1172843,1172843,0.7941802324661809,0.9850187265917603
logR,top,40638,40638,40638,0.8057340923425962,0.9887640449438202
logR,top,245505,245505,245505,0.8656651457501326,0.9925093632958801
logR,top,3173,3173,3173,0.970980543894716,0.9962546816479401
logR,top,51474,51474,51474,1.0468429294967567,1.0
logZstar_loc,bottom,3786109,3786109,3786109,-0.3872822282212195,0.003745318352059925
logZstar_loc,bottom,218313,218313,218313,-0.1611121048222205,0.009363295880149813
logZstar_loc,bottom,789267,789267,789267,-0.1611121048222205,0.009363295880149813
logZstar_loc,bottom,682377,682377,682377,-0.1554163578473391,0.0149812734082397
logZstar_loc,bottom,42536,42536,42536,-0.0691029112890403,0.018726591760299626
logZstar_loc,bottom,19217,19217,19217,-0.0616297576489062,0.02247191011235955
logZstar_loc,bottom,237565,237565,237565,-0.0610601910336262,0.026217228464419477
logZstar_loc,bottom,1782066,1782066,1782066,-0.0426716612508377,0.0299625468164794
logZstar_loc,bottom,8002,8002,8002,-0.0415818376377773,0.033707865168539325
logZstar_loc,bottom,64105,64105,64105,-0.0404947419965631,0.03745318352059925
logZstar_loc,bottom,794862,794862,794862,-0.0329603240993055,0.04119850187265917
logZstar_loc,bottom,10223610,10223610,10223610,-0.0287129114484563,0.0449438202247191
logZstar_loc,bottom,50269,50269,50269,-0.0260792194359601,0.04868913857677903
logZstar_loc,bottom,717639,717639,717639,-0.0250301984382332,0.052434456928838954
logZstar_loc,top,189716,189716,189716,0.1574746259196087,0.949438202247191
logZstar_loc,top,3586,3586,3586,0.1615846990108248,0.9550561797752809
logZstar_loc,top,156087,156087,156087,0.1629461248338746,0.9588014981273408
logZstar_loc,top,17910,17910,17910,0.1643032961942918,0.9625468164794008
logZstar_loc,top,80976,80976,80976,0.1716928624073946,0.9662921348314607
logZstar_loc,top,104782,104782,104782,0.1756711602894299,0.9700374531835206
logZstar_loc,top,805018,805018,805018,0.1796133460434919,0.9737827715355806
logZstar_loc,top,139676,139676,139676,0.1815711005920234,0.9775280898876404
logZstar_loc,top,3028815,3028815,3028815,0.1969233140496728,0.9812734082397003
logZstar_loc,top,246865,246865,246865,0.2135697109177747,0.9850187265917603
logZstar_loc,top,39339,39339,39339,0.2243230810129733,0.9887640449438202
logZstar_loc,top,2604197,2604197,2604197,0.2249127545345259,0.9925093632958801
logZstar_loc,top,3299260,3299260,3299260,0.2444996447264314,0.9962546816479401
logZstar_loc,top,11322651,11322651,11322651,0.2806892853057509,1.0
logZstar_rel,bottom,3786109,3786109,3786109,-0.3951953108555885,0.003745318352059925
logZstar_rel,bottom,789267,789267,789267,-0.1930763341371605,0.00749063670411985
logZstar_rel,bottom,7997,7997,7997,-0.1705300356242441,0.011235955056179775
logZstar_rel,bottom,682377,682377,682377,-0.1683384692482703,0.0149812734082397
logZstar_rel,bottom,42536,42536,42536,-0.1676103978591376,0.018726591760299626
logZstar_rel,bottom,3843,3843,3843,-0.1575435187459525,0.02247191011235955
logZstar_rel,bottom,8002,8002,8002,-0.1554163578473391,0.026217228464419477
logZstar_rel,bottom,10223610,10223610,10223610,-0.1387640502673444,0.0299625468164794
logZstar_rel,bottom,218313,218313,218313,-0.1360497009196534,0.035580524344569285
logZstar_rel,bottom,1870301,1870301,1870301,-0.1360497009196534,0.035580524344569285
logZstar_rel,bottom,9952,9952,9952,-0.1320097231179134,0.04119850187265917
logZstar_rel,bottom,4191,4191,4191,-0.1313400321881375,0.0449438202247191
logZstar_rel,bottom,1970,1970,1970,-0.1240407934466381,0.04868913857677903
logZstar_rel,bottom,600989,600989,600989,-0.1233832695028665,0.052434456928838954
logZstar_rel,top,23328,23328,23328,0.0776045700814312,0.951310861423221
logZstar_rel,top,189716,189716,189716,0.0784310108292134,0.9569288389513109
logZstar_rel,top,761509,761509,761509,0.0784310108292134,0.9569288389513109
logZstar_rel,top,23874,23874,23874,0.0866100563682444,0.9644194756554307
logZstar_rel,top,80976,80976,80976,0.0866100563682444,0.9644194756554307
logZstar_rel,top,11322651,11322651,11322651,0.0906425317820438,0.9700374531835206
logZstar_rel,top,413656,413656,413656,0.0914445532138613,0.9737827715355806
logZstar_rel,top,884010,884010,884010,0.0922450962643214,0.9775280898876404
logZstar_rel,top,3299260,3299260,3299260,0.0930441663736543,0.9812734082397003
logZstar_rel,top,805018,805018,805018,0.0993843444046733,0.9850187265917603
logZstar_rel,top,22568,22568,22568,0.1040794656130531,0.9887640449438202
logZstar_rel,top,17910,17910,17910,0.1392006413279433,0.9925093632958801
logZstar_rel,top,139676,139676,139676,0.1629461248338746,0.9962546816479401
logZstar_rel,top,246865,246865,246865,0.2105347965273399,1.0
log_bh_ratio_corr,bottom,229037,229037,229037,-6.117402013631664,0.0037593984962406013
log_bh_ratio_corr,bottom,23874,23874,23874,-5.884181357811977,0.007518796992481203
log_bh_ratio_corr,bottom,189716,189716,189716,-5.785824257725405,0.011278195488721804
log_bh_ratio_corr,bottom,1109054,1109054,1109054,-5.638250059401721,0.015037593984962405
log_bh_ratio_corr,bottom,139676,139676,139676,-5.053611987783816,0.018796992481203006
log_bh_ratio_corr,bottom,325018,325018,325018,-4.984271179598973,0.022556390977443608
log_bh_ratio_corr,bottom,17910,17910,17910,-4.124365982223247,0.02631578947368421
log_bh_ratio_corr,bottom,789267,789267,789267,-3.860399544323597,0.03007518796992481
log_bh_ratio_corr,bottom,759540,759540,759540,-3.636512801569492,0.03383458646616541
log_bh_ratio_corr,bottom,3299260,3299260,3299260,-3.529803340778002,0.03759398496240601
log_bh_ratio_corr,bottom,1870301,1870301,1870301,-3.0553783543714617,0.041353383458646614
log_bh_ratio_corr,bottom,14823,14823,14823,-3.0347507802078573,0.045112781954887216
log_bh_ratio_corr,bottom,49186,49186,49186,-3.030296580719312,0.04887218045112782
log_bh_ratio_corr,bottom,83700,83700,83700,-3.0149119778214617,0.05263157894736842
log_bh_ratio_corr,top,15398,15398,15398,-1.8765173060473483,0.9511278195488722
log_bh_ratio_corr,top,436157,436157,436157,-1.864352843319296,0.9548872180451128
log_bh_ratio_corr,top,3586,3586,3586,-1.838436046273326,0.9586466165413534
log_bh_ratio_corr,top,1095974,1095974,1095974,-1.8272956710966624,0.9624060150375939
log_bh_ratio_corr,top,129308,129308,129308,-1.8136946604778907,0.9661654135338346
log_bh_ratio_corr,top,789289,789289,789289,-1.808941804039604,0.9699248120300752
log_bh_ratio_corr,top,1107677,1107677,1107677,-1.7684545978068311,0.9736842105263158
log_bh_ratio_corr,top,107,107,107,-1.6997940791136283,0.9774436090225563
log_bh_ratio_corr,top,964959,964959,964959,-1.6331633758335025,0.981203007518797
log_bh_ratio_corr,top,64391,64391,64391,-1.6194685310664103,0.9849624060150376
log_bh_ratio_corr,top,51474,51474,51474,-1.617376749412068,0.9887218045112782
log_bh_ratio_corr,top,682377,682377,682377,-1.5529930213915868,0.9924812030075187
log_bh_ratio_corr,top,32330,32330,32330,-1.514052373115525,0.9962406015037594
log_bh_ratio_corr,top,74285,74285,74285,-1.5036234796896175,1.0
log_sigma,bottom,3786109,3786109,3786109,1.2865083,0.003745318352059925
log_sigma,bottom,139676,139676,139676,1.4201773,0.00749063670411985
log_sigma,bottom,325018,325018,325018,1.4464874,0.011235955056179775
log_sigma,bottom,74285,74285,74285,1.4741672,0.0149812734082397
log_sigma,bottom,789267,789267,789267,1.4915897,0.018726591760299626
log_sigma,bottom,17910,17910,17910,1.4939858,0.02247191011235955
log_sigma,bottom,218313,218313,218313,1.4996966,0.026217228464419477
log_sigma,bottom,189514,189514,189514,1.5096376,0.0299625468164794
log_sigma,bottom,80976,80976,80976,1.5241147,0.033707865168539325
log_sigma,bottom,112514,112514,112514,1.533062,0.03745318352059925
log_sigma,bottom,682377,682377,682377,1.5402622,0.04119850187265917
log_sigma,bottom,413656,413656,413656,1.5673127,0.0449438202247191
log_sigma,bottom,246865,246865,246865,1.599849,0.04868913857677903
log_sigma,bottom,759540,759540,759540,1.6138287,0.052434456928838954
log_sigma,top,6301,6301,6301,2.1682866,0.951310861423221
log_sigma,top,75441,75441,75441,2.1689487,0.9550561797752809
log_sigma,top,304,304,304,2.170165,0.9588014981273408
log_sigma,top,4107179,4107179,4107179,2.176459,0.9625468164794008
log_sigma,top,813496,813496,813496,2.188905,0.9662921348314607
log_sigma,top,51474,51474,51474,2.1929593,0.9700374531835206
log_sigma,top,1950115,1950115,1950115,2.1978993,0.9737827715355806
log_sigma,top,107,107,107,2.1996243,0.9775280898876404
log_sigma,top,245505,245505,245505,2.2036428,0.9812734082397003
log_sigma,top,145106,145106,145106,2.2071252,0.9850187265917603
log_sigma,top,32330,32330,32330,2.2341607,0.9887640449438202
log_sigma,top,15531,15531,15531,2.241974,0.9925093632958801
log_sigma,top,3173,3173,3173,2.258015,0.9962546816479401
log_sigma,top,40638,40638,40638,2.3229833,1.0
ssfr,bottom,1317,1317,1317,0.0,0.3838951310861423
ssfr,bottom,8411,8411,8411,0.0,0.3838951310861423
ssfr,bottom,18413,18413,18413,0.0,0.3838951310861423
ssfr,bottom,23874,23874,23874,0.0,0.3838951310861423
ssfr,bottom,34442,34442,34442,0.0,0.3838951310861423
ssfr,bottom,41178,41178,41178,0.0,0.3838951310861423
ssfr,bottom,73351,73351,73351,0.0,0.3838951310861423
ssfr,bottom,139676,139676,139676,0.0,0.3838951310861423
ssfr,bottom,436157,436157,436157,0.0,0.3838951310861423
ssfr,bottom,735584,735584,735584,0.0,0.3838951310861423
ssfr,bottom,809503,809503,809503,0.0,0.3838951310861423
ssfr,bottom,1443766,1443766,1443766,0.0,0.3838951310861423
ssfr,bottom,1874277,1874277,1874277,0.0,0.3838951310861423
ssfr,bottom,2081964,2081964,2081964,0.0,0.3838951310861423
ssfr,top,775921,775921,775921,4.608799325010088e-12,0.951310861423221
ssfr,top,769618,769618,769618,5.786733361934406e-12,0.9550561797752809
ssfr,top,59531,59531,59531,6.049752804597985e-12,0.9588014981273408
ssfr,top,133204,133204,133204,6.116114941238308e-12,0.9625468164794008
ssfr,top,10223610,10223610,10223610,6.945442128516575e-12,0.9662921348314607
ssfr,top,1125165,1125165,1125165,9.453364996957359e-12,0.9700374531835206
ssfr,top,126915,126915,126915,1.0134464673750248e-11,0.9737827715355806
ssfr,top,6818,6818,6818,1.1130483322374178e-11,0.9775280898876404
ssfr,top,308423,308423,308423,1.2477097763908606e-11,0.9812734082397003
ssfr,top,8002,8002,8002,1.3262173348879982e-11,0.9850187265917603
ssfr,top,215760,215760,215760,1.3440703453584996e-11,0.9887640449438202
ssfr,top,3198019,3198019,3198019,1.4490346715623078e-11,0.9925093632958801
ssfr,top,53300,53300,53300,1.7138213666332364e-11,0.9962546816479401
ssfr,top,141036,141036,141036,2.1330437371915008e-11,1.0
