HaloCatalogueIndex,TrackId_sample,TrackId_SOAP,IsCentral,central_satellite,mass_bin,logM,logR,r50_kpc,compactness,DoR,age_mass_gyr,age_lum_gyr,MgFe,logZstar_rel,logZstar_loc,log_ssfr,exsitu_frac,sigma,log_sigma,bh_mass_corr,log_bh_ratio_corr,face_on_available,edge_on_available,track_id,DescendantTrackId,ssfr,bh_mass_raw,log_bh_ratio_raw,Zstar_raw,Z_local_raw,HostHaloIndex,matched_to_SOAP
1109054,1109054,1109054,False,Satellite,10^10-10^11 Msun,10.141157871144095,0.2385159309054424,1.73187255859375,9.78338397478593,0.6178003059705462,11.182428237827958,11.227217670022194,0.16318366,-0.0498229669305633,0.0502921859527044,,0.0020115889697288,53.105347,1.7251383,31835.216796875,-5.638250059401721,True,True,1109054,-1,0.0,0.0,,0.0119476318359375,0.015045166015625,46091846,True
23328,23328,23328,False,Satellite,10^10-10^11 Msun,10.170180841593082,0.2026363598233737,1.59454345703125,9.86622630185802,0.6325683073057371,11.182428237827958,11.19735804855937,0.25621098,0.0776045700814312,0.1370417579332989,,0.696472891649774,69.85527,1.8441992,166542192.0,-1.9486565651230936,True,True,23328,-1,0.0,0.0,,0.016021728515625,0.01837158203125,6227203,True
18408,18408,18408,False,Satellite,10^10-10^11 Msun,10.279070592839645,0.149074520779183,1.4095306396484375,10.055458811670867,0.7739284345876163,12.675409310969206,12.660479500237791,0.32679206,-0.0334941833944386,0.0239632472303552,,0.0784320909529355,72.59578,1.8609114,109350512.29025264,-2.240249770858684,True,True,18408,-1,0.0,109350512.29025264,-2.240249770858684,0.0124053955078125,0.01416015625,15472933,True
252431,252431,252431,False,Satellite,10^10-10^11 Msun,10.448874128056278,0.394373434691194,2.47955322265625,9.857313976019489,0.6610079472497637,11.346656155873497,11.406375398799144,0.2679768,-0.0218982535049046,0.0930441663736543,,0.048263742917213,71.13232,1.852067,57344200.0,-2.6903846297139604,True,True,252431,-1,0.0,0.0,,0.0127410888671875,0.0166015625,27837743,True
7997,7997,7997,True,Central,10^10-10^11 Msun,10.456052712683402,0.436373100356194,2.7313232421875,9.801493062149111,0.7331995762812181,12.137936124638356,11.391445588067732,0.36974767,-0.1705300356242441,-0.008581577534852,-11.42047640975844,0.2415915918750533,86.90129,1.9390262,213515644.63926595,-2.126623010692003,True,True,7997,-1,3.797725671019127e-12,213515644.63926595,-2.126623010692003,0.0090484619140625,0.0131378173828125,19890591,True
2348093,2348093,2348093,False,Satellite,10^10-10^11 Msun,10.481403352883198,0.2834595529379753,1.9207000732421875,10.056214023476237,0.6708237911462418,11.331726345142082,11.37651577733632,0.2945864,0.076776553659201,0.1567858161290561,,0.3746448573902117,83.77473,1.923113,81593480.0,-2.5697478964964104,True,True,2348093,-1,0.0,0.0,,0.0159912109375,0.01922607421875,28819450,True
4323,4323,4323,False,Satellite,10^10-10^11 Msun,10.496797680373462,0.4752218401062819,2.986907958984375,9.78396492021404,0.6001028217200032,11.466094641724794,11.45116483099338,0.17164007,-0.0308314253171837,0.0825397877569435,-13.833913893643542,0.0213425515122496,76.227615,1.8821124,53531422.33455882,-2.768188897594477,True,True,4323,-1,1.4658384398487152e-14,53531422.33455882,-2.768188897594477,0.012481689453125,0.016204833984375,42436999,True
129078,129078,129078,True,Central,10^10-10^11 Msun,10.516853723124658,0.4068861958161616,2.552032470703125,9.906524429400417,0.6375284806671631,11.212287859290782,11.242147480753609,0.2613548,-0.0565303509375497,0.0717750264207074,,0.0824871117706711,87.39361,1.9414797,80830922.6134364,-2.60927618721071,True,True,129078,-1,0.0,80830922.6134364,-2.60927618721071,0.0117645263671875,0.01580810546875,29064897,True
59531,59531,59531,True,Central,10^10-10^11 Msun,10.565592534417886,0.2649573957281498,1.8405914306640625,10.168156440825662,0.7344147424352562,12.391742907072368,11.167498427096543,0.29780617,0.027226881884011,0.1064081279316358,-11.21826237043717,0.0819510895924065,79.76887,1.9018334,190638968.42791605,-2.2853808550966703,True,True,59531,-1,6.049752804597985e-12,190638968.42791605,-2.2853808550966703,0.0142669677734375,0.017120361328125,51375735,True
1867573,1867573,1867573,False,Satellite,10^10-10^11 Msun,10.582324323428146,0.4931502368021996,3.11279296875,9.842598968224848,0.6459186292607492,11.55567350611327,11.510884073919032,0.24177498,-0.0767069146510079,0.0116218085534349,,0.3547984381024748,85.827415,1.933626,103250065.30055933,-2.568433988429843,True,True,1867573,-1,0.0,103250065.30055933,-2.568433988429843,0.01123046875,0.013763427734375,18984138,True
61127,61127,61127,True,Central,10^10-10^11 Msun,10.63842682246272,0.1407680889553509,1.3828277587890625,10.427274689029693,0.6699223508183056,11.421305209530558,11.406375398799144,0.29274037,0.04541988671003,0.125342882693565,-14.221385374589548,0.1270197593302371,85.88363,1.9339104,127041808.56036323,-2.534480154742772,True,True,61127,-1,6.006405179003806e-15,127041808.56036323,-2.534480154742772,0.0148773193359375,0.01788330078125,83016374,True
1125165,1125165,1125165,False,Satellite,10^10-10^11 Msun,10.63842682246272,0.5026261286860771,3.18145751953125,9.884487629433604,0.6180330776660589,10.973410887588182,8.883237385190434,0.29388118,-0.0667897527878062,0.076776553659201,-11.02441357355622,0.1810015679692175,94.074196,1.9734706,147173283.62635118,-2.470597842805767,True,True,1125165,-1,9.453364996957359e-12,147173283.62635118,-2.470597842805767,0.0114898681640625,0.0159912109375,35828148,True
553,553,553,False,Satellite,10^10-10^11 Msun,10.647683893684064,0.5862112336393396,3.856658935546875,9.768367043225052,0.7124777848063014,12.242444799758244,12.242444799758244,0.32596877,-0.0772973899043118,-0.0005851356224662,,0.6524647899751719,106.31481,2.026594,351995776.0,-2.101146441770983,True,True,553,-1,0.0,0.0,,0.0112152099609375,0.0133819580078125,4778400,True
141036,141036,141036,False,Satellite,10^10-10^11 Msun,10.739526952308816,0.1813431501220263,1.51824951171875,10.467512227125775,0.6006012868655463,10.600165619302867,8.644360413487833,0.25491568,0.027226881884011,0.151933313334644,-10.671000239428125,0.1267763548269496,78.24441,1.8934534,141225347.8114002,-2.589614299313721,True,True,141036,-1,2.1330437371915008e-11,141225347.8114002,-2.589614299313721,0.0142669677734375,0.019012451171875,57896067,True
104782,104782,104782,False,Satellite,10^10-10^11 Msun,10.840495247120716,0.3098138600695669,2.040863037109375,10.375774457016368,0.6943957712516015,11.839339910010109,11.704971613427396,0.28358793,0.0581489838204937,0.1756711602894299,-11.984215343126648,0.1058572211250217,100.50371,2.0021822,227241650.36607596,-2.484007312395283,True,True,104782,-1,1.0370140891585157e-12,227241650.36607596,-2.484007312395283,0.01531982421875,0.02008056640625,14461431,True
1950115,1950115,1950115,False,Satellite,10^10-10^11 Msun,10.860587341282631,0.487255958416207,3.070831298828125,10.129703403658322,0.6103629922430767,11.600462938307508,11.19735804855937,0.28824824,-0.0271307804385816,0.1094937144949129,-11.947402585952087,0.378179404190578,157.72446,2.1978993,495966340.2620664,-2.165135138047442,True,True,1950115,-1,1.1287490922231517e-12,495966340.2620664,-2.165135138047442,0.0125885009765625,0.017242431640625,27261833,True
304,304,304,True,Central,10^10-10^11 Msun,10.970302806941383,0.7621592793443732,5.7830810546875,9.827063887924822,0.6521650115556714,11.675111991964569,11.525813884650445,0.28659463,-0.118808266512961,0.0248982195654283,-13.169266141496848,0.590490519874479,147.96701,2.170165,690570599.233283,-2.131094722448008,True,True,304,-1,6.772263669999588e-14,690570599.233283,-2.131094722448008,0.01019287109375,0.014190673828125,28659351,True
44523,44523,44523,False,Satellite,10^10-10^11 Msun,10.974638561574103,0.6459180672752569,4.425048828125,10.005761460661216,0.6064688200675034,11.45116483099338,11.316796534410669,0.27004686,-0.0218982535049046,0.1001703979801726,-12.49683618648264,0.8266702284130598,128.89555,2.110238,752795158.5281549,-2.0979617442357585,True,True,44523,-1,3.1853988102646863e-13,752795158.5281549,-2.0979617442357585,0.0127410888671875,0.016876220703125,35276896,True
1415,1415,1415,True,Central,10^11-10^12 Msun,11.081218923288708,0.6067659433131087,4.0435791015625,10.171070008319044,0.6206592467390807,11.466094641724794,11.107779184170894,0.24523365,-0.0167280200388144,0.1505368668520546,-11.652325541608088,0.4011354064055706,139.94002,2.1459422,444722585.5486425,-2.4331297373296112,True,True,1415,-1,2.226765368587537e-12,444722585.5486425,-2.4331297373296112,0.0128936767578125,0.018951416015625,8762177,True
1685,1685,1685,False,Satellite,10^11-10^12 Msun,11.126075387630124,0.5770952726458884,3.77655029296875,10.260432478661292,0.6598136854666824,11.764690856353043,11.749761045621632,0.30601627,0.0149791542334606,0.1231138214344884,,0.700238967527253,143.67746,2.157389,1142003712.0,-2.0684078720753774,True,True,1685,-1,0.0,0.0,,0.0138702392578125,0.017791748046875,15472933,True
