HaloCatalogueIndex,DoR,logM,logR,compactness,exsitu_frac,fexsitu_limited
66897,0.6679699000879449,10.55533,0.8103735,9.33977,0.2494686563653141,0.18291030570771527
765512,0.6583539923286436,10.253355,0.34338793,9.738274,0.225296488365099,0.12186915185059173
775921,0.6014065745857468,10.218908,0.26043347,9.8282585,0.1131468234075399,0.044040436558118304
9394,0.6300940129498068,9.560608,0.12490726,9.373247,0.0241186559943099,0.0
809503,0.6315994382294959,10.617667,0.1915877,10.330286,0.1029851858657342,5.416687838189796e-05
1639847,0.6303525706110041,9.672979,0.0838872,9.547149,0.0109741094332405,0.0
25311,0.6061328658656949,10.300813,0.3218228,9.818079,0.0464940737397985,0.03847062934180842
83700,0.6566717963671045,9.919922,0.112939,9.750513,0.0003772384886386,0.0
2860534,0.647990293420894,10.350454,0.26270133,9.956403,0.2881811439618938,0.001165821400921185
13769,0.6254047189121353,10.327939,0.4333297,9.677944,0.2470889990862103,0.2196231426968863
7765873,0.6141653144751581,10.093969,0.3537818,9.563296,0.0266041732782333,0.0
8002,0.6010852373195695,10.257123,0.3226117,9.773206,0.1251986484079936,0.09058032244581171
1874277,0.6267316195050473,10.296551,0.28129783,9.874604,0.0844652599396453,0.0
17066,0.6137409075294514,10.896032,0.6164894,9.971298,0.5386319723018472,0.38766262508840266
172779,0.603381470384433,10.074416,0.47688264,9.359093,0.0496062846938487,0.02533713332961071
117,0.6275227129805966,9.600674,-0.043791573,9.666361,0.0088730414444548,0.0
137,0.7246507183723369,10.022101,0.6466662,9.052102,0.0048820779413419,0.0
552,0.6904961368601793,10.523001,0.3380962,10.015857,0.0414570605295741,0.026709701392578705
553,0.7124777848063014,10.647685,0.58621126,9.768368,0.6524647899751719,0.3308760589453824
2202,0.6428003357760255,10.250507,0.3660774,9.701391,0.8042438232163299,0.7176185080292361
21185,0.6744277369607915,9.921449,0.3296481,9.426976,0.0011064978703182,0.0
71883,0.6492821745148009,10.452479,0.44951645,9.778205,0.0821560822066811,0.0
72033,0.6611736134081211,10.620113,0.20625767,10.310727,0.1635349340001289,0.017666006895480386
74170,0.6329071544436423,10.616028,0.45883143,9.927781,0.5129623940353314,0.0
74285,0.6951509463023098,9.618892,-0.121874735,9.801703,0.0129384874437614,0.0
100031,0.6839624251195557,10.32953,0.3426359,9.815576,0.0404414265660783,0.0
389228,0.6204523621508219,10.4124,0.5784094,9.544786,0.1725981705295937,0.0
798108,0.638630359266431,10.15324,0.2341898,9.801955,0.0280146804598898,0.0
1930598,0.7659649151582323,9.147844,-0.3375529,9.654174,0.0007323434985003,0.0
1977002,0.6153248005596197,10.142992,0.2418512,9.780215,0.030494854050033,0.0
3028815,0.6531510103884934,10.63056,0.20211656,10.327385,0.2788978616997826,0.00034400837354575534
97114,0.6621051872474024,10.566515,0.37174526,10.008897,0.22419576246061,0.0
1041141,0.6288302619508289,10.624162,0.6376024,9.667758,0.6266560656497691,0.19064370904160202
9659,0.6204142004366383,10.127469,0.17363684,9.867014,0.0082672322939537,0.0
496129,0.6820498448598892,10.065759,0.16465886,9.81877,0.0446381190009931,0.008057561452435191
77613,0.616261287245523,10.177567,0.1549119,9.945199,0.0746418575908398,0.011925248907968257
12185,0.6501444509825213,10.537994,0.6548118,9.555777,0.3026303489853912,0.16536796519939287
87007,0.6390490587279235,11.001137,0.9821707,9.527881,0.727497271106097,0.4622500997803006
16955,0.6093009881349091,10.56189,0.46738642,9.86081,0.2729268093245872,0.05233388249515444
23249,0.6910466717245218,10.35497,0.45419893,9.673672,0.017644145290303,0.0
23328,0.6325683073057371,10.170181,0.20263638,9.866227,0.696472891649774,0.43300168369422215
100221,0.7144579189526166,10.163251,0.1298495,9.968476,0.0021962121928284,0.0
229037,0.627827642640436,10.594141,0.40947515,9.979928,0.0467370602272833,2.6881220485438496e-05
229539,0.6364485035977898,10.413711,0.33042297,9.9180765,0.0330928185183625,0.0
230061,0.6299293725877742,10.314998,0.6474131,9.343878,0.194941331022025,0.18581112678597167
492195,0.6102281962673806,9.78397,0.13776258,9.577326,0.0039996289512694,0.0
3070295,0.6288626943285041,9.355437,0.012018847,9.337409,0.0084782378598969,0.0
4679778,0.6001942545673514,10.262715,0.25355795,9.882379,0.0225757778038768,0.0
2226,0.664697544972055,10.691913,0.19741014,10.395798,0.1935825667166976,0.08157183801775225
11518,0.6773868908797168,10.811127,0.83624977,9.556752,0.5317671514020326,0.06723579794926118
435755,0.653036736824823,10.010672,0.058581334,9.9228,0.0021954015696943,0.0
436157,0.632480981104096,10.427867,0.4459712,9.75891,0.7425718400904932,0.6693287401480746
1782066,0.7404743771822154,10.2659445,0.25355795,9.885608,0.0024482644611471,0.0
8057005,0.6787278566633401,9.2108965,-0.04793432,9.282798,0.0012810839951224,0.0
10571683,0.6680773258759971,10.459599,0.2234297,10.124454,0.1005517391809915,0.0
13736,0.6507552584864124,10.086392,0.41332987,9.466397,0.0085535717604985,0.0
1283,0.6363664465748146,9.859886,0.13229969,9.661437,0.0461871064792502,0.0017668642254099667
215760,0.6355447257667793,10.555802,0.413969,9.934849,0.0699981251390789,0.017279337744848387
995106,0.6802090174058896,10.57562,0.18945095,10.291443,0.1859756537604235,0.07287601767098925
1011731,0.6443797003773413,10.317454,0.28475147,9.890327,0.0355099511551422,0.002213843292859646
26620,0.6173019414010313,9.851614,0.51444095,9.079952,0.0087960130684326,0.0
25850,0.6657124844476187,10.675761,0.35231212,10.147293,0.1195986980910708,0.00030730651023233514
9581,0.6915810848661282,9.937406,0.1261481,9.748183,0.002816164237836,0.0
185825,0.6589066725443175,9.867429,0.07212073,9.759248,0.00186763869038,0.0
83855,0.6538871999543966,10.24039,0.43939537,9.581297,0.2369472373311305,0.21837364580791738
415368,0.6877238228986977,10.413056,0.3426359,9.899102,0.0562165312167714,0.0005415881989287633
884010,0.6028653478303433,10.69329,0.3218228,10.210556,0.1485459143599884,0.12381042828620079
1699510,0.652445029846908,10.594141,0.2512417,10.2172785,0.3078828163089661,0.03453254181293279
884395,0.6390632154935596,10.381124,0.38559952,9.802724,0.0658801279200888,0.04441046969831028
1085,0.7154140447221113,10.20167,0.5103678,9.436118,0.1109900571777585,0.053678273345613696
436370,0.6540751918889693,9.156799,0.4158808,8.532978,0.04074281273666,0.0
14295,0.6245153530793502,10.357211,0.77123106,9.200365,0.1617239080706871,0.08713606500528102
1415,0.6206592467390807,11.08122,0.606766,10.171071,0.4011354064055706,0.2220215714409602
503453,0.623574460789296,10.883354,0.41524446,10.260488,0.4591712642779405,0.15375126156463625
9952,0.6148557942710099,10.524016,0.42219332,9.890726,0.2448266326850422,0.19594188210108882
12172,0.6559461671706917,10.67361,0.5337681,9.872957,0.4290068812745528,0.1680420073348032
423945,0.6160925936924683,10.489719,0.19212025,10.201539,0.1217063051804978,0.07024779050948708
481813,0.6063854464961596,10.340506,0.4296492,9.696032,0.0600055066557569,0.010228543137330494
9046,0.6074931403874908,10.472927,0.7416284,9.360484,0.1128339825372504,0.03360202304870891
415381,0.6453416373556711,10.15324,0.15780142,9.916538,0.0296880348304685,0.0
7598,0.7014676441642759,9.52793,-0.13073821,9.724037,0.0006176595065849,0.0
8411,0.6602161561269901,10.35944,0.3380962,9.852296,0.1921842804321817,0.0
10640,0.6921869778106973,9.795662,0.12861921,9.602733,0.0064390607905193,0.0
80788,0.6622087069885517,9.622445,-0.080581754,9.743318,0.0017639471297673,0.0
80976,0.6033654774044561,9.697052,-0.07611724,9.811228,0.004904024865541,0.0
189514,0.6548322989200139,9.587177,-0.12297282,9.771637,0.00111495214864,0.0
189716,0.6626176341494049,10.26364,0.19424395,9.972275,0.0030511432237277,0.0
190293,0.7092008799549306,10.164994,0.15258636,9.936114,0.0050089770335202,0.0
413656,0.6699043556650096,9.761804,-0.03070535,9.807861,0.0051471362417559,0.0
1648535,0.6011675726480279,10.426599,0.40297362,9.822138,0.1461016067093307,0.06807277866299087
10925,0.6026098339967293,9.872006,0.2873238,9.441021,0.0276040424323844,0.0
1703813,0.6366114684190697,10.287899,0.25906706,9.899299,0.0339244847889205,0.0
83271,0.684790105962043,10.467182,0.39034596,9.881663,0.0489759175341315,0.010182913387755376
16180,0.612667007865855,10.342821,0.7695445,9.188504,0.4931088173155801,0.16393072587398969
471061,0.6833864921403746,10.268236,0.18460447,9.991329,0.0449471441605588,0.00025224082053073617
22287,0.6216952430037197,10.341279,0.5870696,9.460674,0.0655752567639393,0.002352521085177938
1896059,0.6838720708795906,10.020487,0.16748446,9.76926,0.0010968893658698,0.0
1970,0.6209475595063677,10.5462675,0.51696736,9.770817,0.1408090265738177,0.07186436593885837
985428,0.6592798960628986,10.2379465,0.3327392,9.738838,0.0214510674022344,0.0
104782,0.6943957712516015,10.840495,0.3098139,10.375774,0.1058572211250217,0.007396186242682626
6,0.6170304384007274,9.371499,0.31224236,8.903135,0.0026265661297148,0.0
1040964,0.6432128055050877,10.71474,0.36393273,10.16884,0.12568332096647,0.04365207236271945
3198019,0.6124418973164785,10.642309,0.22737336,10.3012495,0.2364810784596989,0.02812089691358793
15531,0.66689122433132,10.903719,0.61728996,9.977784,0.3887480020312018,0.2260779003806489
15398,0.6415685020249383,10.867084,0.5840581,9.990996,0.4571472875540147,0.021672398966168648
15788,0.6506497685922836,10.439116,0.23370643,10.088556,0.0125864181269571,0.0
460550,0.6869908876345444,10.314998,0.16238505,10.07142,0.0268943248540957,0.00042990541255209515
1685,0.6598136854666824,11.126076,0.5770953,10.260433,0.700238967527253,0.5573470020880938
17559,0.6162753120910791,10.737049,0.5628256,9.892811,0.3782735967994822,0.19970763762674196
18005,0.7227492410942181,9.744595,-0.07809581,9.861738,0.0003638208047919,0.0
18413,0.6218062366987339,10.761804,0.6196827,9.832279,0.4008574703544244,0.000164229737849714
92228,0.6723252642591783,9.102589,0.18837862,8.820021,0.0024609062886144,0.0
212715,0.621481369873165,9.911689,0.20882595,9.59845,0.0025895583787474,0.0
213887,0.6037590214610941,10.271424,0.4363731,9.616864,0.0651131092838948,5.804699474643564e-05
213921,0.6638822446218882,10.05244,0.28646806,9.622738,0.1533431900189567,9.270350323471393e-05
446417,0.6054659357526995,9.324438,-0.03517344,9.377198,0.0040268371740821,0.0
458066,0.6516674627343886,9.584978,0.7033481,8.529956,0.0113188764755952,0.0
458677,0.686697642801295,10.289207,0.26764932,9.887733,0.1187419228031769,0.006299855158935148
943990,0.6360825254458574,10.252408,0.259523,9.863124,0.0102181313942991,0.0
1817624,0.6470367911485998,10.3025055,0.3426359,9.788551,0.0047498377479873,0.0
1852695,0.6577851205454481,10.5433655,0.1708511,10.287088,0.0434096445515432,0.029943148852346488
1870301,0.6936497593756278,9.919922,0.11101875,9.753394,0.0007592361025168,0.0
3259950,0.6821758476841361,9.936916,0.16295461,9.692485,0.000609475197346,0.0
3299260,0.619763767025986,9.875408,0.05275179,9.796281,0.0745213170540694,0.0
6098149,0.6011218372668866,10.259929,0.22491278,9.92256,0.082767202790118,0.0
6163743,0.6326905096561485,10.214791,0.35231212,9.686323,0.0048370652729743,0.0
107,0.6579168815021977,10.929201,0.6642455,9.932833,0.5520716620448768,0.24000621972445724
20315,0.6397176478391793,10.632145,0.2521697,10.25389,0.0138267183156138,0.0
218204,0.6999881300551886,10.11268,0.13836534,9.905132,0.0132360996465959,0.0
219205,0.6393964317361037,10.380418,0.47243968,9.671759,0.2025219729144472,0.0
6220689,0.6146987223716674,9.552369,-0.07169815,9.659916,0.0011887647541602,0.0
8251358,0.6280103559279913,10.447062,0.19741014,10.150947,0.0901609825557291,0.040834405983446447
1038537,0.6393870353666818,9.172751,0.33961472,8.663329,0.0055065309529061,0.0
2022282,0.690100320212374,10.229532,0.12552813,10.04124,0.0051218386305269,6.3741594929436e-05
103252,0.6399017231499968,10.333482,0.21086968,10.017178,0.063206394707045,0.02081570082761894
23874,0.6440065273446565,10.36092,0.13836534,10.153372,0.0031894532148272,0.0
24097,0.6957839270194897,9.51062,-0.12850532,9.703378,0.0023126637542556,0.0
496985,0.6628986367088184,10.5637455,0.2729836,10.15427,0.0310769060816645,3.222231422030026e-05
81796,0.6447050287842978,10.200603,0.2549418,9.81819,0.1546267589041649,0.0
1708028,0.6374923191842267,10.480284,0.3508374,9.954027,0.0219708761011402,0.0
440402,0.6630611435285877,10.447667,0.52147824,9.66545,0.2073622957177668,0.04544205021471246
18408,0.7739284345876163,10.279072,0.14907452,10.05546,0.0784320909529355,0.0
949881,0.6041948742006057,9.927502,0.24516101,9.55976,0.0168792591041881,0.0
210509,0.6337119082588679,10.723161,0.71944684,9.6439905,0.4562159905381672,0.33438391638165765
1528,0.6590177376839111,10.053191,0.4553617,9.370149,0.0477938034599358,0.0014184852422798658
2330,0.6139142587520242,10.400428,0.31625992,9.926038,0.1342361439446321,0.09662962797042887
24297,0.7042781962206558,9.914794,0.1261481,9.725572,0.0003806549598828,0.0
191081,0.6289114088051336,10.578762,0.7575514,9.442435,0.1803795907515977,0.13730769527461076
18028,0.7003127085380463,10.785223,0.53762853,9.97878,0.1372876148212971,0.08672989055302736
1867573,0.6459186292607492,10.582325,0.49315026,9.8426,0.3547984381024748,0.32393284258349386
1172843,0.6280945210452531,10.9517565,0.7941802,9.760487,0.7490201964379777,0.4573902287173752
94291,0.7280143651632898,9.573248,0.02784189,9.531485,0.0047347188849482,0.0
219478,0.6251911782760996,10.6552515,0.68731076,9.624286,0.2886520418094631,0.27506070521952347
964959,0.678977150618202,9.868004,0.04009793,9.807857,0.0017040840724874,0.0
503246,0.6209744491158872,9.204988,0.30737174,8.74393,0.1602979170382879,0.0
1027827,0.6526772959494253,10.32953,0.22835371,9.9869995,0.0014176030105718,5.219704929035218e-05
7997,0.7331995762812181,10.456054,0.4363731,9.801494,0.2415915918750533,0.021978894208178123
239461,0.6225507894912651,10.169034,0.16522546,9.921196,0.0315593731393099,0.0
1205136,0.6632527310407051,10.445241,0.56912637,9.591552,0.2891538701317602,0.0265205655702052
21069,0.6777893009987741,10.304193,0.23322254,9.954359,0.0579839603109608,5.440173910678237e-05
482149,0.6481326706955381,10.129361,0.13229969,9.930912,0.0098068070698974,0.0
273895,0.6836118974326965,10.148448,0.38764006,9.566988,0.0883855626478239,0.008070247618564962
280889,0.6612462848563534,10.434152,0.11229986,10.265702,0.0905742555320811,3.893934861006862e-05
4191,0.659869495975509,10.386727,0.4234449,9.75156,0.2211431043063603,0.21083886799172885
2370827,0.6584083080664815,10.48862,0.14966181,10.264127,0.041974478526855,0.03661267984213968
5084444,0.6986605341616432,9.091573,-0.16629389,9.341014,0.003468955978053,0.0
26207,0.7092491364456447,9.101751,0.30737174,8.640694,0.0487262973106613,0.0008600507299300703
237565,0.6365896034080193,10.6217375,0.56553715,9.773432,0.5874385810143158,0.3717467668067384
84311,0.642574602698517,9.057203,-0.060605075,9.148111,0.0008955494611964,0.0
95655,0.6007258130434611,10.840495,0.8372149,9.584673,0.6630695398290261,0.6152045487868284
618882,0.6032749928428384,9.027904,0.38967106,8.443397,0.0225794427815404,0.0
29739,0.6081111756949498,9.875408,0.09401107,9.734391,0.0011784356122922,0.0004845184866382093
247485,0.6430505535495931,9.444326,-0.09425747,9.585712,0.0003639309359472,0.0
1082423,0.6141154387892174,10.121742,0.3682115,9.569425,0.0026132824197893,0.0
1317,0.7586374718540401,10.36313,0.24516101,9.995388,0.0013088366174763,0.0
1350,0.621941451538026,10.866623,0.6920498,9.828548,0.5551161020918824,0.4980069363749982
14823,0.6807473739389485,10.029293,0.1353431,9.826279,0.0066060186245012,0.0
440671,0.6303379458585948,10.012322,0.23803738,9.655267,0.0091253171812554,0.0
441113,0.6457809342363422,9.213497,-0.1352387,9.416355,0.0006552718923617,0.0
452771,0.7014374426816287,9.361473,-0.16026191,9.601866,0.0009126072041009,0.0
571874,0.7033460608211456,9.450379,-0.19387741,9.741196,0.0003704762399165,0.0
22568,0.6249553254607334,10.409768,0.35304758,9.880197,0.0049268783825193,0.0005899235278686896
22687,0.6528071359249324,9.756638,0.043858077,9.69085,0.0029759272503082,0.0
99036,0.6661844889650163,9.788133,0.02861811,9.745206,0.3040756473812545,0.0013232283389530376
997271,0.7158060094729007,9.825807,0.19424395,9.534441,0.0525666635151686,0.0
8334619,0.6019892364773224,10.144211,0.64291257,9.179842,0.12372079856066,0.0
4253,0.6215317279475285,10.566515,0.494744,9.824399,0.1867280792690664,0.004762361822699544
19217,0.6954969942631268,10.240877,0.2991306,9.792181,0.0030619670473951,0.0
127129,0.656771434015632,10.189786,0.27650374,9.77503,0.0031035409666711,0.0
586754,0.662269889249979,9.303876,0.24891305,8.930507,0.0025879002500524,0.0
38928,0.7001674284509436,9.559441,-0.00023863064,9.559798,0.1724381767909403,0.0
41035,0.7115193264449186,9.601206,-0.0077626887,9.61285,0.0002630802848906,0.0
216550,0.6588044417999849,10.406456,0.20159614,10.104062,0.0119887428487547,0.0
278070,0.6284698774399505,9.566399,0.12738541,9.37532,0.0016452922692692,0.0
284458,0.7116675477635107,10.357211,0.21844919,10.029537,0.0033776502975812,0.00015403895386706103
600989,0.6187741132299455,10.720587,0.5259428,9.931673,0.5219592029084273,0.4018234423783438
2297558,0.6516478433298971,9.607531,0.0038857544,9.601702,0.0018294447206799,0.0
1950115,0.6103629922430767,10.860587,0.487256,10.1297035,0.378179404190578,0.1828744159014564
1447,0.6301166461410381,10.891267,0.78121525,9.719444,0.5754809010402508,0.07247324081921042
1441,0.6487456899557719,10.385333,0.55366296,9.554838,0.2439955764019067,0.17497310984663544
590734,0.6033133299434295,10.479722,0.38628078,9.900301,0.0675000946302803,0.03763374652286177
304,0.6521650115556714,10.970303,0.7621593,9.827064,0.590490519874479,0.5413730704266418
602429,0.6932706303643063,10.622547,0.4790872,9.903916,0.4183758493689344,0.0001024262761515385
41178,0.6081134177336593,10.401775,0.34861597,9.878851,0.1222375944444213,0.0012861905079288246
41356,0.6635748267856949,10.187038,0.14966181,9.962545,0.0051947065612887,0.0
1219113,0.6894189806994522,10.15324,0.17695631,9.887806,0.0204484252431268,0.0
2348093,0.6708237911462418,10.481404,0.28345957,10.056215,0.3746448573902117,0.3494441292927142
619839,0.6177997823622543,10.305872,0.44119868,9.6440735,0.4887490745434238,0.4747509874507156
1251236,0.6691705108789057,9.151598,0.10259816,8.997701,0.0014637479841349,0.0
129078,0.6375284806671631,10.516854,0.40688622,9.906525,0.0824871117706711,0.015377677340721223
27683,0.6106240165324701,10.044095,0.16748446,9.792869,0.0032313987095633,0.0
241428,0.6526867870672473,10.048667,0.2327381,9.69956,0.0039669381101696,0.0
2054342,0.6609140305674132,9.010154,0.4308795,8.363834,0.1155488959361788,0.0
537268,0.6380915598157948,10.411086,0.14494117,10.193674,0.048934152346611,0.0004969034172192037
31289,0.6558750792425047,9.641728,0.14375295,9.426099,0.0024127440383246,0.0
31425,0.7121448930056647,10.008183,0.21035966,9.692643,0.0316535542902241,0.0
252431,0.6610079472497637,10.448875,0.39437345,9.857315,0.048263742917213,0.0
587227,0.6168696639388952,10.556273,0.49315026,9.816548,0.262318767714953,0.0008680269960401317
2299855,0.6596370304335647,10.336617,0.13956837,10.127265,0.0061225982340742,0.0
39339,0.6533108203535366,10.643851,0.2586106,10.255936,0.3830128243397888,0.02411174634932579
124006,0.708006934464982,10.156799,0.31224236,9.688436,0.0046241758713838,0.0
278766,0.6437918164152011,9.653183,0.101943605,9.500268,0.0060681062986282,0.0
3843,0.6912472697372388,10.471211,0.46398464,9.775234,0.262011048883334,0.033205928142699855
43678,0.6210874896163027,10.2659445,0.3098139,9.801224,0.0047697664413176,0.0027497502638326394
616954,0.6753818949989485,9.698328,0.2886043,9.265422,0.0044016340627374,0.0
109773,0.6681797863413991,10.266403,0.4296492,9.621929,0.1181049206578244,0.055920550648135524
3912,0.6421554960680002,9.417617,0.22786382,9.075821,0.0324490556583027,0.03244905565830276
39462,0.6747854291495544,10.706154,0.7452176,9.588327,0.3015395898166323,0.1546393521500965
2342292,0.636423827633617,10.410428,0.6886701,9.377423,0.1625914657913543,0.032653057981771844
3471263,0.6077150067294418,10.38603,0.27032465,9.980543,0.1571863726697915,0.03929367973638779
30183,0.6255150526210883,10.209067,0.5067722,9.448909,0.1073224552904342,0.01050247170860375
249079,0.641643288767492,9.75886,0.5485398,8.93605,0.0757727751440425,0.0
2787,0.6595594646967534,9.123818,0.16009928,8.88367,0.6293117257086746,0.0
29113,0.6004966686491379,10.897753,0.76501465,9.750231,0.5327561250232662,0.4924974049642247
29125,0.6857704775717242,10.600993,0.3218228,10.118259,0.2337298312606857,0.0
245505,0.6102369265141454,11.276387,0.86566514,9.97789,0.6480011016664744,0.3182103782042422
1253127,0.6841291015986833,10.195228,0.55781007,9.358513,0.0279813844873072,0.0
2081964,0.6596498656054957,10.374015,0.39968598,9.774486,0.0982117942043283,0.0012619333834333376
1254911,0.6764094725843792,10.156799,0.2716562,9.749315,0.0535998430577205,0.030079537452833885
44523,0.6064688200675034,10.974639,0.6459181,10.005762,0.8266702284130598,0.6532461282222337
254368,0.60241394492698,9.252526,0.44774744,8.580905,0.0057599227934942,0.0
112514,0.6804460923564565,9.708814,-0.07414765,9.820035,0.0002115120941523,0.0
112613,0.6605201242893689,9.481544,0.18837862,9.198976,0.0059463411666654,0.0
112637,0.6969642700465215,10.138085,0.1071526,9.977357,0.0017397247757618,0.0
541846,0.6490138629232616,10.273687,0.18891512,9.9903145,0.0073417625747862,0.0
1095974,0.6429123488267003,10.839515,0.61728996,9.91358,0.5190117717755256,0.2872765530939538
1125165,0.6180330776660589,10.638428,0.5026262,9.884488,0.1810015679692175,0.012657884809584604
561091,0.6546967874871191,10.647685,0.340372,10.137127,0.0168604634437704,0.013134188251013897
32775,0.6162988703853376,10.122382,0.8434363,8.857227,0.5200948375821657,0.07844672609508581
114191,0.7236870894049207,9.919412,0.2622487,9.526038,0.0011252976600916,0.0
258026,0.6757229738568599,10.466604,0.36892056,9.913223,0.0184729894557284,0.0
35091,0.6243112071871334,9.62396,0.03247853,9.575242,0.0010083251387623,0.0
1163788,0.7044939568998947,9.476621,0.044606216,9.409711,0.0003446410129769,0.0
127454,0.6275766955159647,10.460187,0.2804301,10.039542,0.0329918149045772,0.009419208253338723
547265,0.6033446959629175,9.794303,0.07422046,9.682972,0.0043055461018065,0.0
586019,0.6714912439164086,10.0285,0.12738541,9.837421,0.0221703324215671,0.00010213499269091005
129308,0.6189566768837892,10.587616,0.49048096,9.851894,0.3183617880894365,0.10255968269677294
40638,0.6469504784134035,11.116327,0.8057341,9.907726,0.7382658268391085,0.6102765927704279
2224712,0.6387213563394316,9.766183,0.012823842,9.746947,0.0001845366618179,0.0
126915,0.6322243090380213,10.74627,0.61003137,9.8312235,0.4507128945785261,0.36964731265050843
4323,0.6001028217200032,10.4967985,0.47522187,9.783966,0.0213425515122496,0.0002462969508582315
250132,0.6367544063618816,10.674328,0.52047986,9.893608,0.3778806930035302,0.3468073416244748
38569,0.601280521128829,10.487517,0.8294334,9.243367,0.3662888797424677,0.2815503634958
42536,0.6195340219782417,10.138701,0.2581537,9.751471,0.0950500567545981,0.02044012870657617
110495,0.6881217156872337,10.384634,0.6391262,9.425944,0.1300406550565326,0.05373599636817828
645160,0.6361371555496546,10.67289,0.5026262,9.91895,0.1816880619628945,0.0848043878089011
226,0.6651580821335206,10.065029,0.30244583,9.611361,0.0064019066051271,0.0
308423,0.6387986712863496,10.528559,0.103251725,10.373681,0.1118148055756126,0.014933908873939118
48750,0.6918444995272178,10.470064,0.2756264,10.056624,0.1548847747357771,0.05130988849372587
34442,0.6209260924046233,10.441576,0.34413865,9.925368,0.0327106991826884,0.02620265404843671
271684,0.6642799875957334,10.290512,0.2394715,9.931305,0.0361875180471179,0.0036240095664557053
1236391,0.6916900201316806,9.268235,-0.116425544,9.442874,0.5131821366088073,0.4934023607180319
243904,0.6090002615393302,10.440962,0.6852638,9.413066,0.2959690760045543,0.19344059456962975
3173,0.6360965679873668,11.276387,0.9709806,9.819917,0.7520847952103176,0.7025364707704734
31990,0.6643157340920557,10.745051,0.5476018,9.923649,0.4003148643840053,0.29841590136009993
32330,0.6476142037663953,11.032451,0.58362615,10.157011,0.4907711225236892,0.36678235605544823
32662,0.6240056344216605,10.049424,0.39504108,9.456862,0.063472986058766,0.0
49186,0.6339485458575399,10.068664,0.17860658,9.800754,0.0031897925784085,0.0
49188,0.6378597937533205,10.232024,0.21644089,9.907363,0.0132998098281374,0.0
113454,0.6272442875257234,9.4458475,0.33885613,8.937563,0.0189638878551496,0.0
113721,0.6045801895995093,9.62597,0.06433366,9.5294695,0.0025433080703941,0.0
543981,0.6077626566056297,9.61736,-0.03832868,9.674853,0.0007473867068243,0.0
545747,0.6903547198039267,9.110056,-0.07611724,9.224232,0.0007861580039953,0.0
545783,0.6829272630534752,10.142382,0.44239673,9.478786,0.0069763553686775,7.783688052746696e-05
1107677,0.6316649978290075,10.9517565,0.7306792,9.855738,0.3941917563014274,0.061605234272911064
1109054,0.6178003059705462,10.141159,0.23851594,9.783385,0.0020115889697288,0.0
2146180,0.6096676688676959,9.25841,-0.02584297,9.297174,0.0005563972741285,0.0
11322651,0.6499601665799971,11.147362,0.6108439,10.231096,0.699667513839768,0.584451022965461
34839,0.6795322669738485,10.090542,0.47020108,9.385241,0.0172979279243653,0.0009575419884945211
37835,0.6607338881507444,10.2870245,0.19846043,9.989334,0.0045936687352038,0.00011241240407951962
581214,0.6771729679376576,10.0065155,0.20933779,9.692509,0.2458215072258029,0.0
1175888,0.6683748517188111,9.912726,0.30491576,9.455353,0.0986488222335216,0.0
3859,0.6047750707089494,10.632936,0.5677839,9.78126,0.663846007295756,0.6146841635029476
44663,0.620560470015476,10.47916,0.7947121,9.287092,0.1728787522838071,0.12148084281561687
133204,0.6104780507118654,10.598436,0.3500982,10.073289,0.291862170572173,0.13772052092830278
1052627,0.6304637685133673,10.620926,0.6993939,9.571835,0.1520516669861019,0.02752751358333161
2465614,0.6226612854506913,10.401775,0.76615155,9.252548,0.3549634624551449,0.32016432615411367
115874,0.7328957149625412,10.205913,0.33733496,9.69991,0.0875277552529592,0.009793803934541387
48958,0.6722382549742901,10.381827,0.07908073,10.2632065,0.0635617574068026,0.0
145106,0.6462121186005444,10.882466,0.69339436,9.842375,0.4663346327050499,0.29126381590189504
3586,0.65087904992931,10.863848,0.39437345,10.272287,0.1941117479555469,0.08623032410848672
55787,0.6191937396743034,10.227026,0.4894086,9.492913,0.0273803541492055,0.00845000956660072
150956,0.6112348731793519,10.7314205,0.49315026,9.991695,0.3936821841072326,0.31638060917560207
328522,0.6718535456827563,10.912104,0.58792615,10.030214,0.5508029526906838,0.3991620867834988
4676,0.6590198462223396,10.253828,0.4271781,9.613061,0.0020625989260462,0.00018224409253439207
140928,0.6420956686438234,10.461361,0.19530192,10.168408,0.0218838477607417,0.00041497183216991407
405,0.6903844705050813,9.875973,0.25906706,9.487372,0.0008019100162191,0.0
38264,0.6240760107068086,10.0751295,0.31785658,9.598345,0.0516434151076276,0.0
38324,0.6930907738966435,10.451282,0.3675013,9.900029,0.0054453982743759,8.732442028004916e-05
1382810,0.6914281742535744,10.2659445,0.259523,9.87666,0.01137214171895,0.0
1419622,0.6748904435518694,10.611904,0.4003455,10.011386,0.114345290801877,0.06578243438719912
152636,0.6437833297143299,10.688453,0.44656408,10.018606,0.1487265754085832,0.017769503984453424
307424,0.7067396675858966,10.268693,0.4003455,9.668175,0.0226694848712851,0.0
51234,0.6040470808596735,10.7824335,0.43758455,10.126057,0.3031674489777661,0.22107475038302307
663395,0.6710707140076483,10.098047,0.28432125,9.671565,0.0275688586616452,0.0
143084,0.6410511278191807,10.688453,0.7511345,9.56175,0.3160047300174075,0.09718770889563355
591516,0.6236500712661729,11.018378,0.8458056,9.74967,0.6048157755516226,0.5210849755164625
702000,0.6161241624593478,10.968848,0.7219682,9.885896,0.5493000122292537,0.3693773915303287
1443766,0.6183732603441066,10.474636,0.30409402,10.018495,0.0423640596635448,0.013521934426701434
59531,0.7344147424352562,10.565594,0.2649574,10.168158,0.0819510895924065,0.058298461920605754
1423833,0.6698063463058056,10.37616,0.47798634,9.65918,0.1044257024872591,0.01630736716563612
627956,0.6805502654276822,9.963994,0.4553617,9.2809515,0.0111464554660485,0.0
1262725,0.6505207030445971,9.723481,0.17529975,9.460531,0.0025888008322193,0.0
1264037,0.6451797017501685,9.084215,0.08251934,8.960436,0.0017202757498493,0.0
53300,0.6259020252382109,10.242335,0.31625992,9.767945,0.0591760766614132,0.028977864033111225
1295671,0.6321841526992807,10.481963,0.31785658,10.005178,0.1617248661335482,0.0872558011971258
49780,0.6319006491999953,10.626572,0.75347894,9.496353,0.4609505044404558,0.09620381283912746
50269,0.7151884979919824,10.27097,0.26360518,9.875563,0.0363511361470782,0.014961386881037873
319646,0.6831502780138443,10.365329,0.3660774,9.816213,0.1951456213937232,0.012699078563750016
155425,0.6117069106060525,10.067939,0.29746345,9.621743,0.0005195308190863,0.0
45950,0.6151807209059917,10.418265,0.63530654,9.465305,0.4697074750110907,0.4468666194620459
5046,0.6647422966254792,10.401775,0.40493432,9.7943735,0.0102341266608135,0.0013784683253036053
52429,0.6169129369290133,10.66195,0.6845794,9.635081,0.1527145092320695,0.11564265908539247
54269,0.6296119988355976,10.101417,0.17196754,9.843465,0.004068428010526,0.0
156087,0.6091140452882459,10.333482,0.2649574,9.936046,0.0410844773846518,0.018407168696536115
154264,0.6663097120972806,10.195228,0.70400363,9.139222,0.2846448602595812,0.14183099554477302
1293101,0.6984107780673224,10.117882,0.27912524,9.699194,0.0668955279181425,0.0
141036,0.6006012868655463,10.739527,0.18134317,10.467512,0.1267763548269496,0.014409536356881032
144050,0.6122733155006972,9.731421,0.038584705,9.673545,0.000395682139414,0.0
50829,0.6986479913505268,10.003162,0.6811407,8.981451,0.0923821796551991,0.06082646897011422
3913617,0.6349442877756575,10.635298,0.512918,9.865921,0.4761298904439379,0.1173191933744608
339605,0.6246985665295753,10.481404,0.7349701,9.378949,0.130375398185164,0.07876905712599229
708413,0.6669746959515012,10.322325,0.3780344,9.755273,0.0713585886868605,0.022809086169996218
154378,0.6000143242723192,10.555802,0.38967106,9.971295,0.2676010187307105,0.011721891588361583
46250,0.7137258656902371,10.01724,0.8093468,8.803219,0.0357138981114663,0.0
1277093,0.6865494011773712,9.979377,0.06859846,9.876479,0.0813088093738155,0.00011423056131819872
3786109,0.6990965993191339,9.218652,-0.35501894,9.751181,0.1754284353650861,0.0
1277858,0.6686289053207274,10.642309,0.38967106,10.057802,0.1389256069473496,0.0016046044775467842
297402,0.6129226881775187,9.3540325,0.32418522,8.867755,0.0004858784899707,0.0
1265641,0.6333589901836453,10.453077,0.3081873,9.990796,0.2025312063193307,0.17898085170853936
5119,0.6427715549490975,10.529562,0.40493432,9.92216,0.0039539110433776,0.0
49412,0.7398155574074718,9.451131,-0.18427582,9.727545,0.0015126298609981,0.0
49562,0.6331006356274026,10.580547,0.5559718,9.74659,0.4323710756962936,0.41811449159873193
51474,0.6135802877116582,11.344051,1.0468429,9.773787,0.6804681895289981,0.5550495810334972
316144,0.6214114278046751,10.2543,0.7175462,9.17798,0.0769573670703352,0.03320453742169112
2604197,0.6674939213376935,10.67719,0.32575306,10.1885605,0.286035371717575,0.00013816495365778423
53398,0.6135585099956606,10.841962,0.76501465,9.69444,0.6875654658676301,0.46710878219441043
690249,0.6034784938415919,10.468338,0.3327392,9.969229,0.0133462816563864,3.799654913365745e-05
1406104,0.6661149855419845,10.48917,0.26898906,10.085687,0.0807870775652925,0.04252030519880891
4914,0.603250041329766,9.767633,0.1353431,9.564619,0.0033624740932376,0.0
139198,0.6171329942736591,10.444633,0.7734697,9.284428,0.2288920042645045,0.09623165225451652
1411684,0.6485807540199461,10.728262,0.65846443,9.740565,0.5010676776554599,0.19092244233294253
2687587,0.6543468626512038,10.518399,0.31705898,10.04281,0.2454674174224893,0.15504552101503138
717639,0.6098542589930279,10.505357,0.50001466,9.755335,0.1084271322090061,0.0750124763980599
154382,0.6590025718223093,10.3025055,0.24844581,9.929837,0.1067478547954562,0.0012526703955237641
52285,0.6558991111128528,10.216855,0.3218228,9.734121,0.0010064293418591,0.0
682377,0.7124545366045215,9.545181,-0.16690171,9.795534,0.0462998312467674,0.0
53810,0.646345198594246,10.899466,0.5900603,10.014375,0.5074586949946592,0.27609061449528577
146543,0.6374250543638406,10.487517,0.24610206,10.118364,0.1024763037149746,0.01562774258223282
429,0.679367329402015,10.220442,0.20677255,9.910283,0.0578100220860112,0.03173187475294814
45660,0.7019198732441669,10.008183,0.4850926,9.280543,0.0083473738252809,0.0
134041,0.6539438614173496,10.38881,0.2991306,9.940114,0.070222575054366,0.03497877101264475
682784,0.691543936038801,10.53355,0.07352168,10.423267,0.0534210702179221,0.0078997585663698
1370726,0.6299987347079491,9.052533,0.31705898,8.576944,0.033552903971311,0.0
684934,0.6681414031623797,10.567893,0.4942134,9.826572,0.2589065723398106,3.1339175761169175e-05
1373485,0.6510122956417426,10.441576,0.16804738,10.189505,0.015754261790411,8.947638717421711e-05
5612,0.6969484753478227,10.902872,0.4942134,10.161552,0.6171052884799161,0.5610925051798543
56230,0.6390757830224267,10.3949995,0.35670635,9.85994,0.0041218054548596,0.0
2677265,0.6818709786351004,10.268693,0.34787294,9.746883,0.1095197273237674,0.0
2679391,0.6949853270504308,10.573813,0.21391739,10.252937,0.03291261055975,8.675468615210775e-05
1404994,0.6032449223369113,10.715393,0.7000555,9.66531,0.5038464491294496,0.44313741674972124
340024,0.6532958707570389,10.264564,0.70400363,9.208558,0.0539124135507912,0.0382859086199356
153297,0.6759685572376042,10.206966,0.6376024,9.250563,0.302249593121898,0.270458676373103
1442638,0.6268365252058251,10.20167,0.28345957,9.776481,0.0451009428379957,0.0002844372794632848
302055,0.6525797723623922,10.137467,0.259523,9.748183,0.2868182074877721,0.0
756488,0.6093760444754209,10.494089,0.58015525,9.623857,0.1720221704523069,0.05029161062742212
69297,0.605413483466434,11.011827,0.53231156,10.21336,0.4619345592707178,0.18360685666306725
7139,0.6351547256914025,9.980708,0.32575306,9.492079,0.0325917147209938,0.008112650529119905
710029,0.6409975243643615,9.411907,-0.03652288,9.466692,0.0011831192244413,0.0
312471,0.6396887980419201,10.472927,0.54382944,9.657183,0.0106034663538863,0.0
808565,0.6140029010090511,10.451282,0.3916926,9.863743,0.0182286104412768,0.00015231366490477341
61324,0.6857308731377393,10.014788,0.21137913,9.697719,0.0042326632218211,0.0
297376,0.6866315743227543,10.09737,0.19688404,9.802044,0.0074378489895794,0.0
729799,0.6075354512707395,9.91531,0.21442327,9.593675,0.0035573244323629,0.0
1461168,0.6945604186490201,9.0367565,-0.08559676,9.165152,0.0031373592483852,0.0
6818,0.6470608066618607,10.631353,0.39437345,10.039793,0.1615622310172955,0.08286156168766286
784221,0.6924446016169572,9.205647,-0.14902699,9.429188,0.0050034200153102,0.0
72514,0.7358321961981545,9.188826,-0.25048465,9.564552,0.0083481536680846,0.0
801128,0.6113815652993632,9.743065,0.0022406976,9.739704,0.0003725861971692,0.00018908990826802796
1451575,0.6649807873984348,11.005846,0.4894086,10.271733,0.32326423872023,0.23559648386240786
493,0.6155267517220521,10.042561,0.25906706,9.65396,0.0019627851196169,0.0
65590,0.6033561670766467,10.242821,0.23128156,9.895899,0.0023109849518908,0.0
759540,0.636711124282444,9.800386,0.03170919,9.752823,0.0147581131750732,0.0
1542414,0.632163275205445,10.778498,0.46851447,10.075726,0.1862682832061117,0.1059045051898454
4206505,0.6274229961541008,9.982477,0.15549135,9.74924,0.0051466266571612,0.0
1568419,0.6116856779612636,10.494633,0.22786382,10.152837,0.2210540699129655,0.06545110814033976
171276,0.602874772643495,10.63056,0.562372,9.787002,0.1988619823839519,0.0008831613134620513
171673,0.734682944021175,9.785362,-0.03293365,9.834763,0.0001740359682173,0.0
385504,0.6768635965721616,10.005679,0.340372,9.495121,0.0292877235145201,0.0
789267,0.7090781361721415,9.504693,-0.18427582,9.781107,0.000310851147956,0.0
789289,0.64428074205663,9.789512,0.024723064,9.752427,0.0132885061133114,0.0
1572882,0.6322436242658837,9.895278,0.15024829,9.669906,0.0028094625360254,0.0
3055207,0.6136808702168888,10.263178,0.68662953,9.233233,0.0464491180079453,0.01626179921994959
7317,0.6192068633432238,10.350454,0.6642455,9.354086,0.2560059715619157,0.2274765786719146
75753,0.6016829810267675,10.633724,0.40166155,10.031232,0.4238658233099228,0.12278728073124227
735322,0.6212170663676969,9.550584,0.30573598,9.09198,0.0008875274421538,0.0
6334,0.7161295565286975,10.26915,0.2418512,9.906373,0.0282405390864681,0.011946958086334778
769618,0.6520426553405002,10.823011,0.33427653,10.321596,0.225753103810259,0.023587363792857752
378098,0.670042916486978,10.261788,0.37941974,9.692658,0.0096808696127139,0.0
378100,0.6586082152445699,9.957965,0.14907452,9.734353,0.0185378047924636,0.0
70751,0.6071907853023358,9.85221,0.1167542,9.677079,0.0013481877003949,0.0
73351,0.6182077740095974,10.384634,0.29746345,9.938438,0.030132060098608,0.010083602269654974
813650,0.6314186999791817,10.333482,0.4234449,9.698315,0.105804192947798,0.06303394680615174
376593,0.6373428868167499,10.171897,0.2716562,9.764413,0.0267241480290967,0.0031542459401429847
383198,0.6782191570767805,10.160916,0.5052221,9.403083,0.0173193785613762,0.0
75729,0.6087235204754728,9.954213,0.17363684,9.693758,0.0021504996268284,0.0
1634879,0.6150355742763886,9.7783575,0.17860658,9.5104475,0.0026330060810962,0.0
6354,0.6592064537916286,10.26364,0.487256,9.532757,0.0589275128454847,0.0018822624891445257
6474,0.7317893798447779,10.245237,0.49791405,9.498366,0.0645168616770512,0.0016181385934954382
65193,0.6515945956376892,9.586629,0.92781305,8.194909,0.1726956748834174,0.16436854429413303
748385,0.6827276342244004,9.100072,-0.16206272,9.343166,0.0008337471571203,0.0
1533565,0.6916868491770868,10.272331,0.3380962,9.765187,0.0567449878493567,0.013117482145988029
813496,0.6301922653218894,10.863383,0.55735123,10.027356,0.5090968091301858,0.37963292297593254
4107179,0.6215625423296004,10.850657,0.6322264,9.902318,0.4114773243556779,0.2787596024739673
774849,0.6719565437540477,10.4774685,0.3937048,9.886911,0.0460084538634876,0.015410329094996497
72262,0.6794855734606449,10.369694,0.3288719,9.876386,0.1725263944706654,0.0042205730337744355
386766,0.6696043343421879,10.135611,0.6009918,9.234123,0.240703167205652,0.13528161489004287
64391,0.6151488291360955,10.956281,0.5968199,10.06105,0.1955428447199472,0.09552749614996507
160741,0.6064768012123853,10.26364,0.8741591,8.952402,0.1642309859330565,0.15079620124111043
61127,0.6699223508183056,10.638428,0.1407681,10.427276,0.1270197593302371,0.02446061091518304
750387,0.6231832383440952,10.45546,0.31062487,9.989522,0.0673753484876555,0.03321253829497571
359382,0.6580374234559165,10.2399025,0.20831351,9.927432,0.0083765937340516,0.0
1506631,0.6094104634168761,10.299539,0.1802506,10.029162,0.004435613613392,0.0
168374,0.6483397759946641,10.690533,0.30655462,10.2307005,0.5655616789755166,0.10128863291013739
481,0.6486001002007352,10.100745,0.6886701,9.06774,0.3484498677961755,0.011740063876295937
6399,0.6527093123761406,10.125568,0.1802506,9.855192,0.0308883446147679,0.030244565200506075
66394,0.6451765239791749,10.452479,0.49155065,9.715154,0.0147081014006657,0.0
66449,0.6597457439161772,10.378294,0.27868944,9.960259,0.1888825418465555,0.0001411200260371654
761509,0.680198273787178,10.6877575,0.20263638,10.383803,0.169471379912742,0.0006405793613788655
4153000,0.6582156716889987,9.61428,0.26675388,9.2141485,0.0035935834577542,0.0
4285578,0.6509201777154335,9.203663,0.09733392,9.057662,0.0013478858315649,0.0
5807583,0.603265189731833,10.659728,0.45069182,9.98369,0.0667904629427267,0.0014022412816866385
794862,0.6183361170396101,10.310044,0.3682115,9.757727,0.0304799686132346,0.007421103801489761
10223610,0.6176055146725293,10.162086,0.27254158,9.753273,0.1187469094824708,0.003780010668988335
75687,0.664511922614747,10.234007,0.34112793,9.722315,0.0540376146760585,0.0003943009446223234
6301,0.6267726950901156,10.918696,0.5219766,10.135732,0.3943023614772102,0.30945937050492345
6453,0.6856859741322712,9.090283,-0.021904755,9.12314,0.0025956729758214,0.0
372258,0.6469758089981922,10.700108,0.4399973,10.040112,0.0995069282325423,0.0391136549248327
75441,0.6283978052976779,10.73829,0.22884306,10.395025,0.5037417905164681,0.48895133724786705
176704,0.6385286141720474,10.286586,0.33657235,9.781727,0.0011848315242962,0.0
73661,0.6716468067631327,10.468338,0.39902547,9.8698,0.1089082880195757,0.0017769291743903847
64105,0.7043249407385668,10.37186,0.31385386,9.901079,0.0855376552127269,0.0018144797549645988
361487,0.6423251547812795,10.2399025,0.31385386,9.769122,0.1140910162574427,0.06756404234562399
767647,0.6636620526642281,10.081501,0.5154533,9.308321,0.0534415044461996,0.02351692069399776
7274,0.6222500583236344,10.639207,0.8674672,9.338006,0.4978416550127326,0.35293517069249053
735584,0.6998065777049812,10.18205,0.16295461,9.937618,0.002933450172638,0.0
5647818,0.659300943594705,10.418912,0.13836534,10.211364,0.0955383937298988,0.003843554227850641
805018,0.6186872361765806,10.494089,0.14375295,10.27846,0.0687262867340659,0.007554819249481567
