SRG_HaloCatalogueIndex,n_matches,best_matching_distance,median_matching_distance,best_SAG_HaloCatalogueIndex,SRG_compactness,SRG_DoR,best_SAG_compactness,best_SAG_DoR,delta_compactness
8002,5,0.3674858609839678,1.35549255847578,765512,9.773205107292776,0.6010852373195695,9.738272442458973,0.6583539923286436,-0.03493266483380353
53300,5,0.37009852342777105,1.2591305958730614,55787,9.76794480982116,0.6259020252382109,9.492912478949004,0.6191937396743034,-0.27503233087215584
42536,5,0.523812581843103,0.86588450035215,767647,9.75147022144262,0.6195340219782417,9.308320248230473,0.6636620526642281,-0.44314997321214733
9952,5,0.5729854040111235,1.07369401414598,813650,9.890725427311946,0.6148557942710099,9.698313385396531,0.6314186999791817,-0.19241204191541428
12172,5,0.5871717927075131,0.8988795565612849,39462,9.872956434344427,0.6559461671706917,9.588326212811742,0.6747854291495544,-0.28463022153268547
3843,5,0.6335036299988074,0.7894299205491464,12185,9.775233913252237,0.6912472697372388,9.555776225985223,0.6501444509825213,-0.2194576872670133
126915,5,0.6575768453943024,0.9265963195506226,1052627,9.831222842953853,0.6322243090380213,9.57183453967825,0.6304637685133673,-0.25938830327560325
103252,5,0.7048390293741387,1.0458423124118235,813650,10.017176193627623,0.6399017231499968,9.698313385396531,0.6314186999791817,-0.31886280823109203
717639,5,0.7166164121613479,0.9577887544974337,813650,9.755333571110809,0.6098542589930279,9.698313385396531,0.6314186999791817,-0.05702018571427736
304,5,0.7181333028284378,1.3251060968438908,1447,9.827063887924822,0.6521650115556714,9.719443902647926,0.6301166461410381,-0.1076199852768962
145106,5,0.7197630230621067,1.0396962879617009,1411684,9.842374659436231,0.6462121186005444,9.740565591518882,0.6485807540199461,-0.10180906791734934
3859,5,0.7370307220744344,0.9922810515546375,2342292,9.78125853413458,0.6047750707089494,9.37742197467471,0.636423827633617,-0.40383655945986874
72262,5,0.8306883461287883,0.9937522765305238,440402,9.87638505310651,0.6794855734606449,9.665448726283309,0.6630611435285877,-0.21093632682320163
372258,5,0.8322851186872126,1.2078170737650584,52429,10.040110741930878,0.6469758089981922,9.635079955974051,0.6169129369290133,-0.40503078595682673
10223610,5,0.8511215585606313,1.2107865766399315,3055207,9.753272216249949,0.6176055146725293,9.233232969155631,0.6136808702168888,-0.5200392470943171
50269,5,0.862267054140329,1.2715415558898768,273895,9.875561796603872,0.7151884979919824,9.56698682263212,0.6836118974326965,-0.3085749739717514
1568419,5,0.8656944668461419,1.0585522961391383,2342292,10.15283591220984,0.6116856779612636,9.37742197467471,0.636423827633617,-0.775413937535129
328522,5,0.8693980774441152,1.3388000596752683,1411684,10.03021413137389,0.6718535456827563,9.740565591518882,0.6485807540199461,-0.2896485398550084
775921,5,0.8718054679869274,1.1797241294701788,3055207,9.828257307265586,0.6014065745857468,9.233232969155631,0.6136808702168888,-0.5950243381099547
702000,5,0.8725048770573399,1.1702146997347362,591516,9.885895701063433,0.6161241624593478,9.749669707780871,0.6236500712661729,-0.13622599328256157
4107179,5,0.8826157513302388,1.3862852014070794,1411684,9.902317891888003,0.6215625423296004,9.740565591518882,0.6485807540199461,-0.16175230036912147
2687587,5,0.8862799704859039,1.0347833851728188,1423833,10.042809873954925,0.6543468626512038,9.659179480951044,0.6698063463058056,-0.38363039300388024
995106,5,0.8892679895535615,1.3888482904500672,13769,10.29144226063457,0.6802090174058896,9.677943615734495,0.6254047189121353,-0.6134986449000746
6818,5,0.903835626455052,1.4008501247174325,53398,10.039792033736568,0.6470608066618607,9.694439716433104,0.6135585099956606,-0.3453523173034636
423945,5,0.9119309284972646,1.0954393720014481,481813,10.20153775341536,0.6160925936924683,9.696030700321566,0.6063854464961596,-0.505507053093794
271684,5,0.9181258384657662,1.203471030600587,481813,9.931304423902851,0.6642799875957334,9.696030700321566,0.6063854464961596,-0.23527372358128495
77613,5,0.9271794529059487,1.2769263751277677,481813,9.94519816388625,0.616261287245523,9.696030700321566,0.6063854464961596,-0.24916746356468344
3471263,5,0.9277344393394904,1.223757072500627,481813,9.980542709129484,0.6077150067294418,9.696030700321566,0.6063854464961596,-0.2845120088079174
15531,5,0.9557984199611157,1.3997993891533238,1411684,9.97778413311304,0.66689122433132,9.740565591518882,0.6485807540199461,-0.23721854159415834
503453,5,0.9565319353741333,1.25439702868051,1411684,10.2604876400349,0.623574460789296,9.740565591518882,0.6485807540199461,-0.5199220485160172
133204,5,1.0280599466909817,1.3422573167758765,756488,10.073288070628982,0.6104780507118654,9.623855556399011,0.6093760444754209,-0.44943251422997044
319646,5,1.029857355181865,1.067700242608657,440402,9.81621202058438,0.6831502780138443,9.665448726283309,0.6630611435285877,-0.15076329430107194
146543,5,1.0387244921324403,1.1892591102724503,39462,10.11836328357738,0.6374250543638406,9.588326212811742,0.6747854291495544,-0.5300370707656388
40638,5,1.0558359555659729,1.5728263107810225,591516,9.907725942432336,0.6469504784134035,9.749669707780871,0.6236500712661729,-0.15805623465146468
813496,5,1.0598803885136825,1.3190146165285979,49780,10.027356416486311,0.6301922653218894,9.496352582618035,0.6319006491999953,-0.5310038338682759
7997,5,1.0823970801555929,1.4602007411672666,153297,9.801493062149111,0.7331995762812181,9.250562074349869,0.6759685572376042,-0.5509309877992425
17066,5,1.0980719460369406,1.4421844522015639,1411684,9.97129811902244,0.6137409075294514,9.740565591518882,0.6485807540199461,-0.23073252750355877
53810,5,1.124523608542278,1.297464384128932,1411684,10.014374960521508,0.646345198594246,9.740565591518882,0.6485807540199461,-0.27380936900262576
1295671,5,1.1384461119534266,1.1895599992313481,481813,10.005177779938451,0.6321841526992807,9.696030700321566,0.6063854464961596,-0.3091470796168849
64391,5,1.1595530905496196,1.583809604710666,591516,10.061050436494078,0.6151488291360955,9.749669707780871,0.6236500712661729,-0.3113807287132069
1950115,5,1.163511939791445,1.3305079615863855,1411684,10.129703403658322,0.6103629922430767,9.740565591518882,0.6485807540199461,-0.38913781213944
429,5,1.169942310490708,1.25111013763929,813650,9.910282402530598,0.679367329402015,9.698313385396531,0.6314186999791817,-0.21196901713406646
215760,5,1.1701986996772327,1.2696184405464126,756488,9.934847775689995,0.6355447257667793,9.623855556399011,0.6093760444754209,-0.3109922192909842
168374,5,1.2196075064838061,1.308509608658574,481813,10.230699372331475,0.6483397759946641,9.696030700321566,0.6063854464961596,-0.534668672009909
6301,5,1.2266973248233024,1.3547179785982912,39462,10.135731299563082,0.6267726950901156,9.588326212811742,0.6747854291495544,-0.5474050867513398
150956,5,1.2374998036302012,1.4835280276543485,1411684,9.991695362822949,0.6112348731793519,9.740565591518882,0.6485807540199461,-0.25112977130406655
1125165,5,1.257250671384701,1.3244726529393598,765512,9.884487629433604,0.6180330776660589,9.738272442458973,0.6583539923286436,-0.1462151869746311
152636,5,1.3407411888270184,1.375141486381065,440402,10.018605565598866,0.6437833297143299,9.665448726283309,0.6630611435285877,-0.35315683931555775
44523,5,1.3974936839420475,1.6340987131239586,591516,10.005761460661216,0.6064688200675034,9.749669707780871,0.6236500712661729,-0.25609175288034436
645160,5,1.4061316707251148,1.5115056140583072,339605,9.918949746400026,0.6361371555496546,9.378948251859434,0.6246985665295753,-0.5400014945405918
308423,5,1.4897961458367932,1.7765116038075572,765512,10.37368014755863,0.6387986712863496,9.738272442458973,0.6583539923286436,-0.6354077050996576
59531,5,1.4959741602192704,1.6937758165101222,440402,10.168156440825662,0.7344147424352562,9.665448726283309,0.6630611435285877,-0.5027077145423533
3198019,5,1.5165471026742987,1.7437647561838212,55787,10.30124791323478,0.6124418973164785,9.492912478949004,0.6191937396743034,-0.8083354342857767
4323,3,1.5390014493275932,2.008814129219763,52429,9.78396492021404,0.6001028217200032,9.635079955974051,0.6169129369290133,-0.1488849642399881
1415,5,1.5636502757269535,1.9687830966824404,591516,10.171070008319044,0.6206592467390807,9.749669707780871,0.6236500712661729,-0.42140030053817235
156087,5,1.585098805859179,1.635330690627273,813650,9.936044615761984,0.6091140452882459,9.698313385396531,0.6314186999791817,-0.23773123036545307
245505,5,1.5857193499641,1.953862111048768,1447,9.977889274644223,0.6102369265141454,9.719443902647926,0.6301166461410381,-0.2584453719962969
769618,5,1.6203737266794895,1.7512199426028459,440402,10.321596458200776,0.6520426553405002,9.665448726283309,0.6630611435285877,-0.6561477319174678
1451575,5,1.747511216964662,2.0778360558870648,1411684,10.271733420262423,0.6649807873984348,9.740565591518882,0.6485807540199461,-0.5311678287435413
3586,5,1.8083330839833607,2.027363751114272,1411684,10.272287323990303,0.65087904992931,9.740565591518882,0.6485807540199461,-0.5317217324714214
104782,5,1.94025509134298,2.1008097957364362,39462,10.375774457016368,0.6943957712516015,9.588326212811742,0.6747854291495544,-0.7874482442046258
141036,5,1.9907171793187808,2.2327030299962556,55787,10.467512227125775,0.6006012868655463,9.492912478949004,0.6191937396743034,-0.9745997481767716
61127,5,2.054108365029621,2.2812979792044583,13769,10.427274689029693,0.6699223508183056,9.677943615734495,0.6254047189121353,-0.7493310732951972
