subhalo_id,soap_row_index
9,26629
126,75612
143,231760
272,338226
308,407402
362,704704
391,782814
450,910303
492,948187
759,1221960
937,1343618
978,1468376
1049,1550738
1408,1782924
1415,2004786
1484,2110420
1685,2125743
1782,2202442
1874,2235807
1959,2359436
2003,2537250
2226,2578540
2494,2695447
2495,2753154
2571,3195043
2622,3274934
2993,3292378
3024,3367797
3586,3506302
3979,3584793
4357,3801200
4730,3871604
4917,3910997
4944,3988224
5497,4095916
5533,4223978
5612,4569811
5638,4771236
5649,4778400
6012,4778411
6041,4778422
6203,4778636
6301,4819138
6700,4844923
6905,4902515
6992,4902521
7231,4902884
7560,4903403
7778,5120198
8623,5125468
9823,5186997
10442,5665086
10501,5854112
10967,5854194
11028,5917629
11696,5929364
12490,6227214
12521,6227343
12774,6227360
13256,6227420
14017,6227518
14746,6227551
16681,6271190
16689,6402381
16838,6402490
16940,6460969
17218,6482317
18044,6955945
18403,7028113
18787,7127597
19859,7263403
20315,7598329
20320,7911694
22219,7970748
22654,7970754
22926,8153747
23680,8153760
23874,8178292
24896,8316115
25850,8375583
26277,8375627
26472,8375634
28241,8375689
28815,8375783
28864,8375905
29125,8429429
30099,8517994
31582,8698900
32330,8733255
33611,8762177
34830,8814859
35969,9043778
36624,9061442
37299,9356197
38433,9363465
38482,9603723
38960,9813924
38961,9823293
39339,9856914
39446,9898188
40685,10038179
41064,10272329
41175,10402924
41591,10484188
41593,10584113
42088,10584136
43379,10890469
44486,10900645
44768,11116594
45777,11116597
46078,11116601
47469,11117030
48082,11169766
48806,11210963
48882,11211041
48958,11211055
51234,11400395
51307,11520325
51413,11525913
52237,11693086
52608,11733555
54065,11749339
54793,11824064
54809,12142873
55073,12171831
55698,12181028
56334,12181078
56351,12196971
56561,12196998
56580,12252466
56816,12277387
57272,12293416
58793,12499939
58845,12511704
59071,12511857
59276,12651657
59531,12735949
59973,12774536
60203,12794248
60260,12854325
61127,13023369
61329,13048529
62534,13064331
63005,13166632
64040,13192241
64460,13253716
65272,13324160
65964,13330806
66061,13550044
67266,13588478
68591,13731740
68598,13883062
68902,13989579
69297,14124198
69770,14461475
70095,14461559
71384,14493508
71727,14735979
72033,14845796
72700,15317747
73731,15369664
75000,15369733
75441,15472932
75443,15472963
75558,15472984
75665,15472998
76409,15473015
79031,15473177
79235,15473343
80760,15473384
81562,15473456
82837,15473538
83656,15477019
85297,15568842
86617,15736012
86728,15773700
87061,15773761
88138,15775237
88547,16011518
89134,16158261
90128,16194543
91229,16236968
91263,16236972
91399,16237013
91836,16364452
93121,16415814
94690,16471592
95032,16479602
95100,16494224
95714,16596489
96592,16684677
96779,16708168
96800,16775803
99072,16882433
100531,17182942
101148,17260863
102788,17260944
102907,17260990
103807,17447572
104782,17447584
107444,17447649
109169,17550800
109337,17583731
111781,17606608
113391,17633985
118368,17652666
124269,17913528
127278,17915478
128900,18042718
132183,18042725
132519,18043031
133036,18109607
133055,18589666
133324,18682890
133820,18984195
135333,19241181
135532,19252722
137948,19305859
138842,19354595
140928,19406805
141036,19543230
143501,19580155
144209,19690480
144538,20178864
144741,20408022
146543,20417859
148700,20521972
148752,20531559
149640,20746543
150980,20818549
153295,20969531
154891,21014986
156742,21208684
157046,21260586
158412,21301875
158660,21379331
160468,21498271
163436,22133852
165301,22384612
166420,22425464
167794,22538695
167835,22601842
168186,22614410
168312,22637928
168374,22790920
170007,22848851
170664,22889534
171425,23306875
171940,23413720
172541,23436591
172618,23477995
172743,23532547
173028,23795245
173081,23999681
176431,24153877
176832,24177848
177722,24202208
177824,24471213
183993,24491168
186200,24542357
192199,24597695
192291,24671234
195539,24909592
197016,24912851
197076,24978914
197137,25199194
198611,25361795
198893,25455523
200039,25624811
202570,25624868
202897,25673074
204670,25723704
205093,25790074
210319,25816679
211417,25929873
213464,25985378
213694,26008128
216550,26203051
219248,26491699
219721,26816216
221517,26954062
222289,27053320
222677,27053327
222814,27053335
222999,27053447
226643,27076642
226646,27177139
231307,27177250
233326,27261857
236688,27296219
239929,27296484
241741,27461132
243350,27527192
245231,27563610
248613,27584879
250116,27682047
251433,27838338
254065,27881351
254923,28234942
261777,28376661
263703,28774718
265317,28774866
266779,28819455
266910,28819582
268100,28819709
270337,28819926
278796,28906384
280889,29162657
282398,29245813
284703,29367158
285956,29418169
291462,29542000
291470,29793898
293235,30251561
294230,30295907
300400,30296217
300461,30296237
300664,30333410
300984,30333503
304416,30333539
305453,30362274
308423,30443717
311591,30618432
313915,30718913
315790,30718981
316874,30772590
321819,30793978
321821,30973782
321881,30987449
322171,31196041
323031,31477795
323039,31646074
323488,31813104
326201,31867372
326887,31906396
329520,31926988
334691,32062660
336613,32223163
338104,32228885
338580,32438694
339315,32438747
339864,32598630
341472,32647083
343006,33043384
346521,33054394
349182,33112646
349538,33479185
352542,33543611
358243,33569080
359248,33596813
359578,33690170
360660,33722525
361348,33722565
362533,34044723
365289,34105457
366573,34407445
369962,34615789
371815,34653871
372761,35365695
373347,35366440
375129,35444385
378115,35661672
381046,36032503
381539,36059744
386842,36378059
390846,36407123
391050,36421135
392909,36591554
399047,37084482
402510,37096863
402569,37134796
406453,37336539
414057,37463683
415924,37526233
423945,37722830
427356,37825173
435436,38001946
435538,38020293
436420,38323491
440918,38402752
444365,38506434
450417,38779980
458919,38923855
471338,38941209
472438,39122930
480155,39226556
492527,39349484
494970,39360074
496954,39440023
496985,39686756
500334,40326311
502997,40677886
503453,40899402
504731,40904180
511310,41007544
517138,41074806
537268,41074923
540251,41075573
543466,41510720
544799,41581159
546448,41863900
547467,42200056
552961,42253881
553480,42451488
557228,42701943
560617,42887528
561091,42961580
561420,43003513
563376,43268222
575823,43746865
583176,43813743
589453,44452035
590565,44562860
593631,44695914
599396,44765253
601712,44776492
602395,45029320
606926,45315456
607693,45770688
610365,45859225
610608,45899996
611875,45962952
613188,45962977
617091,45970748
620044,45995302
630395,46091839
630528,46091882
632496,46091895
635276,46093965
635574,46134128
637698,46285848
637722,46303681
638585,46303935
638754,46304210
644869,46304274
647297,46570803
652159,46752080
654985,46761999
659091,46924244
659905,47087567
662287,47151829
664400,47349006
670265,47435351
677550,47446568
677613,47551331
679306,47569334
682784,47656602
694144,47686884
695038,47720616
695815,47824894
698792,47912618
699810,48000683
702824,48023808
704250,48070061
708494,48145895
709366,48253417
711737,48288941
713276,48412847
714291,48685897
717689,49000593
718248,49061143
720278,49103912
720514,49164975
721503,49172883
724134,49191751
726526,49303542
728163,49393171
735922,49456356
736900,49516992
737278,49550256
737877,49550605
747880,49908404
751416,50027383
758788,50034931
761509,50060312
764883,50069937
766082,50197016
767667,50438416
769618,50444854
770955,50479400
771562,50479518
776018,50507776
778869,50601829
784803,50915392
785891,51150596
786082,51345560
793416,51375735
805018,51413462
806092,51433572
807260,51497612
809503,51550475
812991,51612232
815258,51637663
817454,51644197
820381,51695861
821231,51794120
839898,51837420
844903,51864859
856050,52020417
858826,52081916
865552,52174930
868437,52299758
869305,52695490
871274,52699699
884010,52777197
909970,53217779
910286,53390484
916372,53550171
925424,53638435
927634,53990705
929942,54004414
937008,54021096
939527,54098478
946668,54155985
949133,54155989
951058,54197273
953241,54568616
958172,54588138
958228,54620870
959876,54711553
977471,54860338
979716,55222074
980107,55688821
990587,55801578
995106,55934003
997544,56223035
997900,56314633
999532,56602730
1008828,56602802
1010350,56629434
1014034,56723744
1040964,56900188
1041257,56928637
1041630,57068990
1056558,57116479
1063756,57126057
1084519,57174348
1085786,57174358
1092906,57241170
1101316,57896011
1105045,58120535
1121833,58408532
1127010,58456464
1128690,58471298
1134909,58514369
1155884,58614280
1165966,58847637
1166700,58892057
1188948,58947258
1190661,58963070
1192409,58963342
1195883,58963642
1197986,59151077
1198912,59282219
1207848,59334509
1211176,59406918
1218474,59411472
1218700,59411473
1224517,59411625
1236310,59411628
1243661,59679428
1252858,59679495
1259617,59761311
1262810,59835077
1265845,59959373
1270772,60474903
1278676,60572243
1286967,60867271
1296845,60879624
1299170,60977066
1302165,61411150
1304129,61415422
1305066,61458589
1306025,61613739
1306033,61620910
1313820,61740245
1316768,61789763
1319946,61789765
1328813,61815175
1335263,61895081
1338299,61927936
1339152,61963787
1343242,62101777
1343832,62250151
1353319,62263543
1359463,62338399
1362297,62383159
1365176,62639733
1366265,62673337
1373485,62912789
1374997,63189298
1389629,63477985
1395540,63689573
1398403,63712883
1429301,63712904
1443347,63712933
1444567,63768429
1447963,63852250
1451575,63863863
1454545,64016962
1465137,64079355
1508619,64138175
1514116,64391640
1518042,64531102
1519141,64743421
1543843,64845527
1545046,64879458
1558244,64914352
1560918,65015790
1565993,65182702
1568419,65185354
1580884,65206706
1582208,65346182
1582670,65371815
1584533,65375111
1585102,65407307
1590258,65548416
1595734,65605031
1598943,65657099
1602619,65772650
1602951,65920437
1610743,66172723
1632029,66294718
1643725,66357388
1655189,66371615
1660385,66427289
1694775,66476958
1699510,66585514
1729256,66629594
1740703,66629602
1763265,66629611
1807195,66629665
1816225,66629670
1816792,66629985
1826560,66663609
1845543,66697313
1852695,67010579
1867031,67348396
1898333,67348397
1922533,67383877
1930719,67716190
1936157,67716278
1948311,67755880
1950115,67812724
1983319,67821419
1991595,68038860
1998775,68074704
2018512,68159879
2152268,68294652
2154906,68483805
2168337,68495575
2176118,68612724
2189976,68763915
2195254,68787825
2245012,68909620
2299855,69100531
2300264,69301514
2313830,69323983
2356795,69668292
2358912,69674198
2367800,69722423
2370827,69852134
2371569,70237018
2386713,70260843
2399247,70304933
2446903,70346227
2498060,70403301
2517790,70498122
2517817,70506673
2519079,70506720
2519970,70582944
2531523,70813084
2592715,70940646
2604197,71026200
2615072,71107760
2628933,71453483
2659870,71473435
2664151,71586396
2679391,71848940
2748961,71863480
2764112,72107228
2787149,72284927
2788924,72372293
2791247,72377329
2798856,72432333
2821316,72539540
2821775,72597471
2858896,72616299
2860570,72822351
2873509,73090253
2879816,73093686
2912076,73093707
2920402,73143643
2961966,73159426
2969809,73199962
2976295,73267346
2985024,73320803
3002166,73373820
3016722,73428428
3028815,73652617
3038986,74022148
3047787,74117704
3062586,74137505
3099697,74192769
3100994,74306987
3198019,74309956
3229802,74464862
3281252,74643832
3294832,74722053
3517151,74733798
3570855,74740152
3571883,74836275
3573819,74844223
3579899,74886451
3623303,75082255
3685356,75082260
3690937,75510173
3692674,75555133
3700629,75614300
3709096,75625056
3740743,75743200
3778695,75871914
3812002,76181526
3837136,76302309
3838812,76816344
3847645,76924461
3863778,76978435
3868931,77246451
3873052,77275379
3899885,77568877
3945845,77715666
3964165,77816524
4008456,77839291
4017469,78342726
4038697,78650690
4044806,78840917
4109323,78862909
4110512,78970230
4143488,78970302
4196479,78970471
4207280,79061232
4213754,79533522
4226390,79589502
4273779,79853806
4319750,80441932
4450148,80452446
4588399,80495282
4599977,80641027
4650466,81046238
4706049,81295917
4731537,81834146
4811570,81946813
4877512,82104299
4995580,82127726
5108326,82152967
5167556,82291906
5177647,82437841
5177871,82664082
5227792,82773708
5312869,82778879
5577975,82778889
5590835,82778910
5620927,82995325
5647818,83016374
5790790,83183339
5812773,83309896
5881245,83637371
5935216,83732486
5986887,84203252
6105192,84273127
6657709,84415730
6691755,84511702
6705763,84623483
6818107,84778213
6905067,84791711
6942517,84907672
6967252,85251744
6991770,85779735
7120330,85793825
7144050,85858719
7205546,85919569
7294625,86141751
7302468,86214594
7416846,86314726
7670343,86406247
7720016,86479428
7757489,86570273
7931028,86670052
8018381,86749841
8074141,86754553
8150342,87159755
8251358,87205130
8406904,87500318
8417666,87581512
8461425,87682160
8510907,87688304
8719371,87740088
9122512,88087766
9175502,88173578
9440169,88391316
10039040,88454561
10571683,88559140
10854404,88627405
10858706,88627494
11039252,88661719
11322651,88984133
11867901,89041646
11983390,89047523
12274842,89206494
12793863,89452127
13112057,89636971
13656576,89770116
14624354,89844942
15759602,89917565
16101837,90006208
17120162,90078592
17841579,90293678
18364834,90293836
19530271,90509652
19535611,90676180
22838652,90952638
31349037,91070217
