track_id,HaloCatalogueIndex,DoR
765512,765512,0.6583539923286436
775921,775921,0.6014065745857468
809503,809503,0.6315994382294959
25311,25311,0.6061328658656949
83700,83700,0.6566717963671045
2860534,2860534,0.647990293420894
8002,8002,0.6010852373195695
1874277,1874277,0.6267316195050473
17066,17066,0.6137409075294514
552,552,0.6904961368601793
553,553,0.7124777848063014
71883,71883,0.6492821745148009
72033,72033,0.6611736134081211
74170,74170,0.6329071544436423
74285,74285,0.6951509463023098
100031,100031,0.6839624251195557
798108,798108,0.638630359266431
1977002,1977002,0.6153248005596197
3028815,3028815,0.6531510103884934
97114,97114,0.6621051872474024
9659,9659,0.6204142004366383
496129,496129,0.6820498448598892
77613,77613,0.616261287245523
16955,16955,0.6093009881349091
23328,23328,0.6325683073057371
100221,100221,0.7144579189526166
229037,229037,0.627827642640436
229539,229539,0.6364485035977898
4679778,4679778,0.6001942545673514
2226,2226,0.664697544972055
435755,435755,0.653036736824823
436157,436157,0.632480981104096
1782066,1782066,0.7404743771822154
10571683,10571683,0.6680773258759971
215760,215760,0.6355447257667793
995106,995106,0.6802090174058896
1011731,1011731,0.6443797003773413
25850,25850,0.6657124844476187
9581,9581,0.6915810848661282
185825,185825,0.6589066725443175
415368,415368,0.6877238228986977
884010,884010,0.6028653478303433
1699510,1699510,0.652445029846908
884395,884395,0.6390632154935596
1415,1415,0.6206592467390807
503453,503453,0.623574460789296
9952,9952,0.6148557942710099
12172,12172,0.6559461671706917
423945,423945,0.6160925936924683
415381,415381,0.6453416373556711
7598,7598,0.7014676441642759
8411,8411,0.6602161561269901
80788,80788,0.6622087069885517
80976,80976,0.6033654774044561
189514,189514,0.6548322989200139
189629,189629,0.69951897542127
189716,189716,0.6626176341494049
190293,190293,0.7092008799549306
413656,413656,0.6699043556650096
1648535,1648535,0.6011675726480279
1703813,1703813,0.6366114684190697
83271,83271,0.684790105962043
471061,471061,0.6833864921403746
1896059,1896059,0.6838720708795906
1970,1970,0.6209475595063677
985428,985428,0.6592798960628986
104782,104782,0.6943957712516015
1040964,1040964,0.6432128055050877
3198019,3198019,0.6124418973164785
15531,15531,0.66689122433132
15398,15398,0.6415685020249383
15788,15788,0.6506497685922836
460550,460550,0.6869908876345444
1685,1685,0.6598136854666824
17559,17559,0.6162753120910791
17910,17910,0.6208004211758845
18005,18005,0.7227492410942181
18413,18413,0.6218062366987339
458677,458677,0.686697642801295
943990,943990,0.6360825254458574
1817624,1817624,0.6470367911485998
1852695,1852695,0.6577851205454481
1870301,1870301,0.6936497593756278
3299260,3299260,0.619763767025986
6098149,6098149,0.6011218372668866
107,107,0.6579168815021977
20315,20315,0.6397176478391793
218204,218204,0.6999881300551886
218313,218313,0.685368226449491
8251358,8251358,0.6280103559279913
2022282,2022282,0.690100320212374
103252,103252,0.6399017231499968
23874,23874,0.6440065273446565
496985,496985,0.6628986367088184
81796,81796,0.6447050287842978
1708028,1708028,0.6374923191842267
18408,18408,0.7739284345876163
2330,2330,0.6139142587520242
24297,24297,0.7042781962206558
18028,18028,0.7003127085380463
1867573,1867573,0.6459186292607492
1172843,1172843,0.6280945210452531
964959,964959,0.678977150618202
1027827,1027827,0.6526772959494253
7997,7997,0.7331995762812181
239461,239461,0.6225507894912651
21069,21069,0.6777893009987741
482149,482149,0.6481326706955381
280889,280889,0.6612462848563534
4191,4191,0.659869495975509
2370827,2370827,0.6584083080664815
237565,237565,0.6365896034080193
246865,246865,0.6617600857676199
29739,29739,0.6081111756949498
1317,1317,0.7586374718540401
1350,1350,0.621941451538026
14823,14823,0.6807473739389485
571874,571874,0.7033460608211456
22568,22568,0.6249553254607334
99036,99036,0.6661844889650163
4253,4253,0.6215317279475285
19217,19217,0.6954969942631268
127129,127129,0.656771434015632
216550,216550,0.6588044417999849
284458,284458,0.7116675477635107
600989,600989,0.6187741132299455
1950115,1950115,0.6103629922430767
590734,590734,0.6033133299434295
304,304,0.6521650115556714
602429,602429,0.6932706303643063
41178,41178,0.6081134177336593
41356,41356,0.6635748267856949
1219113,1219113,0.6894189806994522
2348093,2348093,0.6708237911462418
129078,129078,0.6375284806671631
27683,27683,0.6106240165324701
537268,537268,0.6380915598157948
252431,252431,0.6610079472497637
587227,587227,0.6168696639388952
2299855,2299855,0.6596370304335647
39339,39339,0.6533108203535366
3843,3843,0.6912472697372388
43678,43678,0.6210874896163027
3471263,3471263,0.6077150067294418
29113,29113,0.6004966686491379
29125,29125,0.6857704775717242
245505,245505,0.6102369265141454
2081964,2081964,0.6596498656054957
1254911,1254911,0.6764094725843792
44523,44523,0.6064688200675034
112514,112514,0.6804460923564565
112637,112637,0.6969642700465215
541846,541846,0.6490138629232616
1095974,1095974,0.6429123488267003
1125165,1125165,0.6180330776660589
561091,561091,0.6546967874871191
258026,258026,0.6757229738568599
127454,127454,0.6275766955159647
586019,586019,0.6714912439164086
129308,129308,0.6189566768837892
40638,40638,0.6469504784134035
2224712,2224712,0.6387213563394316
126915,126915,0.6322243090380213
4323,4323,0.6001028217200032
250132,250132,0.6367544063618816
42536,42536,0.6195340219782417
645160,645160,0.6361371555496546
308423,308423,0.6387986712863496
48750,48750,0.6918444995272178
34442,34442,0.6209260924046233
271684,271684,0.6642799875957334
3173,3173,0.6360965679873668
31990,31990,0.6643157340920557
32330,32330,0.6476142037663953
49186,49186,0.6339485458575399
49188,49188,0.6378597937533205
1107677,1107677,0.6316649978290075
1109054,1109054,0.6178003059705462
11322651,11322651,0.6499601665799971
37835,37835,0.6607338881507444
3859,3859,0.6047750707089494
133204,133204,0.6104780507118654
48958,48958,0.6722382549742901
145106,145106,0.6462121186005444
3586,3586,0.65087904992931
150956,150956,0.6112348731793519
328522,328522,0.6718535456827563
140928,140928,0.6420956686438234
38324,38324,0.6930907738966435
1382810,1382810,0.6914281742535744
1419622,1419622,0.6748904435518694
152636,152636,0.6437833297143299
51234,51234,0.6040470808596735
591516,591516,0.6236500712661729
702000,702000,0.6161241624593478
1443766,1443766,0.6183732603441066
59531,59531,0.7344147424352562
53300,53300,0.6259020252382109
1295671,1295671,0.6321841526992807
50269,50269,0.7151884979919824
319646,319646,0.6831502780138443
5046,5046,0.6647422966254792
54269,54269,0.6296119988355976
156087,156087,0.6091140452882459
141036,141036,0.6006012868655463
3913617,3913617,0.6349442877756575
708413,708413,0.6669746959515012
154378,154378,0.6000143242723192
1277093,1277093,0.6865494011773712
3786109,3786109,0.6990965993191339
1277858,1277858,0.6686289053207274
1265641,1265641,0.6333589901836453
139676,139676,0.6177370286401197
5119,5119,0.6427715549490975
49412,49412,0.7398155574074718
49562,49562,0.6331006356274026
51474,51474,0.6135802877116582
2604197,2604197,0.6674939213376935
690249,690249,0.6034784938415919
1406104,1406104,0.6661149855419845
1411684,1411684,0.6485807540199461
2687587,2687587,0.6543468626512038
717639,717639,0.6098542589930279
154382,154382,0.6590025718223093
52285,52285,0.6558991111128528
325018,325018,0.6499127719203154
682377,682377,0.7124545366045215
53810,53810,0.646345198594246
146543,146543,0.6374250543638406
429,429,0.679367329402015
134041,134041,0.6539438614173496
682784,682784,0.691543936038801
684934,684934,0.6681414031623797
1373485,1373485,0.6510122956417426
5612,5612,0.6969484753478227
56230,56230,0.6390757830224267
2677265,2677265,0.6818709786351004
2679391,2679391,0.6949853270504308
1442638,1442638,0.6268365252058251
302055,302055,0.6525797723623922
69297,69297,0.605413483466434
808565,808565,0.6140029010090511
297376,297376,0.6866315743227543
6818,6818,0.6470608066618607
801128,801128,0.6113815652993632
1451575,1451575,0.6649807873984348
65590,65590,0.6033561670766467
759540,759540,0.636711124282444
1542414,1542414,0.632163275205445
4206505,4206505,0.6274229961541008
1568419,1568419,0.6116856779612636
171276,171276,0.602874772643495
171673,171673,0.734682944021175
789267,789267,0.7090781361721415
789289,789289,0.64428074205663
75753,75753,0.6016829810267675
6334,6334,0.7161295565286975
769618,769618,0.6520426553405002
378100,378100,0.6586082152445699
73351,73351,0.6182077740095974
376593,376593,0.6373428868167499
1533565,1533565,0.6916868491770868
813496,813496,0.6301922653218894
4107179,4107179,0.6215625423296004
774849,774849,0.6719565437540477
72262,72262,0.6794855734606449
64391,64391,0.6151488291360955
61127,61127,0.6699223508183056
750387,750387,0.6231832383440952
359382,359382,0.6580374234559165
1506631,1506631,0.6094104634168761
168374,168374,0.6483397759946641
6399,6399,0.6527093123761406
66449,66449,0.6597457439161772
761509,761509,0.680198273787178
5807583,5807583,0.603265189731833
794862,794862,0.6183361170396101
10223610,10223610,0.6176055146725293
75687,75687,0.664511922614747
6301,6301,0.6267726950901156
372258,372258,0.6469758089981922
75441,75441,0.6283978052976779
176704,176704,0.6385286141720474
73661,73661,0.6716468067631327
64105,64105,0.7043249407385668
361487,361487,0.6423251547812795
735584,735584,0.6998065777049812
5647818,5647818,0.659300943594705
805018,805018,0.6186872361765806
