population,subhalo_id,track_id,is_central,DoR,stellar_mass_msun,r50_kpc,dcont_0p3cMpc,dcont_1cMpc,dcont_3cMpc,dev_0p3cMpc,dev_1cMpc,dev_3cMpc
central,66897,66897,True,0.6679699000879449,35919429632.0,6.46209716796875,1410.2331402715752,37.10329478733253,1.0780009348902369,-0.19404501977014274,-0.3919168728076709,-0.46934760481771554
central,765512,765512,True,0.6583539923286436,17920671744.0,2.20489501953125,1388.4157220833981,57.62761815296778,6.583233238498502,-0.19758542514636537,-0.3584906753832245,-0.3747293587197408
central,775921,775921,True,0.6014065745857468,16554172416.0,1.8215179443359375,584.0171613773082,16.51377887048774,1.4216468330087948,-0.3281186057631656,-0.42544924372434473,-0.4634413740965469
central,13769,13769,True,0.6254047189121353,21278359552.0,2.712249755859375,1051.0651056652327,27.405757852961283,0.19849186663040178,-0.25232874654844195,-0.4077104158309647,-0.4844636981770215
central,8002,8002,True,0.6010852373195695,18076844032.0,2.101898193359375,637.8277055783068,28.66538921573491,6.386703925023453,-0.3193865395606706,-0.4056589627397221,-0.3781071015509852
central,17066,17066,True,0.6137409075294514,78710407168.0,4.1351318359375,3819.8934528555983,103.65891803712567,6.080829133580442,0.19698082260775285,-0.28352346256840455,-0.38336416150701147
central,172779,172779,True,0.603381470384433,11869029376.0,2.99835205078125,418.44627006181616,10.325049291669037,1.9509562484767935,-0.35498649951225264,-0.4355282944692998,-0.454344150623906
central,496129,496129,True,0.6820498448598892,11634771968.0,1.461029052734375,410.1677164491143,11.314593860607573,11.525610640643118,-0.35632989566779033,-0.43391670847290054,-0.28978488125624
central,77613,77613,True,0.616261287245523,15051022336.0,1.4286041259765625,530.8964996596773,17.151744277243402,-0.3277131749169111,-0.33673872179667125,-0.4244102444230627,-0.49350756687743697
central,12185,12185,True,0.6501444509825213,34513887232.0,4.5166015625,1218.7055720554097,35.76682764084033,0.5533050587716589,-0.2251250140370544,-0.3940934617209372,-0.47836553554166356
central,215760,215760,True,0.6355447257667793,35958472704.0,2.593994140625,2950.3011965036726,78.68513230559915,2.9808158363457826,0.055868383319300254,-0.3241961160550249,-0.4366439878410421
central,995106,995106,True,0.6802090174058896,37637316608.0,1.5468597412109375,1412.7339891528322,43.73673857959012,3.652111036781376,-0.19363919637032723,-0.3811135543326159,-0.4251064593633475
central,1011731,1011731,True,0.6443797003773413,20770801664.0,1.926422119140625,733.0309816551055,60.69171508122049,87.15921566392645,-0.3039374984528205,-0.3535004446688272,1.0101273946852525
central,1085,1085,True,0.7154140447221113,15909965824.0,3.238677978515625,561.2511841770144,38.74012019175523,4.594312926926738,-0.3318129378504774,-0.3892511162736849,-0.408912866541239
central,14295,14295,True,0.6245153530793502,22761988096.0,5.9051513671875,803.3986330815078,22.274094724740166,3.4730012514878945,-0.2925186399392499,-0.41606791350744715,-0.4281848133380466
central,1415,1415,True,0.6206592467390807,120564350976.0,4.0435791015625,4259.691057144358,167.9071492537282,7.140051602642459,0.2683486530835664,-0.17888790296630763,-0.36515933985315935
central,503453,503453,True,0.623574460789296,76445917184.0,2.60162353515625,3701.1048239021343,117.49042252300869,5.509048920461131,0.17770448583162318,-0.2609972827092259,-0.39319132917864935
central,9952,9952,True,0.6148557942710099,33420687360.0,2.643585205078125,1180.0723701130796,30.88895399305315,6.386273015355703,-0.23139418826645242,-0.40203763433300194,-0.37811450758123805
central,12172,12172,True,0.6559461671706917,47163772928.0,3.41796875,1848.0474206281938,48.92428035696125,0.8975114027238756,-0.12299903171635998,-0.3726650519138564,-0.4724496724564294
central,423945,423945,True,0.6160925936924683,30882902016.0,1.556396484375,1090.3881539032213,28.467480155386976,0.09138815390322128,-0.2459476280223883,-0.4059812801776919,-0.4863044861565197
central,481813,481813,True,0.6063854464961596,21903044608.0,2.689361572265625,773.0439485641706,21.480130007833566,5.592394904683541,-0.2974444238854439,-0.41736097544681416,-0.3917588644956849
central,9046,9046,True,0.6074931403874908,29711616000.0,5.51605224609375,1048.9954220274212,27.34987639474037,0.31628861309894346,-0.25266460292774345,-0.4078014251481335,-0.48243912937915334
central,83271,83271,True,0.684790105962043,29321187328.0,2.4566650390625,1035.1978447354877,26.977341807858167,0.853186733622254,-0.2549035945628618,-0.40840814013828064,-0.4732114790829217
central,16180,16180,True,0.612667007865855,22020173824.0,5.88226318359375,1000.445258902882,49.620456063853254,4.816195168351583,-0.2605430446874449,-0.37153125051119296,-0.4050993837731919
central,3198019,3198019,True,0.6124418973164785,43884175360.0,1.6880035400390625,2877.0016621330124,77.89233445232064,4.829863446959448,0.0439737556726097,-0.32548727762411883,-0.40486446751939337
central,15531,15531,True,0.66689122433132,80115949568.0,4.14276123046875,2926.327979239049,84.78305854521497,16.01128872929166,0.051978147244757744,-0.3142649488864939,-0.21268967983669934
central,103252,103252,True,0.6399017231499968,21551659008.0,1.62506103515625,760.6261362389723,19.563905678452254,-0.13333982562473165,-0.2994595151825837,-0.4204817649414229,-0.49016687853152263
central,440402,440402,True,0.6630611435285877,28032774144.0,3.322601318359375,1081.3766453865776,113.64167819964743,6.736688340107668,-0.2474099638920601,-0.26726540104360635,-0.3720919309477048
central,191081,191081,True,0.6289114088051336,37910618112.0,5.7220458984375,1928.332168940714,51.091968561399284,20.262148838914513,-0.10997088365123478,-0.3691347248679715,-0.13963028728086813
central,7997,7997,True,0.7331995762812181,28579373056.0,2.7313232421875,1008.982455118356,26.26952628819561,7.10409182198016,-0.25915767749512003,-0.409560898301307,-0.3657773794178303
central,1205136,1205136,True,0.6632527310407051,27876601856.0,3.7078857421875,984.1468304679594,38.321017682311094,16.01055551655029,-0.2631878600893997,-0.3899336724277756,-0.2127022815399117
central,273895,273895,True,0.6836118974326965,14074950656.0,2.44140625,496.4025564298437,12.42986902360578,2.979220487626459,-0.34233620088446726,-0.4321003558888549,-0.4366714070468834
central,1447,1447,True,0.6301166461410381,77851459584.0,6.04248046875,2975.826631262019,81.88892701699531,2.1639562416196205,0.060010504337901865,-0.3189783715953059,-0.45068332676423967
central,304,304,True,0.6521650115556714,93390520320.0,5.7830810546875,3459.647307239108,99.36079833568938,4.737031515262244,0.13852214616384384,-0.29052343987019785,-0.40645996686886116
central,129078,129078,True,0.6375284806671631,32874088448.0,2.552032470703125,1160.7558053296234,30.36740674389984,0.7440134729611705,-0.2345287695088178,-0.4028870334096879,-0.47508783631452817
central,3843,3843,True,0.6912472697372388,29594488832.0,2.910614013671875,1044.8561995026337,27.23811738657111,2.233806612363942,-0.2533362921970118,-0.4079834374174042,-0.4494828107451809
central,109773,109773,True,0.6681797863413991,18467272704.0,2.689361572265625,651.6252828702402,20.334586067677332,3.303549841317147,-0.3171475479255522,-0.4192266241807526,-0.43109716913794194
central,39462,39462,True,0.6747854291495544,50833805312.0,5.56182861328125,2726.090692166736,80.50822518666324,7.454032906806374,0.019484789801794307,-0.3212270017276028,-0.35976295353026555
central,2342292,2342292,True,0.636423827633617,25729245184.0,4.8828125,951.9381410581354,25.73168050430598,0.032317312309840376,-0.2684145013062518,-0.4104368413975019,-0.48731973476345564
central,3471263,3471263,True,0.6077150067294418,24323702784.0,1.8634796142578125,1284.9340009570244,49.981350105163806,2.00787135658395,-0.21437784479275226,-0.3709434934748586,-0.45336595253732453
central,1254911,1254911,True,0.6764094725843792,14348251136.0,1.86920166015625,506.0608750092806,12.690643625250578,27.009464929168452,-0.3407689043909509,-0.4316756547592452,-0.023664388092556554
central,127454,127454,True,0.6275766955159647,28852674560.0,1.9073486328125,1018.6408098855019,33.4687573262544,1.800562760486729,-0.2575903751292701,-0.39783613087802255,-0.45692895854360993
central,40638,40638,True,0.6469504784134035,130715492352.0,6.3934326171875,4861.782647140323,175.40906281162603,7.6115837423611,0.3660526198781017,-0.16667018259715366,-0.35705513251394116
central,126915,126915,True,0.6322243090380213,55753203712.0,4.0740966796875,1969.2936609359188,58.89423701855585,1.3058334376131755,-0.10332388787808185,-0.3564278423480773,-0.46543185510491464
central,42536,42536,True,0.6195340219782417,13762608128.0,1.811981201171875,485.36450907138055,29.529204411948953,0.2217752647401485,-0.34412739184362845,-0.4042521413418857,-0.4840635271813487
central,110495,110495,True,0.6881217156872337,24245616640.0,4.35638427734375,1081.7646952365446,28.234646771386707,4.808822067404447,-0.24734699339008703,-0.4063604758530839,-0.40522610501608375
central,645160,645160,True,0.6361371555496546,47085690880.0,3.18145751953125,1662.9875753307492,43.92766453393023,2.910405288913887,-0.15302948103730885,-0.38080260967785035,-0.43785413159836145
central,271684,271684,True,0.6642799875957334,19521429504.0,1.735687255859375,688.878719845835,35.19172759218126,23.402477116630184,-0.3111022740341328,-0.39503007762894193,-0.08565756870647066
central,243904,243904,True,0.6090002615393302,27603302400.0,4.84466552734375,974.4885480762314,26.405735083139014,0.5117399173417756,-0.26475515071058237,-0.4093390667705123,-0.4790799142570417
central,3859,3859,True,0.6047750707089494,42947145728.0,3.696441650390625,1889.4401977386306,53.4040093016072,17.278337418916216,-0.11628204947058768,-0.3653693032821398,-0.1909129557819421
central,44663,44663,True,0.620560470015476,30141087744.0,6.23321533203125,1359.7857980560434,35.74121654751317,9.280573001883972,-0.20223132486158557,-0.3941351723024048,-0.3283702691360762
central,133204,133204,True,0.6104780507118654,39667544064.0,2.239227294921875,1400.8335344085965,86.07179237111939,2.4201168832328817,-0.19557033384922554,-0.312166099120544,-0.4462807022622921
central,1052627,1052627,True,0.6304637685133673,41775861760.0,5.0048828125,1603.8304690244336,48.16990118940987,18.41849118851612,-0.16262915664522057,-0.3738936442790343,-0.17131717053400067
central,145106,145106,True,0.6462121186005444,76289744896.0,4.93621826171875,3191.241256069537,278.71404970843054,12.570561525445827,0.09496675301992058,0.0015737504878267999,-0.2718253448505271
central,55787,55787,True,0.6191937396743034,16866515968.0,3.086090087890625,595.0552449234804,19.165759448642067,3.8175094846168074,-0.32632740893167067,-0.42113019140812524,-0.4222637616934856
central,150956,150956,True,0.6112348731793519,53879148544.0,3.11279296875,1903.06537678514,56.98732756830221,4.573013004285165,-0.11407103363304928,-0.359533461501469,-0.4092789476094343
central,328522,328522,True,0.6718535456827563,81677664256.0,3.871917724609375,3170.200125305034,84.62240338323593,31.360012969430382,0.09155231911037492,-0.314526594109379,0.05110833764051842
central,1419622,1419622,True,0.6748904435518694,40916918272.0,2.513885498046875,1444.9858685932847,38.04161845201869,2.47681644603689,-0.18840554652324593,-0.3903887058856692,-0.4453062087457295
central,152636,152636,True,0.6437833297143299,48803573760.0,2.796173095703125,1723.6967996145875,45.56681358959387,1.0265187395471405,-0.14317793663425568,-0.3781330688132562,-0.4702324276117409
central,143084,143084,True,0.6410511278191807,48803573760.0,5.63812255859375,2374.252471222434,73.40911261120208,20.736914689687346,-0.03760949689372458,-0.3327887148354293,-0.13147050225637505
central,702000,702000,True,0.6161241624593478,93078175744.0,5.27191162109375,3801.180345259617,153.10821638055816,9.213137274113002,0.1939441669335014,-0.20298965010199943,-0.32952928476596116
central,59531,59531,True,0.7344147424352562,36778373120.0,1.8405914306640625,1478.0999744809653,38.93569931098607,52.94011026473928,-0.18303197951809583,-0.3889325934101027,0.4220047583723893
central,1423833,1423833,True,0.6698063463058056,23777101824.0,3.0059814453125,839.2723050903675,21.687352237439924,52.738363203832385,-0.2866972663858091,-0.41702349045234394,0.4185373382880596
central,53300,53300,True,0.6259020252382109,17471680512.0,2.071380615234375,616.4414933447481,15.670920320308197,0.5829268042171767,-0.3228569713100038,-0.42682193483806763,-0.4778564275793023
central,1295671,1295671,True,0.6321841526992807,30336303104.0,2.079010009765625,1466.372098920698,51.2479670166156,2.533213959081245,-0.18493511183774589,-0.36888066362224486,-0.44433690654842767
central,49780,49780,True,0.6319006491999953,42322460672.0,5.66864013671875,1494.6571178940778,48.444644690007685,2.0744445864998764,-0.18034518133468666,-0.37344619320703243,-0.45222176062963815
central,50269,50269,True,0.7151884979919824,18662488064.0,1.834869384765625,658.5241077039159,16.807150908005728,1.1859670233389448,-0.31602804623565933,-0.42497145395899205,-0.46749199521512347
central,52429,52429,True,0.6169129369290133,45914402816.0,4.8370361328125,1758.0182903174336,46.493493838570714,2.4657782901153005,-0.1376084421525402,-0.3766238645194134,-0.44549592116763265
central,156087,156087,True,0.6091140452882459,21551659008.0,1.8405914306640625,834.5293946814608,21.55929365639944,-0.16447060531853921,-0.28746691865931845,-0.4172320484318445,-0.49070192221575737
central,3913617,3913617,True,0.6349442877756575,43181404160.0,3.25775146484375,1525.0118024114151,40.20231866510821,0.88957788082213,-0.17541939738849271,-0.38686975957932224,-0.4725860256357913
central,708413,708413,True,0.6669746959515012,21005058048.0,2.38800048828125,741.3094990800985,20.637269869918292,0.18840233983461455,-0.30259410816961635,-0.4187336691463456,-0.48463710654141523
central,53398,53398,True,0.6135585099956606,69496291328.0,5.82122802734375,2885.711365157037,76.94120685924,3.7231685661676814,0.0453871162795155,-0.3270362972013188,-0.4238851959485083
central,1411684,1411684,True,0.6485807540199461,53488717824.0,4.55474853515625,3475.1265183188866,234.46975835753332,10.173448692533356,0.14103402367629075,-0.07048311546839925,-0.3130244440784504
central,2687587,2687587,True,0.6543468626512038,32991217664.0,2.0751953125,1249.3190077386457,32.758613208943444,0.8126995403578278,-0.22015724143707244,-0.3989926814274448,-0.47390733113871947
central,717639,717639,True,0.6098542589930279,32015144960.0,3.162384033203125,1130.4011208122865,129.24738393172493,4.457285873602481,-0.23945455345501168,-0.24184973245101143,-0.41126794598902494
central,154382,154382,True,0.6590025718223093,20068030464.0,1.7719268798828125,708.195357004709,32.863387889769704,3.4736910977835533,-0.3079676810471001,-0.3988220439304618,-0.4281729569725069
central,146543,146543,True,0.6374250543638406,30726731776.0,1.76239013671875,1132.6432705474763,45.757739910334536,18.083425332860426,-0.23909071026750459,-0.3778221235617657,-0.17707593634823887
central,429,429,True,0.679367329402015,16612737024.0,1.60980224609375,586.0868088274109,22.255467531288687,55.185448288623476,-0.3277827552561977,-0.4160982500128062,0.4605953089614662
central,6818,6818,True,0.6470608066618607,42790973440.0,2.47955322265625,3170.1138492834407,86.21731567878989,4.705900776279608,0.09153831873287593,-0.3119290978452573,-0.4069950098533943
central,1451575,1451575,True,0.6649807873984348,101355266048.0,3.086090087890625,4088.9461557667364,148.01846581160493,8.793820465579943,0.24064115068406092,-0.21127888840370523,-0.3367360689296003
central,1568419,1568419,True,0.6116856779612636,31234287616.0,1.689910888671875,1642.9810195007988,43.38748752652157,4.925713456200159,-0.15627603006566448,-0.38168234943697055,-0.4032170965706894
central,3055207,3055207,True,0.6136808702168888,18330621952.0,4.85992431640625,646.7961054866672,17.95734953972165,14.310133852779536,-0.3179311991084772,-0.4230982245298827,-0.24192737261327785
central,7317,7317,True,0.6192068633432238,22410602496.0,4.61578369140625,790.9808207563095,27.796919266894413,1.015911936592736,-0.29453373123638976,-0.4070733649321835,-0.4704147263844184
central,6334,6334,True,0.7161295565286975,18584401920.0,1.7452239990234375,655.7645777704456,16.732643599802028,10.74622022948983,-0.3164758469116165,-0.4250927975935282,-0.3031802385567066
central,769618,769618,True,0.6520426553405002,66529034240.0,2.15911865234375,2350.106765243114,99.77058767587509,11.20680074488417,-0.04152772344668128,-0.2898560512726075,-0.29526425642368187
central,813650,813650,True,0.6314186999791817,21551659008.0,2.651214599609375,760.6261362389723,19.563905678452254,0.5563664145533341,-0.2994595151825837,-0.4204817649414229,-0.478312920120775
central,1533565,1533565,True,0.6916868491770868,18721050624.0,2.178192138671875,660.5936827786006,16.863029435022217,0.6918413544235338,-0.31569220747335885,-0.4248804494156234,-0.4759845167957517
central,813496,813496,True,0.6301922653218894,73010151424.0,3.60870361328125,2875.4495079677804,110.9745645458494,3.30242880263726,0.043721881005134536,-0.27160909929650756,-0.4311164363927732
central,386766,386766,True,0.6696043343421879,13665001472.0,3.99017333984375,527.4471279540121,13.268072454758324,2.9846534524103503,-0.33729846603524233,-0.43073524616648196,-0.43657803086026425
central,61127,61127,True,0.6699223508183056,43493744640.0,1.3828277587890625,1536.0497773944603,40.50034398965043,0.8804369198236554,-0.17362821817399882,-0.3863843914062446,-0.4727431310311002
central,750387,750387,True,0.6231832383440952,28540329984.0,2.044677734375,1007.6026901516208,26.232272634093764,13.271090285773063,-0.2593815778330986,-0.40962157011857503,-0.2597853801427875
central,168374,168374,True,0.6483397759946641,49037832192.0,2.025604248046875,1731.9753894149985,52.84055144732228,4.2844711076485025,-0.1418345346063842,-0.366286958551069,-0.4142381076738788
central,794862,794862,True,0.6183361170396101,20419416064.0,2.3345947265625,720.6131693299072,18.483555571907498,0.2419542007216684,-0.3059525897499603,-0.4222412380945964,-0.4837167124739215
central,10223610,10223610,True,0.6176055146725293,14523943936.0,1.873016357421875,512.2697811718799,17.012044051429612,3.1597963500959767,-0.339761358742381,-0.4246377621465512,-0.4335678556520955
central,6301,6301,True,0.6267726950901156,82927034368.0,3.326416015625,3436.493266618457,94.78095263831506,2.8219713105517834,0.13476484137243394,-0.29798224003265555,-0.4393740434688567
central,372258,372258,True,0.6469758089981922,50131034112.0,2.75421142578125,1770.6086637327462,47.909127320566185,4.900662351836837,-0.1355653486323189,-0.37431834421519394,-0.40364764907546224
central,361487,361487,True,0.6423251547812795,17374072832.0,2.0599365234375,612.9920809279101,15.577786185053574,1.0986111333696704,-0.32341672215495026,-0.4269736143812378,-0.4689933780159552
central,767647,767647,True,0.6636620526642281,12064243712.0,3.276824951171875,425.34505870778287,10.511316585110137,1.4285456578424705,-0.3538670036946934,-0.4352249369742262,-0.46332280422158056
central,7274,7274,True,0.6222500583236344,43571830784.0,7.3699951171875,1946.7863489557153,65.14117433270702,7.498616236604622,-0.10697624525839798,-0.346253993678816,-0.3589967013109082
satellite,9394,9394,False,0.6300940129498068,3635866368.0,1.3332366943359375,21178.66520779631,919.3453555000559,38.565924959697654,3.0138626514172357,1.0449147718793494,0.17495610944273293
satellite,180003,180003,False,0.6449354800259841,1520231424.0,0.9202957153320312,32148.988284482548,1326.601280616722,73.58080743767782,4.794063702916824,1.7081774145844486,0.776755740172528
satellite,809503,809503,False,0.6315994382294959,41463517184.0,1.5544891357421875,27569.874967532283,1445.2779705553055,72.52391319081673,4.050991481179395,1.9014559162381923,0.758590933596883
satellite,1639847,1639847,False,0.6303525706110041,4709544960.0,1.21307373046875,31027.33174696263,1458.0442589873555,75.2099561466309,4.612047719107029,1.9222472704721458,0.8047558653212685
satellite,25311,25311,False,0.6061328658656949,19989944320.0,2.09808349609375,1389.7955594255511,1911.0136357830477,93.92934121769817,-0.19736151306371946,2.659959474000987,1.1264853193710302
satellite,83700,83700,False,0.6566717963671045,8316129280.0,1.2969970703125,32569.03841658183,2302.202827763439,179.8311445323634,4.862227026970134,3.2970556124948818,2.6028767808102886
satellite,2860534,2860534,False,0.647990293420894,22410602496.0,1.8310546875,32150.3251330882,2480.556054778622,171.7154542873048,4.7942806390340955,3.5875241493275505,2.4633926801378077
satellite,7765873,7765873,False,0.6141653144751581,12415629312.0,2.25830078125,7680.885931515601,771.2954969695176,39.43310329230695,0.8235205172270968,0.8037987208533248,0.18986027485494994
satellite,1874277,1874277,False,0.6267316195050473,19794731008.0,1.911163330078125,8795.643831925581,653.1391864393913,27.766822437897176,1.0044170298097297,0.6113677163147274,-0.010647709559649618
satellite,117,117,False,0.6275227129805966,3987251968.0,0.904083251953125,42684.03878109336,1985.6532194717506,94.28523109143508,6.50363121889311,2.7815185342248396,1.132601986897475
satellite,137,137,False,0.7246507183723369,10522050560.0,4.43267822265625,9282.008214339981,1885.8151337221739,94.40044084191948,1.0833414497136509,2.618920844386655,1.1345820930806552
satellite,552,552,False,0.6904961368601793,33342603264.0,2.178192138671875,5183.093803415719,1751.5851253308595,89.72435661501426,0.41819314976601357,2.400311992789354,1.054214387640471
satellite,553,553,False,0.7124777848063014,44430774272.0,3.856658935546875,40455.73044651091,1976.1396190958355,94.03101077144707,6.142034134417161,2.7660245528293275,1.1282327106393297
satellite,2202,2202,False,0.6428003357760255,17803544576.0,2.323150634765625,38699.126654415995,1942.197069145236,94.32964203655828,5.856982555179612,2.710745245661641,1.1333652763471056
satellite,21185,21185,False,0.6744277369607915,8345411072.0,2.13623046875,41501.41406682957,1928.4435602229553,94.28523109143508,6.311721669361617,2.688346090458075,1.132601986897475
satellite,71883,71883,False,0.6492821745148009,28345116672.0,2.81524658203125,37315.05752157869,2006.892344333194,93.38873365345191,5.632383761834926,2.816108867269863,1.11719391498783
satellite,72033,72033,False,0.6611736134081211,41697775616.0,1.6078948974609375,34479.65585852659,1937.1201214054754,94.32964203655828,5.172271057158435,2.702476858224958,1.1333652763471056
satellite,74170,74170,False,0.6329071544436423,41307344896.0,2.87628173828125,39350.37222660106,1993.0829555404284,94.32964203655828,5.962662948025298,2.793618705334937,1.1333652763471056
satellite,74285,74285,False,0.6951509463023098,4158064640.0,0.75531005859375,41070.41239182833,1980.5914069449707,94.03101077144707,6.2417811917957495,2.773274796205735,1.1282327106393297
satellite,100031,100031,False,0.6839624251195557,21356443648.0,2.201080322265625,11459.955340239387,1919.274554437613,94.32964203655828,1.4367662063533426,2.6734133205875756,1.1333652763471056
satellite,222292,222292,False,0.751421832197312,1298175104.0,0.499725341796875,42684.03878109336,1980.8195842328757,94.32964203655828,6.50363121889311,2.77364640889851,1.1333652763471056
satellite,389228,389228,False,0.6204523621508219,25846372352.0,3.787994384765625,5154.463807012947,1881.444838424587,92.70851321599781,0.4135472383061261,2.6118033209088845,1.1055029887557581
satellite,798108,798108,False,0.638630359266431,14231122944.0,1.7147064208984375,34754.4000557378,1886.8396035307662,94.28523109143508,5.2168549682565715,2.620589310112289,1.132601986897475
satellite,1930598,1930598,False,0.7659649151582323,1405542912.0,0.4596710205078125,37434.923897403474,1986.4355422996168,92.91125132254886,5.651834989186307,2.782792636022402,1.1089874419089
satellite,1977002,1977002,False,0.6153248005596197,13899257856.0,1.7452239990234375,38636.347728400484,1967.1859850822684,92.91125132254886,5.846795151461089,2.751442540410597,1.1089874419089
satellite,3028815,3028815,False,0.6531510103884934,42712887296.0,1.5926361083984375,40107.169185456456,1882.1316987027506,94.32964203655828,6.085471613960507,2.612921951075243,1.1333652763471056
satellite,97114,97114,False,0.6621051872474024,36856459264.0,2.353668212890625,31874.328881858593,1852.7771392284862,94.6880340506253,4.749493551797527,2.5651147087698867,1.1395249480769103
satellite,1041141,1041141,False,0.6288302619508289,42088202240.0,4.34112548828125,24384.14413135456,1181.3407519420698,58.073195590277614,3.534029369424402,1.4716041048115103,0.5102269266277343
satellite,9659,9659,False,0.6204142004366383,13411222528.0,1.491546630859375,21328.15360273617,761.4501062978245,36.373189061587865,3.038120769979347,0.787764381184723,0.13726962985508084
satellite,87007,87007,False,0.6390490587279235,100262068224.0,9.5977783203125,3647.596306843472,209.16884569326842,36.72925299368134,0.16902143085993793,-0.11168853241044611,0.14338928891676145
satellite,16955,16955,False,0.6093009881349091,36466032640.0,2.933502197265625,8455.749260279606,742.0177690042989,30.064679021088875,0.9492608899573799,0.7561166074082005,0.028845475776740598
satellite,23249,23249,False,0.6910466717245218,22644858880.0,2.84576416015625,58895.84617175837,4504.047154591802,255.73669144452901,9.13439025505163,6.883009792582133,3.907462913030243
satellite,23328,23328,False,0.6325683073057371,14797244416.0,1.59454345703125,60632.2709735902,4500.403302068396,258.82933148701875,9.416167303590907,6.877075363872203,3.9606160154780645
satellite,100221,100221,False,0.7144579189526166,14562987008.0,1.3484954833984375,57491.25311193977,4486.642808330239,258.7500816664709,8.906460956658222,6.854664833100716,3.959253951425127
satellite,229037,229037,False,0.627827642640436,39277117440.0,2.567291259765625,2293.8816233034017,1358.5030320650933,254.54048492671131,-0.05065161670872215,1.7601330490334905,3.8869037510467073
satellite,229539,229539,False,0.6364485035977898,25924458496.0,2.140045166015625,2456.348016302958,3829.4290537233214,249.58262824789674,-0.02428750312433719,5.784317405797232,3.801693231765422
satellite,230061,230061,False,0.6299293725877742,20653672448.0,4.4403076171875,7348.709356823811,3276.472582546187,252.55643679709178,0.7696168096137308,4.883764834907641,3.8528039812557893
satellite,492195,492195,False,0.6102281962673806,6080925696.0,1.373291015625,62399.91282209052,4362.729680338341,259.0199967270097,9.703010075255703,6.65285819587569,3.9638929726716725
satellite,3070295,3070295,False,0.6288626943285041,2266926080.0,1.0280609130859375,62546.33928903055,4002.8822918861338,254.78793568436203,9.726771321719626,6.066805752889215,3.89115667906015
satellite,4675449,4675449,False,0.6354062622942463,2757402112.0,0.9298324584960938,8080.929695508676,4058.691459949658,254.98597415195715,0.8884373227147838,6.157697337306022,3.8945603596735
satellite,4679778,4679778,False,0.6001942545673514,18311100416.0,1.79290771484375,1648.5862694435239,2845.8645914457484,255.30806124961126,-0.15536644228304364,4.182470693968149,3.900096060001867
satellite,2226,2226,False,0.664697544972055,49194004480.0,1.575469970703125,1935.8345776188455,125.40329130765214,237.23358329483017,-0.10875343584006021,-0.24811027496347532,3.589450603297523
satellite,11518,11518,False,0.6773868908797168,64733061120.0,6.85882568359375,2558.708800527377,160.41687868407243,56.70180229039203,-0.00767698268343175,-0.19108666140348182,0.48665683519659875
satellite,435755,435755,False,0.653036736824823,10248751104.0,1.1444091796875,31185.48630206572,1643.2579438830787,77.80700453123676,4.637712132390563,2.2238888440696214,0.8493912502843932
satellite,436157,436157,False,0.632480981104096,26783401984.0,2.7923583984375,30529.497833042136,1651.5840916067757,77.97671469935861,4.531262089473492,2.2374489236220314,0.8523080533486631
satellite,1782066,1782066,False,0.7404743771822154,18447751168.0,1.79290771484375,27838.798346880303,1626.9502454689286,77.80700453123676,4.094630823370289,2.1973299004679823,0.8493912502843932
satellite,8057005,8057005,False,0.6787278566633401,1625159040.0,0.8955001831054688,30672.130294630348,1647.1183327824178,77.80700453123676,4.554407666529186,2.23017592692179,0.8493912502843932
satellite,10571683,10571683,False,0.6680773258759971,28813631488.0,1.6727447509765625,29950.94824757098,1697.7387910446744,77.97671469935861,4.437378384025546,2.312617106659935,0.8523080533486631
satellite,13736,13736,False,0.6507552584864124,12200893440.0,2.590179443359375,430.17419990364687,1024.6643769874884,51.05850871361685,-0.3530833583841021,1.2164387896056934,0.3896657345484999
satellite,1283,1283,False,0.6363664465748146,7242450432.0,1.3561248779296875,12349.4249464682,622.0791222196982,28.532372353135717,1.5811042278698209,0.560782865348981,0.002509771593842913
satellite,26620,26620,False,0.6173019414010313,7105800704.0,3.269195556640625,16021.606269190297,1553.6133251170234,92.6118447674377,2.1770047320126484,2.0778923758045322,1.103841551317455
satellite,25850,25850,False,0.6657124844476187,47398031360.0,2.25067138671875,21576.94037441348,1267.1540572804095,75.77526765750163,3.078492459075756,1.6113608429403954,0.8144718556206292
satellite,9581,9581,False,0.6915810848661282,8657754112.0,1.3370513916015625,29515.97901548927,1392.104474214917,70.22277907777877,4.366794074073233,1.8148568233103417,0.7190414174630833
satellite,185825,185825,False,0.6589066725443175,7369339904.0,1.1806488037109375,26865.4649351931,1309.618343661418,70.2039798796232,3.9366838649413634,1.6805187681383786,0.7187183162641817
satellite,83855,83855,False,0.6538871999543966,17393594368.0,2.750396728515625,875.1460132869362,618.3851997783105,80.07260878716511,-0.28087588696003457,0.554766892076841,0.8883301159354479
satellite,415368,415368,False,0.6877238228986977,25885415424.0,2.201080322265625,45214.34307325376,2762.856909124156,210.8703425006572,6.914234473695202,4.0472832323598915,3.1363464529479894
satellite,884010,884010,False,0.6028653478303433,49350176768.0,2.09808349609375,50163.878198410515,2775.018993029213,210.62181368853965,7.717416619986171,4.067090570729145,3.132074996447968
satellite,1699510,1699510,False,0.652445029846908,39277117440.0,1.7833709716796875,7363.283065479924,2743.890245682375,211.23770287844488,0.7719817473910873,4.016393861470836,3.1426602636493794
satellite,884395,884395,False,0.6390632154935596,24050401280.0,2.429962158203125,1095.0448244782435,186.1520281547603,180.18867544858733,-0.24519197025404427,-0.14917404038157922,2.6090216528798535
satellite,436370,436370,False,0.6540751918889693,1434825088.0,2.605438232421875,1408.7671693969326,1661.2956015315726,77.80700453123676,-0.19428290910797388,2.2532652232511463,0.8493912502843932
satellite,415381,415381,False,0.6453416373556711,14231122944.0,1.438140869140625,563.2345872697689,1133.2046343411782,263.86190700476624,-0.3314910825827166,1.393208956698233,4.047110724980655
satellite,7598,7598,False,0.7014676441642759,3372326912.0,0.74005126953125,13305.381099479617,3574.0169699666912,296.7498066947664,1.7362313045185498,5.36834974712484,4.612353972658759
satellite,8411,8411,False,0.6602161561269901,22879115264.0,2.178192138671875,63657.81687766414,3357.767664836707,295.77474934133613,9.907135524138488,5.016163132374995,4.595595694072397
satellite,10640,10640,False,0.6921869778106973,6246857728.0,1.3446807861328125,56706.25380040861,3304.606990134073,297.4957380135557,8.779075774832169,4.929584920944052,4.625174269641891
satellite,80788,80788,False,0.6622087069885517,4192227072.0,0.8306503295898438,56169.18322283485,3339.08971599288,297.76358345378515,8.691923044667078,4.985743966080684,4.629777720392415
satellite,80976,80976,False,0.6033654774044561,4977964544.0,0.8392333984375,55648.238480941654,2841.614099419407,295.37763779954713,8.607387122542569,4.1755482837579585,4.588770551096194
satellite,189514,189514,False,0.6548322989200139,3865243136.0,0.7534027099609375,16211.926477470346,3574.5757725798157,294.7636458090884,2.207888802840224,5.36925982080351,4.57821789099912
satellite,189629,189629,False,0.69951897542127,6793457664.0,0.81634521484375,56695.47433232443,2830.305348723541,295.2515624904189,8.777326544633212,4.157130695677234,4.586603698914833
satellite,189716,189716,False,0.6626176341494049,18350143488.0,1.56402587890625,63819.9383927505,3346.442615545038,295.82709388978344,9.933443672914962,4.997719000175307,4.596495338100794
satellite,190293,190293,False,0.7092008799549306,14621550592.0,1.4209747314453125,8119.131463061474,3508.6965318958364,303.1399803302815,0.894636486248186,5.261967976583088,4.722181676252243
satellite,413656,413656,False,0.6699043556650096,5778343424.0,0.9317398071289062,54063.50080305759,2786.013322952854,295.2784677625194,8.350224989686552,4.084996088783516,4.587066118939374
satellite,1648535,1648535,False,0.6011675726480279,26705315840.0,2.529144287109375,942.7540985921593,46.45391195322102,246.64210294367922,-0.2699048349947548,-0.37668832812635233,3.751154520309156
satellite,10925,10925,False,0.6026098339967293,7447425536.0,1.9378662109375,57918.974181139485,2755.8869206225436,291.03036706522,8.975869076347607,4.035931812507917,4.51405415231217
satellite,1703813,1703813,False,0.6366114684190697,19404302336.0,1.8157958984375,5340.041236064534,2634.43717902758,290.97608212277197,0.4436616781474018,3.838137080502358,4.513121158796057
satellite,471061,471061,False,0.6833864921403746,18545358848.0,1.529693603515625,30530.057439773296,2852.0578999933455,189.2880869161051,4.531352899241287,4.192557202085104,2.765412937770053
satellite,22287,22287,False,0.6216952430037197,21942087680.0,3.864288330078125,774.4237135309058,669.9439767588458,173.62960702414662,-0.2972205235474653,0.6387362306811998,2.4962911601174635
satellite,1896059,1896059,False,0.6838720708795906,10483007488.0,1.4705657958984375,2999.6275588443455,2573.931783932335,183.0117426554401,0.06387278223186539,3.7395971556693617,2.6575416158892335
satellite,1970,1970,False,0.6209475595063677,35177615360.0,3.28826904296875,1242.161431739071,174.28680393195242,69.20378507569433,-0.22131873178075334,-0.16849790895894534,0.7015280011448667
satellite,985428,985428,False,0.6592798960628986,17295986688.0,2.1514892578125,23202.38163449108,1229.0705690077752,69.52276774288444,3.3422597355828962,1.5493375462433614,0.7070103457291999
satellite,104782,104782,False,0.6943957712516015,69262032896.0,2.040863037109375,2446.68973391123,100.79505644633245,68.36510784791545,-0.025854793745519838,-0.28818758723769444,0.6871136832817063
satellite,6,6,False,0.6170304384007274,2352332288.0,2.05230712890625,82.1303868994298,307.2723090897294,195.27511128510233,-0.40956191034167944,0.04808412742800706,2.8683117282114785
satellite,1040964,1040964,False,0.6432128055050877,51848916992.0,2.31170654296875,24458.65061628788,1506.0371634971305,178.03965716171467,3.5461198540796546,2.000409179760827,2.5720865464351914
satellite,189198,189198,False,0.6527084386733543,2198600960.0,0.5998611450195312,44074.016484726315,2522.444077667082,126.6605518824322,6.7291888211871544,3.6557435638166895,1.689035557937826
satellite,852408,852408,False,0.6102566340549741,3596823552.0,0.8687973022460938,44462.15943662152,2524.5023308199256,126.6605518824322,6.7921744312066465,3.6590956634211826,1.689035557937826
satellite,15398,15398,False,0.6415685020249383,73634832384.0,3.83758544921875,52049.91842082581,7079.164021916324,502.62312015754634,8.023472400079788,11.07688080429757,8.150691823626385
satellite,15788,15788,False,0.6506497685922836,27486173184.0,1.712799072265625,53898.79338892701,7325.560674908503,505.2477639613587,8.323497216058065,11.478165807506468,8.195801490149607
satellite,460550,460550,False,0.6869908876345444,20653672448.0,1.453399658203125,48526.27649525548,7270.285864129203,496.3391872936039,7.451676016585937,11.388144484766963,8.042690076671228
satellite,1685,1685,False,0.6598136854666824,133682749440.0,3.77655029296875,74118.92556235203,6985.781244070904,515.0588742583714,11.604704187354027,10.924796318358775,8.36442471935806
satellite,17559,17559,False,0.6162753120910791,54581919744.0,3.65447998046875,27371.749536349096,6795.508089108203,504.08669798423085,4.018840823586578,10.614914821704687,8.175846287480345
satellite,17910,17910,False,0.6208004211758845,3240557312.0,0.5578994750976562,74808.67496768167,6953.569813623066,514.6342539194425,11.71663276120328,10.872336336400195,8.357126783592363
satellite,18005,18005,False,0.7227492410942181,5553846784.0,0.835418701171875,71460.69327702235,7012.464028848867,514.1653087938018,11.173341512217256,10.968252271372824,8.349067039178811
satellite,18413,18413,False,0.6218062366987339,57783431168.0,4.1656494140625,73081.69297531384,7002.7420419445225,514.8398377640966,11.43638803757544,10.952418908789646,8.36066014635246
satellite,92228,92228,False,0.6723252642591783,1266452736.0,1.5430450439453125,93.59961985692492,1345.0335686985188,512.8173721746085,-0.40770074905881637,1.7381964943577681,8.32590009694538
satellite,212715,212715,False,0.621481369873165,8159957504.0,1.617431640625,70398.88391375412,7061.436021222196,514.4303947674263,11.00103718428007,11.048008736722625,8.353623063067772
satellite,213887,213887,False,0.6037590214610941,18682007552.0,2.7313232421875,74245.30280362979,7066.447773296343,516.1326705401292,11.625211960574163,11.05617094559492,8.382880020650227
satellite,213921,213921,False,0.6638822446218882,11283386368.0,1.934051513671875,72060.45652946907,6913.514204845741,515.6137092601338,11.270667649760597,10.80710121692293,8.37396065024078
satellite,446417,446417,False,0.6054659357526995,2110754560.0,0.9222030639648438,71621.99334016253,6893.810615238221,513.754873987022,11.199516360487616,10.775011677869283,8.34201290968647
satellite,458066,458066,False,0.6516674627343886,3845721600.0,5.0506591796875,13842.365672439602,6644.063481027352,516.8708837873272,1.823370078348644,10.368270034522357,8.39556766739138
satellite,458677,458677,False,0.686697642801295,19462864896.0,1.8520355224609375,51620.813832184554,7066.035672090801,506.6359724343308,7.953839770797806,11.055499791861376,8.219660583406196
satellite,943990,943990,False,0.6360825254458574,17881630720.0,1.8177032470703125,55834.07572191136,7049.056241649856,506.25205487694234,8.637543723170413,11.027846856173177,8.213062205004887
satellite,1817624,1817624,False,0.6470367911485998,20068030464.0,2.201080322265625,92093.4560505072,6977.484197955404,513.0670217788771,14.52150780850051,10.911283634088715,8.330190816463151
satellite,1852695,1852695,False,0.6577851205454481,34943361024.0,1.4820098876953125,51548.29028895071,7118.114827258458,509.5479505825965,7.9420710665380625,11.140316625591796,8.2697086558343
satellite,1870301,1870301,False,0.6936497593756278,8316129280.0,1.2912750244140625,72336.40831505132,7052.043493512244,514.1114983581639,11.315447521367176,11.03271193594852,8.348142200995598
satellite,3259950,3259950,False,0.6821758476841361,8647993344.0,1.4553070068359375,57546.26854626575,7315.488266301322,505.82001834202833,8.915388545513279,11.461761743282501,8.2056368073233
satellite,3299260,3299260,False,0.619763767025986,7505989632.0,1.129150390625,74207.87680782583,6952.593075730526,514.4710113634145,11.619138684826686,10.870745607534433,8.354321139163918
satellite,6098149,6098149,False,0.6011218372668866,18193973248.0,1.678466796875,89003.10107637545,6954.3975409296045,512.7759361169981,14.02002274411368,10.873684384560862,8.325187936789352
satellite,6163743,6163743,False,0.6326905096561485,16398001152.0,2.25067138671875,11819.296254840028,6588.896952237105,517.1232500481411,1.4950779871046636,10.278425061330612,8.399905077995628
satellite,107,107,False,0.6579168815021977,84957265920.0,4.61578369140625,62060.57796573883,3132.8767986317025,209.3991316615912,9.647944762788148,4.649902751518314,3.1110608007618836
satellite,20315,20315,False,0.6397176478391793,42869059584.0,1.7871856689453125,14682.120303306556,3100.6595483996125,202.9078039911202,1.9596406390623915,4.597433291378462,2.9994945661045995
satellite,218204,218204,False,0.6999881300551886,12962229248.0,1.3751983642578125,5655.617581352246,2916.679886399206,196.33696763584888,0.4948715958300886,4.29780146456729,2.8865618183030053
satellite,218313,218313,False,0.685368226449491,3552900352.0,0.6990432739257812,58578.070161105774,3063.2978289735706,209.3455798233215,9.082823388301158,4.5365854774260335,3.1101404070831133
satellite,219205,219205,False,0.6393964317361037,24011358208.0,2.96783447265625,12047.732008932848,3091.06445565535,205.65856604077737,1.5321472298966432,4.581806590382676,3.046771822761116
satellite,6220689,6220689,False,0.6146987223716674,3567541248.0,0.8478164672851562,9419.98390583697,2968.436569814219,208.65544226410222,1.1057313528520842,4.38209311633309,3.098279035606225
satellite,8251358,8251358,False,0.6280103559279913,27993731072.0,1.575469970703125,1446.8830273286912,2780.8503059522372,198.48956183379846,-0.1880976864946922,4.076587527756001,2.9235583838134516
satellite,1038537,1038537,False,0.6393870353666818,1488509056.0,2.185821533203125,427.06976039273815,901.5277497186682,47.94387875743902,-0.3535871290062619,1.0158967722176984,0.3361346921791154
satellite,2022282,2022282,False,0.690100320212374,16964122624.0,1.33514404296875,20666.042901636374,723.9649926308497,49.59631076498566,2.9306772463868747,0.7267156056617238,0.36453498661314726
satellite,23874,23874,False,0.6440065273446565,22957201408.0,1.3751983642578125,29729.152838553757,1275.8516141916898,62.47979685372097,4.401386698312175,1.6255258046420604,0.585963037259588
satellite,24097,24097,False,0.6957839270194897,3240557312.0,0.743865966796875,32488.667745077877,1296.4900271783456,62.47979685372097,4.849184935782763,1.659137810004161,0.585963037259588
satellite,496354,496354,False,0.6951702056938576,1123702272.0,0.6036758422851562,31576.993001023766,1310.813979015055,62.47979685372097,4.701243591973134,1.6824659964423936,0.585963037259588
satellite,496985,496985,False,0.6628986367088184,36622200832.0,1.8749237060546875,6618.774561460627,1167.548845402094,62.3271611865932,0.651167181362291,1.449142414715717,0.5833396930809676
satellite,81796,81796,False,0.6447050287842978,15870922752.0,1.7986297607421875,28091.59482527208,880.9836093959188,53.99967640168798,4.135653184653779,0.9824383006223062,0.44021548663487936
satellite,1708028,1708028,False,0.6374923191842267,30219173888.0,2.2430419921875,25086.95730639931,911.0238620404514,50.86322898887253,3.648077856827779,1.0313622723259315,0.38630946835757224
satellite,18408,18408,False,0.7739284345876163,19013873664.0,1.4095306396484375,1887.8879621510534,1150.788266805378,431.01508636843965,-0.11653393735081359,1.4218459041735076,6.9199669077660655
satellite,949881,949881,False,0.6041948742006057,8462539776.0,1.758575439453125,25907.611252522256,1654.956667816951,96.19873945183755,3.78124886807266,2.242941547969349,1.1654893920005125
satellite,210509,210509,False,0.6337119082588679,52864032768.0,5.24139404296875,7391.136935041981,1973.859021996159,167.60972583482544,0.7765017134427785,2.762310340792158,2.3928276605884
satellite,1528,1528,False,0.6590177376839111,11302907904.0,2.8533935546875,6858.291598177174,1709.598159148509,161.7744296718726,0.690034631084078,2.331931437880797,2.2925366178218733
satellite,2330,2330,False,0.6139142587520242,25143601152.0,2.071380615234375,1122.9849067334032,903.9177640995124,142.24353146640658,-0.24065801410143797,1.0197891827550964,1.956859714286292
satellite,24297,24297,False,0.7042781962206558,8218522112.0,1.3370513916015625,22424.371105914583,2836.5232271762275,140.86170441997598,3.2160086533341867,4.167257218682066,1.9331102983972814
satellite,18028,18028,False,0.7003127085380463,60984946688.0,3.448486328125,6518.785171373903,1297.4527700353597,72.34165551135908,0.6349414771485773,1.6607057463611474,0.7554584768689686
satellite,1867573,1867573,False,0.6459186292607492,38222958592.0,3.11279296875,1349.782520141068,987.9021926797906,71.86443188186384,-0.2038545993757634,1.1565673868543382,0.7472564500826049
satellite,1172843,1172843,False,0.6280945210452531,89486237696.0,6.2255859375,3161.404223158297,1035.109308517801,71.78802783334511,0.09012497060467911,1.2334495498240607,0.7459432962197083
satellite,94291,94291,False,0.7280143651632898,3743234304.0,1.0662078857421875,23659.943608686892,912.2450930375256,63.786900546802,3.416510266027225,1.0333511860495088,0.6084281853381627
satellite,219478,219478,False,0.6251911782760996,45211631616.0,4.8675537109375,25377.482958958884,927.8985280597848,60.793947944155505,3.695222691903173,1.058844587225445,0.5569884076322933
satellite,964959,964959,False,0.678977150618202,7379100672.0,1.0967254638671875,26734.215733612855,925.7261860797884,62.13110536667241,3.915385497971827,1.0553066809762015,0.5799700881678294
satellite,503246,503246,False,0.6209744491158872,1603197440.0,2.0294189453125,20501.76543141407,847.9211975419062,42.20723522869826,2.904019241587642,0.9285923985541783,0.23753918898427484
satellite,1027827,1027827,False,0.6526772959494253,21356443648.0,1.6918182373046875,19963.659989404085,843.7907206273969,42.61978271011411,2.8166985795626918,0.921865446618083,0.24462962894593102
satellite,239461,239461,False,0.6225507894912651,14758201344.0,1.4629364013671875,16967.602182781335,874.7878987873622,42.37772061896809,2.3305155181870316,0.9723478804755885,0.24046931576604344
satellite,21069,21069,False,0.6777893009987741,20146116608.0,1.7108917236328125,14518.360190665211,486.0283396521531,27.951666581831976,1.9330665880813995,0.3392086756990782,-0.007470799352040531
satellite,482149,482149,False,0.6481326706955381,13469787136.0,1.3561248779296875,10672.113737484402,325.314619903114,26.22791813315018,1.3089197938242416,0.07746808481834867,-0.037096807108602955
satellite,280889,280889,False,0.6612462848563534,27173830656.0,1.2950897216796875,23561.549232583184,891.75102183889,37.156976975991626,3.4005433915261705,0.9999742577234213,0.1507405668989303
satellite,4191,4191,False,0.659869495975509,24362743808.0,2.651214599609375,30233.108391976722,1499.3385405272836,125.44468281593103,4.483165712461648,1.989499709574008,1.6681384563783297
satellite,2370827,2370827,False,0.6584083080664815,30804815872.0,1.41143798828125,31264.304665606676,1901.5850112676721,118.40240055398976,4.650502323953041,2.644603885469401,1.5471029833220822
satellite,5084444,5084444,False,0.6986605341616432,1234730496.0,0.6818771362304688,27894.50578745582,1428.8224138848932,118.46776657098214,4.103670707026918,1.8746561686316363,1.5482264269010526
satellite,26207,26207,False,0.7092491364456447,1264012544.0,2.0294189453125,4355.411826506027,1389.551437480254,85.5126904811185,0.28388167003090925,1.8106989123086277,0.98182862065326
satellite,237565,237565,False,0.6365896034080193,41853947904.0,3.6773681640625,25730.09689963218,1540.72594765312,83.0505133100493,3.752442857943135,2.0569038142954565,0.9395112627905684
satellite,84311,84311,False,0.642574602698517,1140783616.0,0.8697509765625,9945.800861346606,382.4718942541666,19.800878549599933,1.1910579098323293,0.17055521381478847,-0.14755812453551861
satellite,95655,95655,False,0.6007258130434611,69262032896.0,6.87408447265625,2446.68973391123,1890.977083092646,128.26783961224248,-0.025854793745519838,2.6273276666569227,1.7166599591587823
satellite,618882,618882,False,0.6032749928428384,1066358144.0,2.452850341796875,14182.001008909072,658.0403289649701,35.40231349195157,1.878484151004743,0.6193497849435841,0.12058322344891524
satellite,246865,246865,False,0.6617600857676199,2898932480.0,0.54168701171875,30089.052957297296,1811.061446977763,102.0580093205891,4.459789223501579,2.4971759543452303,1.2661924700582028
satellite,29739,29739,False,0.6081111756949498,7505989632.0,1.2416839599609375,17792.697898769726,1161.5917689700273,61.713772334417854,2.4644073143467873,1.4394406374954176,0.572797399101685
satellite,247485,247485,False,0.6430505535495931,2781803776.0,0.804901123046875,18577.434989638386,1116.3940191078643,61.12737540807381,2.5917499445090613,1.3658309557963375,0.5627190144617578
satellite,1082423,1082423,False,0.6141154387892174,13235529728.0,2.3345947265625,19207.98411446321,1152.986222748839,61.713772334417854,2.69407183668932,1.4254255256785642,0.572797399101685
satellite,1317,1317,False,0.7586374718540401,23074330624.0,1.758575439453125,32117.512877927777,1862.51548323059,94.17554236626255,4.788956054632129,2.5809747107491248,1.130716770394305
satellite,1350,1350,False,0.621941451538026,73556746240.0,4.92095947265625,29705.26565304369,1793.1216171777423,94.17554236626255,4.397510422976879,2.467958898953261,1.130716770394305
satellite,14823,14823,False,0.6807473739389485,10697743360.0,1.36566162109375,36176.06954806945,1936.5241202815325,94.17554236626255,5.447555332087439,2.7015062025361347,1.130716770394305
satellite,440671,440671,False,0.6303379458585948,10287793152.0,1.7299652099609375,30231.470757919495,1908.462957996212,91.83823325068678,4.482899966608015,2.6558054048143913,1.0905455156845556
satellite,441113,441113,False,0.6457809342363422,1634919808.0,0.732421875,36844.820775183376,1934.8872967701793,94.17554236626255,5.556076442120187,2.6988404490852282,1.130716770394305
satellite,452771,452771,False,0.7014374426816287,2298648320.0,0.6914138793945312,23801.19585070027,1419.1958691950197,75.9438566240989,3.439431868973749,1.8589782445614214,0.8173693886312614
satellite,571874,571874,False,0.7033460608211456,2820846592.0,0.6399154663085938,23720.178231167887,1523.235444499901,75.9438566240989,3.4262847947742614,2.0284185385064726,0.8173693886312614
satellite,22568,22568,False,0.6249553254607334,25690202112.0,2.254486083984375,22177.91158389351,796.6569383334185,49.028712313043,3.176014616951939,0.8451027156743026,0.35477969073298243
satellite,22687,22687,False,0.6528071359249324,5710018048.0,1.10626220703125,22177.91158389351,795.2226804670423,49.028712313043,3.176014616951939,0.8427668634396158,0.35477969073298243
satellite,99036,99036,False,0.6661844889650163,6139489792.0,1.068115234375,22566.658237243235,822.517819130967,49.028712313043,3.2390981921777993,0.8872201044773015,0.35477969073298243
satellite,997271,997271,False,0.7158060094729007,6695850496.0,1.56402587890625,22299.847643356115,795.2226804670423,49.064887828993925,3.195801700682623,0.8427668634396158,0.35540143813294633
satellite,1949005,1949005,False,0.6827678046846778,1407983104.0,0.8420944213867188,22082.190905001116,796.4310892767611,49.028712313043,3.160481614685431,0.8447348947711982,0.35477969073298243
satellite,8334619,8334619,False,0.6019892364773224,13938300928.0,4.39453125,22009.75363326539,798.0120326733621,49.064887828993925,3.148726910069142,0.847309641092928,0.35540143813294633
satellite,4253,4253,False,0.6215317279475285,36856459264.0,3.124237060546875,3228.3223852689803,832.3643680558752,37.04215543820188,0.10098406579459421,0.9032563304931384,0.14876713291453383
satellite,19217,19217,False,0.6954969942631268,17413115904.0,1.99127197265625,29938.442924318624,2067.849463189793,107.79568692215994,4.435349091957522,2.915384475679819,1.3648057458286813
satellite,127129,127129,False,0.656771434015632,15480494080.0,1.8901824951171875,36657.25811555973,2066.214968764622,107.79568692215994,5.525639850458299,2.912722515410941,1.3648057458286813
satellite,586754,586754,False,0.662269889249979,2013147520.0,1.773834228515625,35357.00912544825,2067.197528517683,108.096818997703,5.314642908688474,2.914322725839419,1.3699812928828994
satellite,38928,38928,False,0.7001674284509436,3626105600.0,0.99945068359375,38917.55952865863,2043.4018869101903,108.096818997703,5.892428588053083,2.875568814197918,1.3699812928828994
satellite,41035,41035,False,0.7115193264449186,3992132352.0,0.9822845458984375,37695.525553463754,2093.768552944009,108.096818997703,5.694123929894622,2.9575966643962075,1.3699812928828994
satellite,216550,216550,False,0.6588044417999849,25494986752.0,1.590728759765625,2697.891822557968,2080.109342822208,119.31252241333927,0.014908839123066266,2.9353510855257348,1.5627452177125614
satellite,278070,278070,False,0.6284698774399505,3684669952.0,1.3408660888671875,5638.5863337172905,449.5432506480699,114.01408131658302,0.4921078627352511,0.2797885541987055,1.4716810852689728
satellite,284458,284458,False,0.7116675477635107,22761988096.0,1.6536712646484375,38218.79858993329,2112.288174857105,108.096818997703,5.779037674296928,2.987757977257304,1.3699812928828994
satellite,600989,600989,False,0.6187741132299455,52551688192.0,3.35693359375,39277.50372403167,2092.0828341337806,108.096818997703,5.950838265744891,2.9548512793840445,1.3699812928828994
satellite,2297558,2297558,False,0.6516478433298971,4050696704.0,1.0089874267578125,38171.54189766004,2093.768552944009,108.096818997703,5.771369129561539,2.9575966643962075,1.3699812928828994
satellite,1950115,1950115,False,0.6103629922430767,72541634560.0,3.070831298828125,12548.19596411727,514.143058095651,21.313523989720963,1.6133596475282004,0.3849966957221197,-0.12156033722715306
satellite,1441,1441,False,0.6487456899557719,24284659712.0,3.57818603515625,857.2091772825063,207.73109395335166,25.919284243764476,-0.283786573736755,-0.11403007481599337,-0.042401287590004555
satellite,590734,590734,False,0.6033133299434295,30180130816.0,2.43377685546875,2157.0269501307125,1809.4886541614655,200.02967162576766,-0.07285960742892306,2.4946144821715204,2.9500282000315488
satellite,602429,602429,False,0.6932706303643063,41932029952.0,3.01361083984375,11775.27324648019,3419.1381200961787,245.11811986494257,1.4879341860311193,5.116111906177983,3.7249618733796983
satellite,41178,41178,False,0.6081134177336593,25221687296.0,2.231597900390625,42813.306321114345,3828.87719342361,252.3319661461004,6.524608013200943,5.78341863846638,3.84894601157786
satellite,41356,41356,False,0.6635748267856949,15382886400.0,1.41143798828125,48321.59972492859,3653.4728087451,255.213675931105,7.418462245286182,5.49775262712326,3.898473862644526
satellite,1219113,1219113,False,0.6894189806994522,14231122944.0,1.50299072265625,1443.5198864099832,1894.920118766342,237.81170012732215,-0.1886434376961813,2.6337493491909876,3.5993866782374044
satellite,2348093,2348093,False,0.6708237911462418,30297260032.0,1.9207000732421875,50806.24121245631,3790.9194174860745,255.77109793789845,7.82165560228916,5.721600078620195,3.9080542562974223
satellite,619839,619839,False,0.6177997823622543,20224200704.0,2.7618408203125,17934.898738244665,695.9631895556666,27.851246225534204,2.4874828502437554,0.6811114811721091,-0.009196720704932628
satellite,1251236,1251236,False,0.6691705108789057,1417743872.0,1.2664794921875,17812.790199114297,703.9913085350827,27.851246225534204,2.467667777502742,0.6941861869820075,-0.009196720704932628
satellite,27683,27683,False,0.6106240165324701,11068650496.0,1.4705657958984375,33099.72656340513,1365.0910516541153,69.24595359288934,4.948344052912691,1.7708623890217448,0.7022527500596272
satellite,241428,241428,False,0.6526867870672473,11185779712.0,1.708984375,2174.1877090525263,1197.2165233999503,67.58968414569321,-0.07007485798594021,1.4974596061872596,0.6737865016768576
satellite,2054342,2054342,False,0.6609140305674132,1023654976.0,2.696990966796875,35.17551595091932,1057.5859235229952,67.5932627618014,-0.41718147724515614,1.2700552764642306,0.6738480072339242
satellite,537268,537268,False,0.6380915598157948,25768288256.0,1.39617919921875,16397.84932725076,634.2121165467107,32.89921894622782,2.238059295574415,0.5805428280283575,0.07756262001705673
satellite,31289,31289,False,0.6558750792425047,4382561280.0,1.392364501953125,21606.303841395045,1734.5149276411669,115.35033498047147,3.083257393930532,2.372511232302148,1.4946472329347578
satellite,31425,31425,False,0.7121448930056647,10190186496.0,1.6231536865234375,22213.69897083385,1932.4425195520028,113.96264387412722,3.181821988659798,2.6948588510321403,1.4707970316413457
satellite,252431,252431,False,0.6610079472497637,28110858240.0,2.47955322265625,24703.859491087733,1685.247238296677,115.35033498047147,3.5859109426104387,2.2922731907678497,1.4946472329347578
satellite,276701,276701,False,0.6864561573361443,1993625984.0,0.6389617919921875,32534.586125404992,1945.4090093073276,113.7856452571564,4.856636306938387,2.7159762559152285,1.4677549622470043
satellite,587227,587227,False,0.6168696639388952,35997515776.0,3.11279296875,28846.839376648284,1725.9349702850056,116.41201359528554,4.258209934815176,2.3585377948654442,1.5128942682846729
satellite,2299855,2299855,False,0.6596370304335647,21707829248.0,1.3790130615234375,29162.631454962884,2060.2823552486825,115.83812077990562,4.309454860415007,2.903060578834812,1.5030307913876333
satellite,39339,39339,False,0.6533108203535366,44040347648.0,1.8138885498046875,24661.345912779252,1998.2425756415178,201.68848504176196,3.579012083180437,2.802021734124813,2.9785381715221795
satellite,124006,124006,False,0.708006934464982,14348251136.0,2.05230712890625,506.0608750092806,1176.2288731613137,179.37517702481148,-0.3407689043909509,1.4632788281974471,2.5950400822909634
satellite,278766,278766,False,0.6437918164152011,4499689472.0,1.2645721435546875,24073.09496797233,1835.7406947852116,200.04157203527726,3.483554096832123,2.537368919287492,2.9502327319774406
satellite,43678,43678,False,0.6210874896163027,18447751168.0,2.040863037109375,21845.261122106134,1521.0561384667255,66.05677395948582,3.122034009661147,2.0248692905037258,0.647440424845622
satellite,616954,616954,False,0.6753818949989485,4992605696.0,1.9435882568359375,22188.217087983227,1517.5030905038575,66.05677395948582,3.1776869349947625,2.019082747359302,0.647440424845622
satellite,3912,3912,False,0.6421554960680002,2615871744.0,1.689910888671875,12234.08527532348,774.94980296177,33.68235939466656,1.562387568167446,0.8097501742274658,0.09102242908471203
satellite,30183,30183,False,0.6255150526210883,16183265280.0,3.21197509765625,2826.123037063981,1265.482333505707,73.73266688071041,0.03571746447556846,1.6086382504370094,0.7793657434132163
satellite,249079,249079,False,0.641643288767492,5739300352.0,3.536224365234375,22864.34146580239,1300.9767245729774,73.74629198738151,3.2874045175968747,1.6664449075500816,0.779599917672361
satellite,2787,2787,False,0.6595594646967534,1329897472.0,1.445770263671875,41116.203866383636,2474.784069311021,151.8650544829023,6.2492119694112525,3.5781238138166556,2.1222245131550777
satellite,29113,29113,False,0.6004966686491379,79022751744.0,5.82122802734375,42070.21991715779,2542.7855882247577,151.8650544829023,6.404024217406472,3.6888720297689837,2.1222245131550777
satellite,29125,29125,False,0.6857704775717242,39901802496.0,2.09808349609375,7900.526181526481,2527.2741822702274,151.0227125394088,0.8591624761090507,3.663609939100748,2.107747209943753
satellite,245320,245320,False,0.6455451186602607,1522671488.0,0.5931854248046875,11413.560955835708,2140.405240340412,156.7211109251041,1.4292375919887734,3.0335498197019004,2.2056853951259905
satellite,245505,245505,False,0.6102369265141454,188967436288.0,7.3394775390625,11413.560955835708,2139.3213977037954,156.67152589301986,1.4292375919887734,3.0317846585658583,2.2048331788143467
satellite,1253127,1253127,False,0.6841291015986833,15675708416.0,3.612518310546875,1226.0355643942628,1850.94940979269,153.81767008614048,-0.22393554495962664,2.5621380432851826,2.15578405315139
satellite,2081964,2081964,False,0.6596498656054957,23659972608.0,2.51007080078125,41178.551602276646,2560.513575362064,154.42088279850043,6.25932940207203,3.717744075265101,2.1661514501511667
satellite,44523,44523,False,0.6064688200675034,94327545856.0,4.425048828125,18877.10060124925,596.870174262256,28.228049460282243,2.6403779596694927,0.5197272234027561,-0.002720615932290176
satellite,254368,254368,False,0.60241394492698,1788651008.0,2.803802490234375,7107.424193171573,1155.1259431715928,72.68719827644965,0.7304624384031145,1.428910304007668,0.7613973089802467
satellite,112514,112514,False,0.6804460923564565,5114614784.0,0.843048095703125,28828.773477179897,1345.4619838276205,72.56491726669843,4.2552783043604405,1.7388942171732715,0.7592956692971825
satellite,112613,112613,False,0.6605201242893689,3030702080.0,1.5430450439453125,1295.5408355756738,1187.138305267733,72.48161441822509,-0.21265662856154302,1.4810460804903207,0.7578639459869152
satellite,112637,112637,False,0.6969642700465215,13743086592.0,1.2798309326171875,23124.856117563428,1267.988771723362,72.56491726669843,3.3296793397469746,1.6127202704482413,0.7592956692971825
satellite,541846,541846,False,0.6490138629232616,18779615232.0,1.544952392578125,28204.088281088276,1274.470872240497,72.56491726669843,4.153907976871922,1.623277109168374,0.7592956692971825
satellite,1095974,1095974,False,0.6429123488267003,69105860608.0,4.14276123046875,27749.544402529827,1270.8386608733301,72.68719827644965,4.080147205661629,1.6173616394067971,0.7613973089802467
satellite,1125165,1125165,False,0.6180330776660589,43493744640.0,3.18145751953125,2523.266223648277,508.20345756543105,24.654089251436883,-0.013428400594005085,0.3753233799977193,-0.06414615221043417
satellite,561091,561091,False,0.6546967874871191,44430774272.0,2.18963623046875,21470.268620797608,793.2901652362696,64.76583851860372,3.061182379270008,0.8396195423572695,0.6252531599845328
satellite,32775,32775,False,0.6162988703853376,13255051264.0,6.9732666015625,47657.9793630808,2445.0826152888453,109.01263442083717,7.310773742614042,3.529751614243896,1.3857213823664325
satellite,114191,114191,False,0.7236870894049207,8306368512.0,1.8291473388671875,34897.46488581078,2391.086064531372,109.01263442083717,5.240070707587875,3.4418120834878922,1.3857213823664325
satellite,258026,258026,False,0.6757229738568599,29282144256.0,2.338409423828125,25877.04126696881,2344.975603929853,109.01263442083717,3.7762881463103057,3.3667159484319034,1.3857213823664325
satellite,35091,35091,False,0.6243112071871334,4206868224.0,1.0776519775390625,13587.282488195999,503.0031044705877,24.168716353442605,1.781976643566822,0.3668540128898071,-0.07248824020581437
satellite,1163788,1163788,False,0.7044939568998947,2996539392.0,1.1081695556640625,19114.46205827733,1103.127117661195,46.2409986070238,2.6788956142939817,1.344224296270131,0.3068673471768455
satellite,547265,547265,False,0.6033446959629175,6227336192.0,1.186370849609375,219.07131799985814,540.9713656927509,109.8549333235744,-0.38733992218014623,0.42868964921582337,1.400197945837698
satellite,586019,586019,False,0.6714912439164086,10678221824.0,1.3408660888671875,1142.129086841826,735.5764284724252,32.3271368710726,-0.23755140645452752,0.745626150964847,0.06773026425255989
satellite,129308,129308,False,0.6189566768837892,38691475456.0,3.093719482421875,18347.532500205572,768.5073043598816,37.91278272635818,2.554442688326202,0.7992578317352397,0.16373057541202718
satellite,2224712,2224712,False,0.6387213563394316,5836907520.0,1.02996826171875,21282.966657429217,740.9444144613807,40.1234134171398,3.0307880918998436,0.7543685273268819,0.20172461221134969
satellite,4323,4323,False,0.6001028217200032,31390459904.0,2.986907958984375,7863.272595276587,320.326153255851,14.413745010555619,0.8531171779942549,0.06934379891492792,-0.2401466110605768
satellite,27954,27954,False,0.6320348375243361,1447026048.0,0.8144378662109375,5533.983232389528,176.61747027787607,6.28486065217776,0.4751334719472954,-0.164702153453563,-0.37985747852367374
satellite,250132,250132,False,0.6367544063618816,47241859072.0,3.314971923828125,3531.5240268397774,1588.876031527094,79.58913308183222,0.15018588759761967,2.1353217080745965,0.8800206349277896
satellite,38569,38569,False,0.601280521128829,30726731776.0,6.75201416015625,15759.365902488451,676.0139641013538,40.975369966722106,2.134449870748774,0.6486218961747713,0.2163671613405346
satellite,226,226,False,0.6651580821335206,11615250432.0,2.00653076171875,521.5831268453877,1080.6795921729783,316.72494626018715,-0.3382500424716513,1.3076659452203838,4.9556660378015165
satellite,308423,308423,False,0.6387986712863496,33772072960.0,1.2683868408203125,1192.4901824382778,310.788105841166,307.3321178394194,-0.22937909696931263,0.053810002733329684,4.794231805409587
satellite,48750,48750,False,0.6918444995272178,29516402688.0,1.8863677978515625,1042.0966695691634,128.77006782453947,59.31432993583577,-0.253784092872969,-0.24262709607700864,0.5315582617054024
satellite,34442,34442,False,0.6209260924046233,27642345472.0,2.208709716796875,24134.019509124406,1153.613697313892,68.55560111939009,3.493440581620483,1.426447439449685,0.6903876848580942
satellite,1236391,1236391,False,0.6916900201316806,1854535808.0,0.7648468017578125,15678.305312313423,794.0643418195723,86.03932707240367,2.12129582352008,0.840880377068059,0.9908799063847921
satellite,1237182,1237182,False,0.6508080914560083,1969224192.0,0.5712509155273438,16098.872641410711,833.7765221371517,85.92359991005674,2.1895430753331526,0.9055561841971355,0.9888909074609891
satellite,3173,3173,False,0.6360965679873668,188967436288.0,9.3536376953125,16379.480400954573,4138.399855698107,327.0109952314237,2.2350784916656514,6.287511535085355,5.132452022345418
satellite,31990,31990,False,0.6643157340920557,55597031424.0,3.528594970703125,75991.12614831066,4283.294817564128,325.3390309373753,11.908514150692724,6.523489477688353,5.103716027147248
satellite,32330,32330,False,0.6476142037663953,107758297088.0,3.833770751953125,71807.61564423496,4400.286955067577,324.4309349360864,11.229638082389659,6.7140244939045735,5.088108611112465
satellite,32662,32662,False,0.6240056344216605,11205301248.0,2.483367919921875,26838.689056769403,4052.2163236689025,326.1373499539314,3.9323388291031764,6.147151840637756,5.117436709764708
satellite,49186,49186,False,0.6339485458575399,11712858112.0,1.5087127685546875,50913.51708820881,4072.873363116209,330.83335451040307,7.839063715567153,6.180794181311766,5.19814678525239
satellite,49188,49188,False,0.6378597937533205,17061730304.0,1.6460418701171875,28317.74580503203,4090.354544917224,325.46997850535456,4.172351667383235,6.20926427621739,5.105966618680847
satellite,112935,112935,False,0.6687672414243684,2562187776.0,0.8974075317382812,58549.87135030203,4467.340836475635,322.6578603399284,9.078247447164971,6.823229374284405,5.057634836485482
satellite,113454,113454,False,0.6272442875257234,2791564544.0,2.1820068359375,52846.81614475738,4469.303627506243,322.6578603399284,8.15278838796491,6.826426002953873,5.057634836485482
satellite,113721,113721,False,0.6045801895995093,4226389504.0,1.15966796875,74095.68423923913,4096.571212782482,327.58652646342,11.600932718860838,6.219388827642762,5.142343658654826
satellite,543981,543981,False,0.6077626566056297,4143423488.0,0.91552734375,15423.610320408887,1871.5983084914408,303.18555857328533,2.079965382362545,2.595767125823294,4.722965028012062
satellite,545747,545747,False,0.6903547198039267,1288414336.0,0.8392333984375,70424.06394135403,4289.662829131977,324.31727740309566,11.005123254607883,6.5338605095648274,5.086155182840173
satellite,545783,545783,False,0.6829272630534752,13879736320.0,2.76947021484375,1904.6175445207625,3447.56601055775,322.5810679407494,-0.11381915676344904,5.162409962489064,5.056315008052591
satellite,1107677,1107677,False,0.6316649978290075,89486237696.0,5.37872314453125,52634.50601374233,4480.519243944721,322.4695234533188,8.11833591871355,6.84469191129252,5.054397896624675
satellite,1109054,1109054,False,0.6178003059705462,13840694272.0,1.73187255859375,67508.11874715927,4325.484350612791,327.3752510905398,10.531940408074187,6.592199935802214,5.138712475786754
satellite,2146180,2146180,False,0.6096676688676959,1813052800.0,0.942230224609375,69410.8904947719,4313.973034882615,325.60428930472176,10.840711284026082,6.573452447499811,5.108275013961426
satellite,11322651,11322651,False,0.6499601665799971,140398116864.0,4.08172607421875,63983.6144368205,4331.414637118818,325.92853229870684,9.960004081730808,6.601858082577756,5.113847767608954
satellite,34839,34839,False,0.6795322669738485,12318022656.0,2.95257568359375,22133.759127575308,2027.2653322402518,145.91773950664728,3.168849809806834,2.8492885976695206,2.020008206737518
satellite,37835,37835,False,0.6607338881507444,19365259264.0,1.57928466796875,38126.18355379313,1754.5642624591303,90.64310343255863,5.764008637907675,2.4051638567962725,1.070004858903086
satellite,581214,581214,False,0.6771729679376576,10151143424.0,1.6193389892578125,38268.12607861641,1805.3151036864692,90.64310343255863,5.787042255985879,2.4878173800379755,1.070004858903086
satellite,1175888,1175888,False,0.6683748517188111,8179479040.0,2.017974853515625,35765.24608077208,1774.1782051486596,90.43613980936735,5.380889258230624,2.4371073956371054,1.0664477819347613
satellite,2465614,2465614,False,0.6226612854506913,25221687296.0,5.83648681640625,4529.088737484889,816.3849802925166,44.34447933331361,0.31206496211670287,0.877232078166549,0.27427193294666846
satellite,115874,115874,False,0.7328957149625412,16066137088.0,2.17437744140625,566.770207856246,182.4557882909411,20.78391274388129,-0.3309173423708967,-0.15519378784000198,-0.1306627482484408
satellite,48958,48958,False,0.6722382549742901,24089444352.0,1.1997222900390625,19859.48829532507,967.4104802457822,63.62275283665704,2.7997941950664815,1.1231943000450062,0.6056069840557509
satellite,3586,3586,False,0.65087904992931,73088237568.0,2.47955322265625,11074.313501848053,381.1424226102343,15.744047087771149,1.3741864626751044,0.16839001787392294,-0.21728275311871897
satellite,4676,4676,False,0.6590198462223396,17940193280.0,2.674102783203125,27063.8917376164,936.6123433238739,42.895345803514545,3.9688834273289424,1.073036027505775,0.24936572274705773
satellite,140928,140928,False,0.6420956686438234,28930758656.0,1.567840576171875,6209.2881712038325,221.38214555617057,76.07700346842516,0.5847180806918564,-0.09179778302258215,0.8196577790549269
satellite,319263,319263,False,0.7263375845430561,2081472512.0,0.8678436279296875,6642.015068088345,241.4873800302489,10.813052543046231,0.6549385173609519,-0.05905411957394657,-0.3020315937870332
satellite,405,405,False,0.6903844705050813,7515750400.0,1.8157958984375,1254.5792802519782,1547.1137381945591,108.06952588157013,-0.21930363461127989,2.0673070584823834,1.3695122069957615
satellite,38264,38264,False,0.6240760107068086,11888550912.0,2.079010009765625,33108.5219770178,1849.1903350269292,108.16934271961367,4.949771322141882,2.5592731897473975,1.3712277557003154
satellite,38324,38324,False,0.6930907738966435,28267030528.0,2.330780029296875,34381.9950615648,1829.1910526007878,107.8016373643966,5.15642322366927,2.5267020812721355,1.3649080158832205
satellite,1382810,1382810,False,0.6914281742535744,18447751168.0,1.8177032470703125,34563.86435417444,1858.766800455607,108.21435731643328,5.185935928416063,2.5748695540389157,1.3720014200917503
satellite,2281031,2281031,False,0.658747911592048,1017554560.0,1.186370849609375,28579.080040548768,1821.810211342451,107.10667078385325,4.214759486880221,2.514681540927661,1.3529636481760445
satellite,307424,307424,False,0.7067396675858966,18564880384.0,2.513885498046875,13430.852336229264,569.0406699479616,22.900546647755483,1.7565920565249662,0.4744037070625479,-0.09428423112667972
satellite,51234,51234,False,0.6040470808596735,60594520064.0,2.73895263671875,2764.0340116256984,169.81173291540435,125.96653335427304,0.025642013862203033,-0.1757860716244201,1.677107484375721
satellite,663395,663395,False,0.6710707140076483,12532758528.0,1.9245147705078125,37067.82325689678,2431.5176855253626,130.99954380757092,5.592264004661247,3.5076595816713576,1.7636096691012764
satellite,591516,591516,False,0.6236500712661729,104322523136.0,7.01141357421875,14705.144800976102,604.0938396982657,63.74615343079459,1.963376922367364,0.5314917850251137,0.6077278659987508
satellite,1443766,1443766,False,0.6183732603441066,29828745216.0,2.01416015625,1144.5436483928308,180.58729435094315,19.43847696904582,-0.23715958526731526,-0.1582368429610944,-0.1537867085523438
satellite,627956,627956,False,0.6805502654276822,9204354048.0,2.8533935546875,18695.70537215029,985.1093458060623,44.21741198790276,2.6109421832277544,1.1520189177372615,0.2720880306704248
satellite,1262725,1262725,False,0.6505207030445971,5290307584.0,1.4972686767578125,19554.216352663683,979.1581071729412,44.29303994350674,2.750256416687462,1.1423266480372152,0.27338784584998305
satellite,1264037,1264037,False,0.6451797017501685,1213988992.0,1.209259033203125,1100.8225563504695,989.3399405725015,44.29303994350674,-0.24425439309407185,1.1589089229942728,0.27338784584998305
satellite,319646,319646,False,0.6831502780138443,23191459840.0,2.323150634765625,3009.975805141786,80.29634673882823,6.675418446078721,0.06555203623478809,-0.3215720699035982,-0.3731449745963494
satellite,155425,155425,False,0.6117069106060525,11693336576.0,1.983642578125,13701.716541568729,680.7125616835866,41.48799304187085,1.8005463448160426,0.6562740973023712,0.22517759723224698
satellite,45950,45950,False,0.6151807209059917,26197760000.0,4.3182373046875,29283.490111337396,1300.5296741896118,58.17107197099199,4.3290671093576085,1.6657168351012681,0.5119091247561479
satellite,5046,5046,False,0.6647422966254792,25221687296.0,2.54058837890625,2235.931793249125,1378.3800641528285,69.33917360383903,-0.06005538245706945,1.7925050589136873,0.7038549193144128
satellite,54269,54269,False,0.6296119988355976,12630365184.0,1.4858245849609375,22963.942000862626,965.9575785757963,65.69424282919542,3.3035671206491917,1.1208280842534266,0.6412096142617504
satellite,154264,154264,False,0.6663097120972806,15675708416.0,5.05828857421875,14613.218873807027,467.55529506590005,26.25150375517293,1.948459710625967,0.3091232193178669,-0.03669144180050147
satellite,1293101,1293101,False,0.6984107780673224,13118400512.0,1.9016265869140625,19077.0788340836,1097.025699380041,52.250015013475235,2.6728292792778734,1.3342874419143642,0.4101441140409323
satellite,141036,141036,False,0.6006012868655463,54894260224.0,1.51824951171875,14846.484099308553,437.7339058072131,30.853297013045463,1.9863126523135823,0.2605556915570664,0.04239942720424583
satellite,144050,144050,False,0.6122733155006972,5387914752.0,1.0929107666015625,15573.70232407225,611.8169517738007,24.542156497030035,2.104321451083167,0.5440697523650845,-0.06606993677007024
satellite,50829,50829,False,0.6986479913505268,10073058304.0,4.79888916015625,416.37664975249515,199.37583521717787,14.271198818203805,-0.35532234561497017,-0.12763756496669398,-0.2425965477688667
satellite,339605,339605,False,0.6246985665295753,30297260032.0,5.43212890625,1069.6918241530302,275.78848773009923,24.124607706869543,-0.2493061096027322,-0.0031908602875467167,-0.07324633406023048
satellite,154378,154378,False,0.6000143242723192,35958472704.0,2.452850341796875,1893.7518908842599,868.9193254928928,40.43670410375751,-0.115582372659072,0.9627902406915062,0.20710912891324607
satellite,46250,46250,False,0.7137258656902371,10404922368.0,6.44683837890625,33117.27460771156,2039.5566386587732,124.16793236890591,4.951191648804597,2.8693063896147484,1.6461949885389902
satellite,1277093,1277093,False,0.6865494011773712,9536218112.0,1.171112060546875,35705.78583002792,2091.0339236984278,124.16793236890591,5.371240390083602,2.9531430093150117,1.6461949885389902
satellite,3786109,3786109,False,0.6990965993191339,1654441216.0,0.44155120849609375,42667.69704049429,2091.0339236984278,124.28710891652891,6.5009793750417995,2.9531430093150117,1.6482432719338087
satellite,1277858,1277858,False,0.6686289053207274,43884175360.0,2.452850341796875,1609.0045288446634,129.44529067153601,102.06197541206735,-0.16178953992034312,-0.24152741879230002,1.2662606351416803
satellite,297402,297402,False,0.6129226881775187,2259605504.0,2.109527587890625,18350.636772348327,878.396830773255,42.80488528404889,2.5549464317888186,0.9782254371142564,0.24781098078142957
satellite,1265641,1265641,False,0.6333589901836453,28384159744.0,2.033233642578125,18442.563115676057,901.7547448762556,42.80488528404889,2.569863711062053,1.016266459676658,0.24781098078142957
satellite,139676,139676,False,0.6177370286401197,3787157504.0,0.6170272827148438,63096.516376265405,3287.931475028696,176.02167701613325,9.816050901031918,4.902426945982502,2.537403588204654
satellite,5119,5119,False,0.6427715549490975,33850159104.0,2.54058837890625,1311.6667481551183,159.8638986032039,159.5210282099498,-0.2100398080422526,-0.19198725242544196,2.2538074811890736
satellite,49412,49412,False,0.7398155574074718,2825726976.0,0.6542205810546875,42986.93934771091,3276.5877996427766,176.02167701613325,6.552784183981105,4.88395247906763,2.537403588204654
satellite,49562,49562,False,0.6331006356274026,38066790400.0,3.597259521484375,1589.5154889169019,80.46864342344706,130.346832696502,-0.1649521094389975,-0.32129146513563345,1.7523915447548208
satellite,51474,51474,False,0.6135802877116582,220826419200.0,11.138916015625,53302.5667680609,3316.6049908335763,176.02167701613325,8.226744982784865,4.949125031131155,2.537403588204654
satellite,316144,316144,False,0.6214114278046751,17959714816.0,5.218505859375,1400.4886022138398,2977.2109074880677,174.831291196307,-0.19562630746563678,4.396383124248572,2.5169444663655924
satellite,2604197,2604197,False,0.6674939213376935,47554203648.0,2.117156982421875,4988.030621398272,760.709682411339,30.179457420867823,0.3865394163883447,0.7865585165836577,0.030818168349567784
satellite,690249,690249,False,0.6034784938415919,29399273472.0,2.1514892578125,18888.48328225387,757.1962146239515,33.994443610208755,2.6422250757983123,0.7808364342614562,0.09638621020801007
satellite,1406104,1406104,False,0.6661149855419845,30843858944.0,1.857757568359375,4201.741249707399,757.4476748350027,33.63277467696305,0.2589448910054277,0.7812459658454821,0.0901702181763196
satellite,4914,4914,False,0.603250041329766,5856429056.0,1.36566162109375,444.66165967894784,2095.882701295094,172.09902646693735,-0.35073241657999443,2.9610397956950574,2.4699851225430125
satellite,139198,139198,False,0.6171329942736591,27837558784.0,5.9356689453125,6496.105551617548,645.9806979825677,23.212587827064812,0.6312611586515154,0.599709302823784,-0.08892118966569702
satellite,52285,52285,False,0.6558991111128528,16476087296.0,2.09808349609375,44013.60723845579,3172.230378025833,238.08997976644304,6.719385955494016,4.71399453621458,3.6041694612202657
satellite,325018,325018,False,0.6499127719203154,2908692992.0,0.6160736083984375,44685.20420819629,3178.76137408611,238.1345631776636,6.828368856303636,4.724631006893786,3.604935714839026
satellite,682377,682377,False,0.7124545366045215,3508977152.0,0.6809234619140625,46751.563545809586,2803.6458854018483,238.1345631776636,7.163685787252796,4.113712724310015,3.604935714839026
satellite,53810,53810,False,0.646345198594246,79335088128.0,3.8909912109375,13177.408455200959,566.1721618485545,33.14071877084607,1.7154646384581675,0.46973201502494594,0.08171326954066918
satellite,45660,45660,False,0.7019198732441669,10190186496.0,3.055572509765625,18588.81681344665,644.9224508672545,52.545670635655156,2.593596921536977,0.597985826908396,0.41522553747175367
satellite,134041,134041,False,0.6539438614173496,24479873024.0,1.99127197265625,1143.1638834260957,640.4986043578975,50.90470779773753,-0.23738348560529382,0.5907810891851147,0.3870223632780041
satellite,682784,682784,False,0.691543936038801,34162501632.0,1.1844635009765625,1328.9137016761806,828.0872182519599,226.22708367989023,-0.20724107143452145,0.8962905050570132,3.4002822572931075
satellite,1370726,1370726,False,0.6299987347079491,1128582656.0,2.0751953125,38.8836139434337,67.14936898705282,198.77689488680298,-0.41657974839002637,-0.34298342003860166,2.9284967675222453
satellite,684934,684934,False,0.6681414031623797,36973588480.0,3.12042236328125,26516.860855032035,1558.8253138720977,76.40818876677615,3.880114396045901,2.086380692909924,0.8253498498587086
satellite,1373485,1373485,False,0.6510122956417426,27642345472.0,1.47247314453125,26630.345826932604,1550.5294358415604,76.94970044926619,3.8985300858022156,2.0728699109992195,0.8346567932923561
satellite,5359757,5359757,False,0.6435201695617346,2196160768.0,0.67138671875,29104.165140356123,1540.5524957075575,76.68879692890827,4.299967282518468,2.056621328053511,0.830172653089794
satellite,5612,5612,False,0.6969484753478227,79959777280.0,3.12042236328125,49783.32388371866,3748.1967497707674,207.52723369534866,7.655662450447912,5.652021350000965,3.0788885521314033
satellite,56230,56230,False,0.6390757830224267,24831258624.0,2.2735595703125,51048.7337880645,3619.4825788462595,206.62698503040912,7.861005905380592,5.4423956677312,3.063416008007735
satellite,2677265,2677265,False,0.6818709786351004,18564880384.0,2.227783203125,42879.10348751805,3346.2762249930674,200.78944656166158,6.535285199642835,4.997448014216811,2.9630864268054427
satellite,2679391,2679391,False,0.6949853270504308,37481144320.0,1.636505126953125,49846.27531880445,3735.5841274101463,207.52723369534866,7.665877847948036,5.631480258460183,3.0788885521314033
satellite,1404994,1404994,False,0.6032449223369113,51927003136.0,5.01251220703125,45571.01049193722,3537.895192942235,207.27904982899625,6.9721124148768325,5.309521320548647,3.0746230242028747
satellite,340024,340024,False,0.6532958707570389,18389186560.0,5.05828857421875,10919.263006284926,435.78042599172716,21.350260159584867,1.349025758354226,0.2573742272615645,-0.1209289538868712
satellite,153297,153297,False,0.6759685572376042,16105180160.0,4.34112548828125,3730.5541959812786,117.28902520726184,4.423912948696947,0.18248336087247852,-0.26132528116827275,-0.41184152534909135
satellite,1442638,1442638,False,0.6268365252058251,15909965824.0,1.9207000732421875,561.2511841770144,572.4353969035741,51.65615821258147,-0.3318129378504774,0.4799324064208119,0.39993751678306644
satellite,302055,302055,False,0.6525797723623922,13723565056.0,1.8177032470703125,9571.584722098905,307.025505829708,30.726617400842123,1.1303322630195551,0.04768218021895629,0.04022218888585633
satellite,756488,756488,False,0.6093760444754209,31195244544.0,3.803253173828125,1505.6951290648321,200.07317534502758,7.146519214736321,-0.17855399624785906,-0.12650186717192421,-0.3650481812173353
satellite,69297,69297,False,0.605413483466434,102760808448.0,3.406524658203125,4036.1703991030804,323.12365854621135,61.610721228934096,0.2320770038627162,0.07389985479388009,0.5710262631492675
satellite,7139,7139,False,0.6351547256914025,9565500416.0,2.117156982421875,4072.73404406458,113.83376784214414,3.797115014640799,0.2380103422659805,-0.26695256119018457,-0.42261428077657004
satellite,710029,710029,False,0.6409975243643615,2581709056.0,0.919342041015625,8438.717596486,855.4859608858771,40.57916390247768,0.9464970893307054,0.9409124769557964,0.2095575807770372
satellite,312471,312471,False,0.6396887980419201,29711616000.0,3.498077392578125,19176.766029659833,961.6233592598668,57.760809080708725,2.689005945101234,1.1137693146192622,0.5048579499869659
satellite,808565,808565,False,0.6140029010090511,28267030528.0,2.46429443359375,6514.904627639597,2295.5355810164215,133.78893801425033,0.6343117647884297,3.286197242059321,1.8115508953668553
satellite,61324,61324,False,0.6857308731377393,10346357760.0,1.6269683837890625,24536.736511197232,931.4597251373541,75.76172988308087,3.5587911848374816,1.064644402130988,0.8142391823379918
satellite,297376,297376,False,0.6866315743227543,12513236992.0,1.5735626220703125,511.4074461615248,970.0205415473251,75.93825260453828,-0.33990129351745085,1.1274450820464903,0.817273072531834
satellite,729799,729799,False,0.6075354512707395,8228282880.0,1.6384124755859375,289.78389257408963,636.8955195141644,63.98524112974699,-0.37586509151824793,0.584913055283188,0.6118370583980706
satellite,1461168,1461168,False,0.6945604186490201,1088319744.0,0.8211135864257812,23187.678624889166,1021.2847834128535,75.76172988308087,3.3398738155903334,1.2109347366813819,0.8142391823379918
satellite,784221,784221,False,0.6924446016169572,1605637632.0,0.70953369140625,18432.861462315155,702.1297940981538,26.469289579609207,2.5682893824489725,0.6911544987763234,-0.03294836401618055
satellite,72514,72514,False,0.7358321961981545,1544633088.0,0.5617141723632812,18926.858520112968,914.4127885699747,44.370306903777426,2.648452389097179,1.0368815250298944,0.2747158305487109
satellite,801128,801128,False,0.6113815652993632,5534325248.0,1.0051727294921875,19868.37049611072,803.2158901452287,44.063655804555154,2.801235547619885,0.8557847154778181,0.2694454282164768
satellite,493,493,False,0.6155267517220521,11029608448.0,1.8157958984375,26854.08166613821,1270.3194393516876,66.30456961088183,3.9348366533871215,1.616516028042161,0.6516992805364942
satellite,65590,65590,False,0.6033561670766467,17491202048.0,1.7032623291015625,837.4613929740411,956.8386221900047,64.56590269097906,-0.2869911308081348,1.1059768255285347,0.6218168695069097
satellite,759540,759540,False,0.636711124282444,6315182592.0,1.07574462890625,25946.37368303497,1207.0188381906194,66.53291946440055,3.787539012772597,1.5134237918791533,0.6556239219403656
satellite,1542414,1542414,False,0.632163275205445,60047917056.0,2.941131591796875,29267.536027046957,970.891319086849,53.82056647164366,4.3264781721466425,1.128863242413113,0.43713713017235245
satellite,4206505,4206505,False,0.6274229961541008,9604543488.0,1.430511474609375,16412.939744370804,665.4642503179368,78.76770326218251,2.240508081835028,0.6314404861271039,0.8659027476995086
satellite,171276,171276,False,0.602874772643495,42712887296.0,3.650665283203125,35374.51571673407,2014.0531776924906,139.59896796631267,5.317483777822167,2.8277710997014656,1.9114076885998184
satellite,171673,171673,False,0.734682944021175,6100446720.0,0.926971435546875,36953.21685956018,2047.2646326200204,151.97914408356743,5.573666336422946,2.8818597353843085,2.1241853673602447
satellite,385504,385504,False,0.6768635965721616,10131621888.0,2.18963623046875,37464.93443228527,2027.4271673341452,152.56355761586565,5.656704926505307,2.849552164545871,2.1342296634720976
satellite,789267,789267,False,0.7090781361721415,3196634112.0,0.6542205810546875,33411.29312055604,2039.620690116527,151.61838061203423,4.998903285195547,2.869410704706362,2.1179849374691546
satellite,789289,789289,False,0.64428074205663,6159011328.0,1.0585784912109375,38877.80614523277,2047.2646326200204,141.32659676648157,5.885977637203168,2.8818597353843085,1.9411003878294568
satellite,1572882,1572882,False,0.6322436242658837,7857375744.0,1.4133453369140625,35353.30186655823,2073.8216870481915,139.33405454020786,5.31404131599808,2.9251109222085296,1.9068546302793885
satellite,75753,75753,False,0.6016829810267675,43025231872.0,2.521514892578125,3235.911097109487,952.5847677668544,42.90871248470912,0.10221551838751804,1.099048939272311,0.2495954554560576
satellite,735322,735322,False,0.6212170663676969,3552900352.0,2.02178955078125,22413.46222605974,971.9588918290394,42.53186624086899,3.2142384229360004,1.1306019061736525,0.24311861148756742
satellite,378098,378098,False,0.670042916486978,18272059392.0,2.3956298828125,38139.72293630519,2225.7692385122464,123.87680590990854,5.766205731176134,3.17257480995368,1.6411914076864633
satellite,378100,378100,False,0.6586082152445699,9077465088.0,1.4095306396484375,14948.068630035275,591.8141857333339,27.029169672720588,2.0027972067931237,0.511492970427262,-0.023325723314779324
satellite,70751,70751,False,0.6071907853023358,7115561472.0,1.308441162109375,26312.441028747326,1145.7846502280458,57.341363330845226,3.8469423201502724,1.4136969448840542,0.49764894971293167
satellite,73351,73351,False,0.6182077740095974,24245616640.0,1.983642578125,1920.3122850715658,313.11062881266366,19.426533163687996,-0.11127230436573525,0.05759249582628483,-0.15399198634124878
satellite,376593,376593,False,0.6373428868167499,14855808000.0,1.86920166015625,33005.55873755309,1328.352186176818,61.036828501761704,4.9330630387231,1.7110289636406928,0.5611627877682477
satellite,383198,383198,False,0.6782191570767805,14484900864.0,3.200531005859375,19095.360548001223,761.5711674832356,45.4556144753957,2.6757959308625043,0.7879615431087437,0.29336897600018763
satellite,75729,75729,False,0.6087235204754728,8999378944.0,1.491546630859375,16757.7495387253,675.216499831698,35.702195415592655,2.2964618358116744,0.647323134815306,0.1257372841836111
satellite,1634879,1634879,False,0.6150355742763886,6002839552.0,1.5087127685546875,16949.837640982667,658.1963291911223,35.702195415592655,2.327632790324932,0.6196038490734815,0.1257372841836111
satellite,6354,6354,False,0.6592064537916286,18350143488.0,3.070831298828125,1773.7129901570645,301.6237550527172,18.23006805754913,-0.13506159636120177,0.03888481405527213,-0.17455559267373502
satellite,6474,6474,False,0.7317893798447779,17588807680.0,3.147125244140625,1062.4480399838162,1458.9243482305355,75.61607797107796,-0.25048158931328657,1.9236805960083692,0.8117358677284521
satellite,65193,65193,False,0.6515945956376892,3860362752.0,8.4686279296875,13777.258049259499,1355.1990955025308,76.59186831107642,1.812804787022614,1.7547522121673667,0.8285067441307953
satellite,748385,748385,False,0.6827276342244004,1259132288.0,0.6885528564453125,21592.11782297354,817.3977878157712,40.94557552900603,3.0809553682988327,0.878881550532686,0.21585508532181277
satellite,4107179,4107179,False,0.6215625423296004,70901833728.0,4.2877197265625,3822.7391457240715,250.93578119867774,18.941375797426478,0.1974426053101663,-0.04366632251116637,-0.162330369999844
satellite,774849,774849,False,0.6719565437540477,30023958528.0,2.475738525390625,2704.359439175294,1319.5324085445095,60.30396082829227,0.015958366819048896,1.6966649515792342,0.5485670152265273
satellite,72262,72262,False,0.6794855734606449,23425716224.0,2.132415771484375,826.8544927651692,78.72238595970101,3.237235192937233,-0.2887123576829489,-0.32413544423775686,-0.43223691681329407
satellite,64391,64391,False,0.6151488291360955,90423263232.0,3.9520263671875,12871.878695468906,436.5231677891784,21.808296552383243,1.6658850230049722,0.25858386684454643,-0.11305669750502509
satellite,160741,160741,False,0.6064768012123853,18350143488.0,7.48443603515625,7459.348599668196,222.6196635463636,15.045242655943117,0.7875707107952982,-0.0897823440763338,-0.22929308184939284
satellite,162923,162923,False,0.6786396658303682,1007793792.0,0.690460205078125,11570.767252737012,411.5260997451734,25.46374825654792,1.4547481273749923,0.2178732954612169,-0.05023056958355275
satellite,359382,359382,False,0.6580374234559165,17374072832.0,1.6155242919921875,16735.889138585822,616.4852712356613,25.766648065485317,2.2929144555711414,0.5516726421263036,-0.04502464055376707
satellite,1506631,1506631,False,0.6094104634168761,19931379712.0,1.514434814453125,16860.58470988804,613.2488776227898,25.766648065485317,2.313149337041615,0.5464018066439417,-0.04502464055376707
satellite,481,481,False,0.6486001002007352,12610843648.0,4.8828125,681.807478672881,1381.2101834281536,84.31639851959656,-0.3122497544577725,1.7971142303804621,0.9612679901515965
satellite,6399,6399,False,0.6527093123761406,13352657920.0,1.514434814453125,22481.71737926518,1485.8411596369672,87.99690144799635,3.225314477365502,1.9675176880322858,1.0245246726380741
satellite,66394,66394,False,0.6451765239791749,28345116672.0,3.101348876953125,4142.325482704457,1501.7600243798981,84.81061040572854,0.24930324142456203,1.9934433717291817,0.9697619935446833
satellite,66449,66449,False,0.6597457439161772,23894231040.0,1.89971923828125,1808.9831326030317,1072.9611511548944,88.06588932088562,-0.1293381601205421,1.2950955852293016,1.025710364934934
satellite,761509,761509,False,0.680198273787178,48725487616.0,1.59454345703125,23845.521395092102,1502.952135570882,87.59263252019319,3.4466247638577947,1.995384860533068,1.0175765159044203
satellite,4153000,4153000,False,0.6582156716889987,4114141440.0,1.8482208251953125,854.7945704968653,1363.2586738777022,84.88485860993617,-0.28417840226438434,1.767878153185103,0.9710380949824821
satellite,4285578,4285578,False,0.6509201777154335,1598317056.0,1.251220703125,1717.4878708346703,517.3899399243547,25.92825271152479,-0.14418548595303413,0.3902846124581139,-0.04224714683029291
satellite,5807583,5807583,False,0.603265189731833,45680144384.0,2.8228759765625,16269.876597026296,516.3922459353811,25.74129557178803,2.2172926155672408,0.38865975420332466,-0.045460373027086144
satellite,75687,75687,False,0.664511922614747,17139815424.0,2.193450927734375,8506.067192986213,374.1608882775933,26.72398445616542,0.957426195216616,0.1570197943215527,-0.02857093156994312
satellite,6453,6453,False,0.6856859741322712,1231070208.0,0.9508132934570312,17585.001074145726,857.625717643352,36.283375766081924,2.4307034659729383,0.9443973144601304,0.13572601170630963
satellite,75441,75441,False,0.6283978052976779,54738087936.0,1.6937255859375,20903.8346983758,732.6380422304687,32.43363628298634,2.9692647340692675,0.7408406544160367,0.06956066613390098
satellite,176704,176704,False,0.6385286141720474,19345737728.0,2.170562744140625,36627.16252146806,1477.8758803065423,66.4485382380327,5.520756110219021,1.9545453237454593,0.6541736645847787
satellite,73661,73661,False,0.6716468067631327,29399273472.0,2.506256103515625,1037.9573746689578,397.3860918559979,25.79622703932059,-0.2544557938869047,0.1948446826847206,-0.044516267705660875
satellite,64105,64105,False,0.7043249407385668,23542845440.0,2.0599365234375,20564.328018258566,1054.810546444438,60.12023727295272,2.914171539027431,1.265535258897636,0.5454093645381597
satellite,735584,735584,False,0.6998065777049812,15207193600.0,1.4553070068359375,4346.400155144694,2283.5807103030907,117.77844787854957,0.28241930773573604,3.2667273739653204,1.5363791292606295
satellite,5647818,5647818,False,0.659300943594705,26236801024.0,1.3751983642578125,18654.01094786846,1162.369407427889,61.45351438921716,2.604176251410676,1.4407071102630826,0.5683243543780659
satellite,805018,805018,False,0.6186872361765806,31195244544.0,1.392364501953125,11321.160245925246,342.4407301340077,20.602819496690028,1.4142433352296917,0.10535990524489582,-0.1337751919173835
