soap_index,sgn,track_id,compactness,mass,r50_kpc,MgFe,lum_age_gyr,log_ssfr,DoR_choice
29,145268,145268,9.723934173583984,23855187968.0,2.727508544921875,0.15130228919862151,7.912799835205078,,0.1109451071785261
247,1743973,1743973,9.431075096130371,8696797184.0,2.1820068359375,0.16418493825647681,7.912799835205078,,0.1160244725936388
606,262637,262637,9.40347671508789,19950901248.0,3.95965576171875,0.09579459387179362,8.181536674499512,,0.1732408479003764
1046,19090,19090,9.570058822631836,13450265600.0,2.35748291015625,0.11102053667917419,8.793658256530762,,0.250375487936139
1249,63005,63005,7.834102630615234,1359179520.0,7.34710693359375,0.11253300868805408,5.180644512176514,-10.579476973640254,0.400593510748179
1915,285659,285659,9.656766891479492,14738679808.0,2.193450927734375,0.1805669417162973,10.824112892150879,,0.228336929547156
2086,497849,497849,9.443538665771484,21942087680.0,3.96728515625,0.09097486437891728,3.0718085765838623,-9.955910048774259,0.2752917661686547
2456,305185,305185,9.265181541442871,9018900480.0,2.8839111328125,0.10477354859101187,4.247531414031982,,0.0647432229163037
2954,250105,250105,9.0525541305542,10424443904.0,4.40216064453125,0.1043778006996515,2.138695478439331,-9.643785827721898,0.14262371713892
3200,383944,383944,10.001867294311523,46382919680.0,2.773284912109375,0.07847096080103591,7.987448692321777,-11.01613267011567,0.1039951007522423
4445,101773,101773,9.922698974609375,49818689536.0,3.284454345703125,0.20989345599528622,11.361586570739746,,0.3545490693218309
4687,4,4,10.031657218933105,165854068736.0,6.195068359375,0.21822615323707964,10.376218795776367,-11.81037269623573,0.540717871766383
4913,598534,598534,9.808571815490723,26353930240.0,2.559661865234375,0.18569725294703524,8.480133056640625,-11.9816187774893,0.1055716507301568
4949,245231,245231,9.252924919128418,5710018048.0,2.166748046875,0.1092874198237486,2.978497266769409,-9.753953908447105,0.3777844266459416
5114,246561,246561,9.21435832977295,22020173824.0,5.65338134765625,0.10054205779481737,3.4263916015625,-10.059993466117476,0.3692573413312904
5165,66768,66768,9.260132789611816,7925700608.0,2.666473388671875,0.09382002601611283,1.778513789176941,-9.765123073826286,0.3679226645421273
5653,272,272,10.065679550170898,171476238336.0,6.011962890625,0.091068415025334,7.293212890625,-10.703164985840866,0.2675902794583418
5858,307153,307153,9.807962417602539,34904317952.0,3.08990478515625,0.08933534579386074,5.755442142486572,-10.469642087377512,0.2148272206092859
6532,320891,320891,8.643937110900879,1783770624.0,2.54058837890625,0.16414464719421243,8.584641456604004,,0.106903802628912
6547,927779,927779,8.564737319946289,2620751872.0,3.7078857421875,0.13888208891513673,7.024476051330566,,0.1208439211017457
7216,25643,25643,8.68083667755127,2879410944.0,3.30352783203125,0.0855234941642663,5.7181172370910645,-10.247636106941318,0.3413803210878408
7328,62902,62902,10.073715209960938,52707860480.0,2.704620361328125,0.20849045242944544,9.689447402954102,-12.989730730584613,0.2488401710411646
7582,26978,26978,9.844223976135254,69105860608.0,4.608154296875,0.197053432403042,10.585236549377441,,0.2430214796256561
7744,30463,30463,9.794175148010254,277048131584.0,12.5579833984375,0.15390464733662487,9.211692810058594,-11.606423613224301,0.2455886256838129
7766,4198626,4198626,8.380594253540039,2132716288.0,4.2877197265625,0.12271001808286741,2.2991907596588135,-9.69193593837316,0.2295880620551999
7813,490163,490163,9.109131813049316,4089739520.0,2.162933349609375,0.18621940836200265,10.346359252929688,,0.1426867438049432
8187,1463,1463,9.980327606201172,62937092096.0,3.513336181640625,0.28196698269562404,10.913691520690918,-11.643046818254886,0.4127173720784348
8210,65539,65539,9.394268989562988,13489307648.0,3.093719482421875,0.10367248701416476,2.8217344284057617,-9.903258355266399,0.4332611256870231
8421,161545,161545,8.817585945129395,4221509120.0,3.45611572265625,0.10603177363122104,2.653773784637451,-9.555050770103263,0.3481190899584137
8468,161496,161496,8.619058609008789,1337217920.0,2.178192138671875,0.09622772250235287,4.307250499725342,-9.870825693859688,0.1176801750568947
9396,2167,2167,9.76533317565918,82302345216.0,5.8441162109375,0.2726752928807352,11.913989067077637,,0.4120222680308065
9473,75530,75530,10.053810119628906,37637316608.0,2.227783203125,0.15788125258867772,10.988341331481934,,0.1319319576883531
9934,38433,38433,9.24109172821045,13450265600.0,3.90625,0.08501848976328236,4.89697790145874,-10.205669634078667,0.2526233405422032
11469,140584,140584,9.896247863769531,16515129344.0,1.6384124755859375,0.1393556925410282,7.2484235763549805,,0.2672164722494536
11836,60260,60260,9.737176895141602,30648645632.0,3.1585693359375,0.08830421095525123,5.35233736038208,-10.873072989843946,0.2213641824293268
12090,66221,66221,9.498224258422852,16319915008.0,2.994537353515625,0.08423961218825812,4.023583889007568,-10.220069812784665,0.3477013169682236
12579,476179,476179,8.924726486206055,3811559168.0,2.73895263671875,0.11030535958678289,6.083898067474365,-10.636096203585762,0.1791142786222166
12581,62914,62914,9.703089714050293,20809844736.0,2.57110595703125,0.09002222990521694,5.232898712158203,-11.195078116675111,0.5142278052146914
12798,4508,4508,8.953777313232422,3948209152.0,2.681732177734375,0.08849342911907263,3.2733612060546875,-9.81309225837837,0.1675172089271153
13317,171805,171805,10.00334644317627,143209218048.0,5.86700439453125,0.17654344614771209,9.390851020812988,-12.18278831071433,0.3769859710210947
13592,752025,752025,9.0182466506958,5026768384.0,2.8533935546875,0.14701945653453388,1.8139721155166626,-9.816257027782083,0.2383445107213249
13720,1930719,1930719,8.996392250061035,3494336000.0,2.315521240234375,0.1000654045118827,2.1722874641418457,-9.707233050553278,0.2212939973073763
13770,112637,112637,9.026883125305176,2937975296.0,1.9683837890625,0.20327673881191574,9.450571060180664,,0.7083097246610744
14723,8885,8885,9.720829963684082,50599546880.0,4.52423095703125,0.15258336659252483,10.226920127868652,,0.2372989838008888
14995,1049,1049,9.438380241394043,24167530496.0,4.26483154296875,0.2552743539207334,10.495656967163086,,0.1032245224918371
15473,1254,1254,9.707999229431152,55987462144.0,4.93621826171875,0.15074937570159222,8.435343742370605,,0.2517489964084587
15499,1075,1075,9.810263633728027,156639952896.0,8.3770751953125,0.2616303257491961,10.883831977844238,,0.1836316510873817
15711,319891,319891,9.030618667602539,8042829312.0,3.8299560546875,0.08240670063655653,3.321882963180542,-10.147973473165933,0.1880496610849205
16086,1276086,1276086,9.196610450744629,13665001472.0,4.2266845703125,0.12882902214136285,1.5694962739944458,-9.594245191172018,0.0985789856081093
16216,59178,59178,8.84957504272461,6754414592.0,4.5013427734375,0.13068040107562748,1.9520728588104248,-9.838069151160536,0.2247026795259106
16405,4357,4357,9.662132263183594,32796002304.0,3.7078857421875,0.09297408908873644,4.553592205047607,-10.640286234596305,0.2184280998895878
16496,684645,684645,10.076553344726562,56455974912.0,2.819061279296875,0.12916048586096895,7.838150501251221,,0.1860522034929229
16618,28525,28525,9.079533576965332,4485048320.0,2.407073974609375,0.14247194673965619,7.502230167388916,,0.2505614803005931
17864,158168,158168,9.52531623840332,25690202112.0,3.887176513671875,0.09250462040205976,4.016119003295898,-10.20739560108296,0.2431075637784934
17995,549,549,10.279156684875488,61297291264.0,2.1820068359375,0.25071777985308863,10.65988540649414,,0.1552569581239084
18050,113848,113848,9.26237678527832,5319589888.0,2.03704833984375,0.1194426798504779,9.15197467803955,,0.3147008174036406
18101,505873,505873,9.405861854553223,13547872256.0,3.047943115234375,0.09151161792317505,3.5197031497955322,-10.220893022628482,0.2848855993017264
18364,735446,735446,9.41600513458252,15324322816.0,3.25775146484375,0.10223368522120055,3.8966805934906006,-10.64866517322078,0.29207203009632
18437,986888,986888,9.101297378540039,7437664768.0,3.261566162109375,0.10424754749217849,3.2808258533477783,-10.247423793086618,0.2324515708574075
18774,115357,115357,9.685267448425293,30921945088.0,3.44085693359375,0.08636622104889177,4.180346965789795,-10.584768885685389,0.2811481672875409
20917,97114,97114,9.11854362487793,9438611456.0,3.72314453125,0.09483866626653811,2.892651081085205,-9.834523511637816,0.6514035648009217
20943,150616,150616,8.778768539428711,2054630528.0,2.269744873046875,0.08720172381939179,6.1585469245910645,,0.1668213596228623
22044,31563,31563,10.08218002319336,149768404992.0,5.3558349609375,0.19013492190272682,9.689447402954102,,0.5038112524873163
22095,68551,68551,9.271245002746582,7056996864.0,2.4261474609375,0.11404299653234853,6.322774887084961,-11.089853664831436,0.1985289668918099
23124,4630,4630,9.625118255615234,18642966528.0,2.69317626953125,0.08457645971809641,6.84531831741333,-10.589169824638514,0.3603326474391788
23237,34442,34442,10.031142234802246,70979919872.0,3.520965576171875,0.13543404532432682,9.122114181518555,,0.5871701525815973
23249,68591,68591,9.244952201843262,7984264704.0,2.742767333984375,0.0945349142135902,4.232601165771484,-10.124904749641637,0.255399716269203
23255,68902,68902,10.19516372680664,54816174080.0,2.3040771484375,0.14969678068979808,9.30127239227295,,0.3340715310046429
23276,162217,162217,9.899070739746094,39979888640.0,2.941131591796875,0.15920837764925602,9.30127239227295,,0.2150956590136246
23787,34979,34979,10.072441101074219,17452158976.0,1.2969970703125,0.3732713636614686,12.570900917053223,,0.1344958719771586
23804,107444,107444,8.008866310119629,1254251904.0,5.3253173828125,0.21878897336366201,9.525218963623047,,0.3150251543686482
24786,115381,115381,8.420147895812988,1766689408.0,3.559112548828125,0.10962259306235445,7.181239128112793,,0.1183322214044628
24846,41125,41125,9.452591896057129,18701529088.0,3.51715087890625,0.09223789500623816,2.791874647140503,-10.025840653234901,0.1162049644798558
24848,380819,380819,9.870017051696777,18916265984.0,1.8672943115234375,0.15068143617524102,9.79395580291748,,0.4033891282140107
24869,368166,368166,8.74820613861084,2427977984.0,2.658843994140625,0.1306353538696122,4.7551445960998535,-10.671632352634294,0.3187224874809727
25348,71384,71384,9.294713973999023,8072111104.0,2.559661865234375,0.11509100056010252,7.352931976318359,,0.2556744720889569
25934,1080,1080,9.816198348999023,372937392128.0,14.801025390625,0.2609165477883514,9.80888557434082,-11.33578868834552,0.1410104565757539
25980,24557,24557,9.510972023010254,7935461376.0,1.8157958984375,0.3302901060549237,12.541041374206543,,0.2932039322594473
26144,450952,450952,8.743383407592773,1115161728.0,1.59454345703125,0.13287204397739683,2.022989511489868,-9.33318961952694,0.18832694030974
26301,456418,456418,9.542266845703125,23894231040.0,3.60870361328125,0.09204622725162678,4.299785614013672,-10.399396852873593,0.2611910679562392
26316,315018,315018,10.114999771118164,125405667328.0,4.52423095703125,0.12986486002042216,9.331130981445312,-12.289406237408164,0.3964275722856327
26657,230447,230447,9.923619270324707,57314918400.0,3.60107421875,0.1877115743442738,8.733940124511719,,0.1665889453090732
26697,29125,29125,9.858685493469238,42244374528.0,3.246307373046875,0.15797503082415906,8.196466445922852,,0.6846774854043695
26780,1459,1459,9.196613311767578,5309829120.0,2.25067138671875,0.09256677262472504,6.472073078155518,-11.785118919206342,0.3396763761574535
26925,979716,979716,9.401287078857422,9565500416.0,2.43377685546875,0.10028391812767604,3.448786497116089,-9.950271057007706,0.2209922898101866
26935,10967,10967,9.258874893188477,17998757888.0,4.61578369140625,0.09599025089151877,3.5644922256469727,-9.821113535675266,0.2555091908147726
27053,2338469,2338469,8.904712677001953,5270786048.0,3.505706787109375,0.1123692289198425,1.7486541271209717,-9.668284285562052,0.1923235276018631
27619,163537,163537,9.20844841003418,11986157568.0,3.803253173828125,0.1171738446063697,2.489546060562134,-9.939098876391736,0.2807237186519766
27795,67351,67351,9.46514892578125,27095744512.0,4.41741943359375,0.09335026449718689,3.7287204265594482,-10.01541378327488,0.1818671040672235
28122,12889,12889,9.797881126403809,44899287040.0,3.711700439453125,0.08103048593023801,5.747977256774902,-10.372313255964038,0.1673377988442134
28481,70643,70643,10.003171920776367,57471090688.0,3.192901611328125,0.08952308442845872,6.7855987548828125,-10.523602205614981,0.1466249114822501
29525,168377,168377,9.803970336914062,29711616000.0,2.7923583984375,0.08175699747854945,4.829793930053711,-10.277570561788995,0.1556055391301277
29931,5560,5560,9.787840843200684,136337670144.0,7.904052734375,0.19598977102445778,9.928323745727539,-11.784800484258811,0.1748470174416299
30342,61329,61329,8.772887229919434,3059984128.0,2.986907958984375,0.09761060334520236,2.870256185531616,-9.63059896641887,0.1290158436922624
31115,26168,26168,9.752748489379883,28267030528.0,2.92205810546875,0.11139711708481465,2.022989511489868,-9.725195131905828,0.2831844337232632
31639,688537,688537,9.147032737731934,11439557632.0,4.05120849609375,0.11575083302455055,1.59562349319458,-9.851192492785934,0.1452578015068709
31768,12178,12178,8.030509948730469,1248151424.0,5.13458251953125,0.17768181319939877,9.390851020812988,,0.286272977480783
31769,12231,12231,9.766340255737305,45211631616.0,3.91387939453125,0.22145513027988553,10.002973556518555,-11.142552619459906,0.1968577734932565
32231,1559,1559,9.957762718200684,90423263232.0,4.63104248046875,0.10890791937489969,7.987448692321777,-12.7273950946379,0.3227055251720159
33048,12671,12671,9.448982238769531,198650068992.0,17.08984375,0.18241452535532612,9.450571060180664,-12.08514570065299,0.4473667429659216
34031,254065,254065,8.701842308044434,1090759936.0,1.674652099609375,0.24806161177110506,10.316498756408691,,0.1402548928334505
34219,364183,364183,9.017251968383789,3748114432.0,2.349853515625,0.08661489744905809,4.098233222961426,-10.731258984360707,0.2810457947587139
34598,3831,3831,9.517699241638184,23191459840.0,3.673553466796875,0.2675851761770742,11.958779335021973,,0.4329240642894909
34989,313288,313288,8.882043838500977,4426484224.0,3.231048583984375,0.13052703892177137,4.232601165771484,-11.428051204151508,0.1569699109828219
35131,472461,472461,8.752067565917969,3108787712.0,3.116607666015625,0.1290924078110663,1.5265731811523438,-9.969793187751906,1.0
35528,1415,1415,9.895112037658691,37403058176.0,2.83050537109375,0.22501733604922255,10.16720199584961,-12.542955475221337,0.3951193758495984
35547,1812655,1812655,8.852205276489258,3191753728.0,2.719879150390625,0.11105336277728248,2.355177640914917,-9.801825033702759,0.4492170629631438
35630,1825444,1825444,9.452010154724121,10775829504.0,2.437591552734375,0.09770520226167642,7.203633785247803,,0.1528146952829731
35686,4261,4261,9.730053901672363,57002573824.0,4.82940673828125,0.10072388114988984,2.586589813232422,-9.851224583128658,0.2840159276856284
35957,62741,62741,9.346954345703125,3225916416.0,1.28173828125,0.05728526428752617,1.9968621730804443,-9.457519863502041,0.2864479689602385
35971,332513,332513,8.806008338928223,2737880576.0,2.635955810546875,0.12468067522912829,1.989397406578064,-10.108540659223866,0.2642195723929472
36112,154891,154891,9.204923629760742,17784023040.0,4.974365234375,0.09405700317234722,3.2994883060455322,-9.955225363598561,0.3468861766158594
36800,361283,361283,9.888687133789062,106352754688.0,5.7373046875,0.24319150083162713,10.7196044921875,,0.2322142637404296
37233,242910,242910,9.609213829040527,27876601856.0,3.60870361328125,0.09756410052562461,4.1206278800964355,-10.424210634305352,0.2480794411282997
37395,15788,15788,9.172106742858887,9565500416.0,3.459930419921875,0.15499508926384878,7.838150501251221,,0.6266001175874566
38274,5398,5398,9.984955787658691,36934545408.0,2.445220947265625,0.31244469755561777,12.033427238464355,,0.1883143645973766
38930,144741,144741,9.390320777893066,20770801664.0,4.150390625,0.09484779933525522,3.120330572128296,-10.0392770796585,0.1879889350327973
39233,655330,655330,9.45850658416748,15988050944.0,3.139495849609375,0.10468805923385247,2.358910322189331,-9.53605974714644,0.2551585786684567
39624,1181,1181,9.408853530883789,13821172736.0,3.07464599609375,0.10112751170914588,2.034186840057373,-9.670399713446674,0.2336854054063101
39663,144765,144765,9.893672943115234,83083206656.0,4.82940673828125,0.14232433532615404,6.1585469245910645,-12.032948553004825,0.2104548389751604
39667,924956,924956,9.0640287399292,11634771968.0,4.6539306640625,0.10253474201762444,2.653773784637451,-9.881869335437557,0.1086826294134158
39765,1484,1484,9.001851081848145,2457260032.0,1.8157958984375,0.09439348979320458,3.415194272994995,-9.830211499237842,0.2454534866811349
39782,28276,28276,8.799642562866211,6930107904.0,4.94384765625,0.10096146341109505,2.1984145641326904,-9.568448687645809,0.2128097610072933
40401,65982,65982,8.78674602508545,2318169856.0,2.429962158203125,0.08894657974126827,3.7735097408294678,-9.88653621209616,0.1925096704177272
40442,1365463,1365463,10.170822143554688,98544181248.0,3.536224365234375,0.20880281131887216,9.495359420776367,,0.3210574370777725
41347,4716,4716,9.95606517791748,48725487616.0,3.07464599609375,0.19306106599270587,10.465797424316406,,0.2706372690625785
41529,239994,239994,10.17591667175293,40448401408.0,1.9378662109375,0.2509910373039438,11.107779502868652,,0.1874100375434312
41692,33969,33969,8.171422958374023,1847215360.0,5.37109375,0.2695705283011517,11.152567863464355,,0.100405403170088
41869,160247,160247,9.263131141662598,8940815360.0,2.87628173828125,0.08184358794477253,4.590917110443115,-10.410650831308313,0.2469692309230563
42135,5612,5612,9.66828727722168,29243101184.0,3.4027099609375,0.2592028609870892,11.540743827819824,,0.6404205273018974
42244,537268,537268,8.69570541381836,2610991360.0,3.025054931640625,0.11759092647381497,8.34576416015625,,0.448795869292843
43394,71063,71063,10.017477989196777,197713035264.0,7.11822509765625,0.16566605468914938,9.28634262084961,-12.114330971899252,0.1439343727234143
44056,27360,27360,9.907186508178711,315153973248.0,11.505126953125,0.1823678556995655,9.525218963623047,-12.546492553211511,0.3586160010411515
44139,144985,144985,9.604063034057617,18291580928.0,2.74658203125,0.10469814269059549,7.823220729827881,,0.2301456322638881
44376,24620,24620,9.318161010742188,7769529344.0,2.407073974609375,0.07478980623305867,3.7959043979644775,-10.146247532518306,0.1856719699976402
44570,144209,144209,9.599334716796875,29438316544.0,3.7994384765625,0.09725947638090493,3.2435014247894287,-9.914977586511796,0.2204313081655748
45086,475067,475067,9.242668151855469,14621550592.0,4.119873046875,0.09884411512225139,2.9598350524902344,-9.933029617934128,0.0853125608766611
45122,153016,153016,8.845823287963867,4753468416.0,3.582000732421875,0.12542065356437634,1.543369174003601,-9.557173532371955,0.2514252258938768
45258,226646,226646,8.7317476272583,1493389440.0,1.972198486328125,0.07734826277518372,4.844723701477051,-10.265669668668657,0.2110715836527737
45629,704250,704250,9.827993392944336,16027094016.0,1.7833709716796875,0.19965781606463354,9.853675842285156,-12.807099659076357,0.3377066587219942
46336,365289,365289,9.071075439453125,13157443584.0,4.99725341796875,0.10102890567878292,3.448786497116089,-9.849256617788486,0.300825328861131
46939,72656,72656,9.564839363098145,17413115904.0,2.8228759765625,0.0720690050273598,5.262758255004883,-10.282849543886242,0.2233842272325295
47000,321908,321908,9.068038940429688,16105180160.0,5.74493408203125,0.10936762889479235,3.6018168926239014,-10.04238219924243,0.3385691587234989
47349,764883,764883,9.830520629882812,63171346432.0,4.43267822265625,0.08613319734982186,5.568819522857666,-10.525865260863819,0.2902182435497342
47455,14722,14722,9.667411804199219,26432016384.0,3.185272216796875,0.2070480293529807,10.450867652893066,,0.2382856041646393
47647,1139,1139,9.917738914489746,372937392128.0,12.664794921875,0.22660011069772126,7.375326633453369,-10.387456976674514,0.1654442841404753
48763,444,444,9.71858024597168,30219173888.0,3.2196044921875,0.27118549962469574,10.973411560058594,-12.236810692516682,0.1992519646627446
48863,334095,334095,8.807577133178711,4016534272.0,3.39508056640625,0.10553590506105365,5.277688503265381,-10.466790950810937,0.217729568220036
49094,1318206,1318206,9.087321281433105,8608950272.0,3.673553466796875,0.11194046095610735,3.6727335453033447,-10.043463002783078,0.1375457909851937
49227,11876,11876,9.594168663024902,30414387200.0,3.91387939453125,0.14690358706458592,8.047167778015137,,0.2389755723495001
49640,107,107,10.047009468078613,56534061056.0,2.95257568359375,0.18465951175577508,10.271710395812988,-12.7738144109946,0.6251389492466966
49966,33099,33099,8.943696022033691,3445532416.0,2.4871826171875,0.13463750665986304,2.0939061641693115,-9.480247498841774,0.2000411794079114
49977,12930,12930,9.117043495178223,9975450624.0,3.871917724609375,0.09175889131108683,2.989694833755493,-10.020618884114615,0.4486798975142284
51446,537394,537394,8.417647361755371,1922860800.0,3.780364990234375,0.12034534878347786,3.023286819458008,-10.222343263169124,0.1200821222777546
51469,321039,321039,9.557597160339355,24831258624.0,3.6163330078125,0.10591948259308706,1.8550289869308472,-9.563583345784783,0.2890452356327911
51756,214747,214747,9.158965110778809,6198053888.0,2.643585205078125,0.10889320635586555,2.467151403427124,-9.915982671046253,0.0706829354495532
51797,92742,92742,9.506896018981934,22410602496.0,3.650665283203125,0.10806522215031228,3.4039969444274902,-10.055086694931726,0.2275770624751174
52496,1716312,1716312,9.015228271484375,5397675520.0,3.0059814453125,0.1028424362739315,4.016119003295898,-10.23247419492357,0.2865595714180896
52702,100531,100531,10.192682266235352,70199058432.0,2.727508544921875,0.10773744951010275,9.420710563659668,,0.3158364508406278
52802,150450,150450,9.441109657287598,9994972160.0,2.35748291015625,0.08035031031803272,5.8375563621521,-10.648728887468808,0.2305222753254891
53029,335064,335064,9.330995559692383,7125321728.0,2.227783203125,0.12588872741809642,7.89786958694458,,0.3000511201475191
53074,149606,149606,7.868964195251465,1010233984.0,5.71441650390625,0.11309405081105245,2.7321553230285645,-9.69414462030884,0.518144572092215
53387,155287,155287,9.095542907714844,8501582848.0,3.597259521484375,0.09410471595216988,2.989694833755493,-9.990195298582101,0.3088070042067539
53667,160652,160652,9.471186637878418,7252211200.0,1.8177032470703125,0.36306143693778214,12.451461791992188,,0.0897734815576787
53924,507774,507774,9.429248809814453,8277086208.0,2.117156982421875,0.07460503840537769,5.3971266746521,-10.419903200872199,0.3326147666664812
54357,344877,344877,9.513650894165039,8364932608.0,1.873016357421875,0.1336951312314726,10.391148567199707,,0.1624321131317637
54395,248613,248613,8.577951431274414,3440652032.0,4.35638427734375,0.15149310772110294,1.765450119972229,-9.601179597700986,0.3403376226606847
54905,38283,38283,8.993308067321777,5739300352.0,3.238677978515625,0.09341131487344417,3.978794813156128,-9.878915139513763,0.11092874042765
55000,143,143,9.683619499206543,42166288384.0,4.241943359375,0.090769274511494,3.340545177459717,-10.222581718479812,0.2441807190526876
55851,25289,25289,10.151899337768555,66607120384.0,2.803802490234375,0.09836765376683348,8.763799667358398,,0.2737871982421091
55853,59701,59701,9.782252311706543,35177615360.0,3.231048583984375,0.19580096883291423,11.092849731445312,,0.2442360581780703
55972,9598,9598,8.798555374145508,3723712768.0,3.27301025390625,0.10492747185397464,2.7358877658843994,-9.975563636638105,0.2285650435742131
56978,1349575,1349575,8.587209701538086,2369413632.0,3.34930419921875,0.1388404319699316,2.265598773956299,-9.63350271850918,0.2586963865846166
57277,354538,354538,10.065511703491211,37676359680.0,2.18963623046875,0.1787536009528289,8.39055347442627,-13.414258538440208,0.0999273219309596
57415,239929,239929,8.330302238464355,1386021504.0,3.475189208984375,0.11640541716997155,5.4120564460754395,,0.151907738939778
58203,250005,250005,9.021002769470215,7447425536.0,3.692626953125,0.0906429088478174,2.993427276611328,-9.889630993187618,0.17058268844085
59768,1144,1144,9.193824768066406,35529003008.0,8.026123046875,0.21131833253999252,10.853973388671875,,0.124486933033963
60045,60543,60543,8.40507698059082,1227409920.0,2.857208251953125,0.11775401585884854,2.1013708114624023,-9.81110577925847,0.3315461459565825
60470,329041,329041,8.921095848083496,6324943360.0,3.8604736328125,0.21676402365134653,9.18183422088623,,0.1390757992834073
60691,4041,4041,9.969917297363281,21512615936.0,1.7452239990234375,0.2941863597049189,11.854269027709961,-12.04684045563889,0.2427965690045709
60885,64040,64040,9.926477432250977,40448401408.0,2.841949462890625,0.08916106652555925,3.7959043979644775,-10.155174216629902,0.3127094315143607
62340,166815,166815,8.877532005310059,3221036032.0,2.63214111328125,0.12592241193544076,2.019257068634033,-9.47344239744745,0.2515514128662194
62704,37833,37833,9.515522003173828,20536545280.0,3.398895263671875,0.19158159222245072,11.286937713623047,,0.4401845404132655
62782,168222,168222,8.343195915222168,1878937600.0,4.17327880859375,0.17456504664272102,1.5284394025802612,-9.594883362661077,0.0772713011165029
62938,74342,74342,9.807321548461914,33889202176.0,3.032684326171875,0.24096265268634412,9.77902603149414,-12.212216229668543,0.3259781466569095
63416,180533,180533,9.727262496948242,40838832128.0,3.88336181640625,0.09377190207768435,4.434154033660889,-10.157781182339892,0.2484013766478928
63794,920514,920514,8.410801887512207,1121262080.0,2.666473388671875,0.11105826953285003,3.0344839096069336,-9.6949635234781,0.1446372276168203
64535,79636,79636,9.539358139038086,24987430912.0,3.734588623046875,0.0913312256124181,3.657803773880005,-10.240797945324896,0.2084549603658687
64561,433,433,9.831660270690918,180534181888.0,8.9111328125,0.273043428143421,11.615392684936523,,0.406263143583529
64574,6875,6875,10.035849571228027,61297291264.0,3.170013427734375,0.3139184062229239,11.585533142089844,,0.2948159623885058
64593,28590,28590,9.914201736450195,145707958272.0,6.805419921875,0.21668194120677728,10.421008110046387,,0.336552247849714
64893,64897,64897,9.687392234802246,16105180160.0,2.22015380859375,0.17413372246264572,7.031940937042236,-12.48047695000669,0.3256116155092677
65282,150911,150911,9.787817001342773,40995004416.0,3.54766845703125,0.09180668545047782,4.725285530090332,-10.254206079208316,0.1196147991764178
65546,65964,65964,9.7298583984375,11654293504.0,1.6765594482421875,0.30184724139607566,12.003567695617676,,0.245563353248031
65616,100792,100792,9.777446746826172,107602124800.0,6.85882568359375,0.1981288861324816,9.614797592163086,-12.26527241149021,0.2916948972742798
66108,52485,52485,9.833898544311523,142896873472.0,7.598876953125,0.3166573147254965,10.361289024353027,-11.235284351798168,0.1673974722297576
66432,12641,12641,9.57492446899414,10619658240.0,1.9989013671875,0.087768960044081,4.635706424713135,-10.262419264702494,0.2052921633129873
66617,53093,53093,9.38377571105957,17920671744.0,3.7994384765625,0.09592143301968004,3.836961507797241,-10.194888929815393,0.2047680934180347
66857,104334,104334,9.087178230285645,7301015040.0,3.292083740234375,0.10757363490734043,2.664971351623535,-10.801778656567535,0.2663166689012838
67070,297004,297004,9.452077865600586,16886036480.0,3.28826904296875,0.1284322122167712,7.853080749511719,-10.929639955934512,0.1394247449931549
67533,37566,37566,8.393424987792969,1223749632.0,2.902984619140625,0.11717777960348,5.008951663970947,,0.1249356129531845
67678,87405,87405,8.903711318969727,5387914752.0,3.56292724609375,0.09011387931665588,2.142427921295166,-9.857365745532814,0.1129784251831383
67990,2333,2333,9.919270515441895,39862759424.0,2.84576416015625,0.0985774072033683,9.928323745727539,,0.2141001098273039
68789,2495,2495,10.114931106567383,74337607680.0,3.192901611328125,0.29078589065047555,11.406375885009766,-12.355329358236867,0.3781416685322805
69100,339209,339209,8.081100463867188,2513384192.0,7.57598876953125,0.145485735658121,3.1389925479888916,,0.3748080042343062
69811,131223,131223,9.643649101257324,31429502976.0,3.7078857421875,0.0878266697620455,3.2658960819244385,-10.075629628926729,0.0931016954499287
70219,236847,236847,8.932960510253906,5670975488.0,3.5247802734375,0.09041458670607189,7.464905738830566,,0.4166769372638963
70949,630395,630395,9.512256622314453,28188944384.0,4.21905517578125,0.08874512108897054,4.516268253326416,-10.261136099557476,0.2687834442947988
72073,79099,79099,9.885479927062988,53332545536.0,3.63922119140625,0.1785567504056492,10.540446281433105,-11.76881265849301,0.24276642258952
72101,45680,45680,9.602237701416016,20341329920.0,2.956390380859375,0.09505694628943245,6.404889106750488,,0.2006247011491157
74174,285835,285835,9.1314115524292,6276139520.0,2.780914306640625,0.10865922237597614,2.862791061401367,-9.77036915113287,0.2135524464365236
75082,89688,89688,10.036664009094238,64654974976.0,3.2806396484375,0.09915042299413507,5.516564846038818,-10.98677409861033,0.1907068717096214
75542,42088,42088,10.053502082824707,36075601920.0,2.166748046875,0.21195621928659716,9.495359420776367,,0.2599773425291012
76004,17327,17327,9.288994789123535,13547872256.0,3.6468505859375,0.09617188795224219,1.8419654369354248,-9.708486394949599,0.3302761054972684
76005,17386,17386,8.941682815551758,2967257344.0,2.25830078125,0.11159292583062191,3.019554376602173,-9.871347867999356,0.3955337989574026
76098,117417,117417,9.9478120803833,190529159168.0,7.72857666015625,0.15279536546970704,8.151677131652832,-11.729759346742652,0.1401295983721292
76740,127899,127899,9.944398880004883,34670059520.0,2.49481201171875,0.09252092427749681,5.800231456756592,-10.439480047949923,0.3203473842809151
76900,7182,7182,9.93356990814209,133058068480.0,6.21795654296875,0.12785417441015257,7.25588846206665,-10.847622144242983,0.2422682162992702
76933,45928,45928,10.025703430175781,33928245248.0,2.170562744140625,0.15918468463685134,8.39055347442627,-12.152127196782317,0.2156133021115729
76946,811822,811822,10.127079010009766,166791102464.0,5.37109375,0.11061364875424318,7.74857234954834,,0.3316981439935129
77574,415381,415381,9.915637969970703,33420687360.0,2.544403076171875,0.08780986497624033,7.9725189208984375,-11.182961271866581,0.6225899661121357
78447,88505,88505,8.98777961730957,6246857728.0,3.45611572265625,0.10368372497795147,2.6052520275115967,-9.595382667572983,0.1641953771158005
78575,204053,204053,9.233054161071777,11966637056.0,3.658294677734375,0.09976935852931404,2.7396204471588135,-9.751183770655214,0.1388202811410723
78654,891798,891798,9.60698127746582,12767014912.0,2.1514892578125,0.1511236562291989,8.106886863708496,-11.21683275244523,0.1974997720364781
78754,1670616,1670616,8.732599258422852,2635393024.0,2.87628173828125,0.09528972109688844,2.5119407176971436,-9.719191820604651,0.1334464408934711
78928,2893,2893,9.317008972167969,12415629312.0,3.2958984375,0.1139305049520713,1.8923535346984863,-9.719233402371636,0.2747724766184583
79247,445152,445152,9.880107879638672,47866548224.0,3.414154052734375,0.18020763050367808,11.033129692077637,,0.1497316354696878
80503,1495593,1495593,9.873419761657715,38496260096.0,2.98309326171875,0.09944172037815413,8.196466445922852,,0.0807480841495497
80895,278796,278796,9.277064323425293,19423823872.0,4.72259521484375,0.10701336099216396,2.362642765045166,-9.814448809230775,0.250186431975788
80962,2479,2479,8.764728546142578,1121262080.0,1.54876708984375,0.20167578683413281,10.331428527832031,,0.2526105308656836
80985,47124,47124,9.949360847473145,194901950464.0,7.8277587890625,0.2020841090016364,10.67481517791748,,0.2925408999995586
81409,48751,48751,8.854395866394043,2371853824.0,2.223968505859375,0.236393936638813,11.30186653137207,,0.1622860210373478
81614,18403,18403,9.651055335998535,18955309056.0,2.61688232421875,0.09179533944969837,4.650636196136475,-10.698817021371912,0.2367926997399555
81946,838731,838731,9.49825668334961,19736166400.0,3.398895263671875,0.07889525601481948,4.105698108673096,-9.965869181285635,0.1201874322854633
81953,194012,194012,9.049720764160156,4924280832.0,2.681732177734375,0.06885492963302917,6.031643867492676,-10.7243524592509,0.0825898640225628
82280,20944,20944,9.758830070495605,151486300160.0,8.8653564453125,0.1999510026073418,10.331428527832031,,0.2145556017387393
83380,56280,56280,9.629157066345215,63717949440.0,6.072998046875,0.18882991022414738,8.987746238708496,-12.057126343237607,0.4891494158076355
83566,1694775,1694775,9.447807312011719,16866515968.0,3.307342529296875,0.11175532717991096,3.224839210510254,-10.05046068840263,0.2022924358523679
83618,88790,88790,9.978797912597656,177098407936.0,7.01904296875,0.17043644636761188,9.107184410095215,-12.547526620821962,0.2402873587449896
83942,6627,6627,9.392430305480957,20185157632.0,4.058837890625,0.0784199213742639,5.486705780029297,-10.246082322558,0.2330242689769881
84301,6326,6326,9.764979362487793,49896775680.0,4.18853759765625,0.215666945949844,10.376218795776367,,0.1609632467114973
84753,276029,276029,9.798727989196777,172100927488.0,9.0789794921875,0.19995234130977932,9.107184410095215,-14.15901389726705,0.1631346959234536
85703,49924,49924,9.78348159790039,57861517312.0,4.49371337890625,0.14139227255418474,8.28604507446289,,0.2234974877087543
85839,52560,52560,9.837705612182617,31390459904.0,2.750396728515625,0.18170280792505414,8.554781913757324,,0.2478847807485335
85886,87128,87128,8.794214248657227,3079505664.0,2.902984619140625,0.09218659694899714,6.457143306732178,-10.772862628778084,0.3043221504192535
86111,20315,20315,9.705888748168945,24831258624.0,2.880096435546875,0.0950155901079438,4.269926071166992,-10.440652259600277,0.6297249562898336
86115,602395,602395,9.522561073303223,20731758592.0,3.383636474609375,0.10897851727625352,4.031048774719238,-11.407705057185053,0.2493966584890051
87429,6669,6669,9.534988403320312,36895502336.0,4.87518310546875,0.08901172743375288,3.5607597827911377,-10.018022843717715,0.2727839051208571
88241,48082,48082,9.502650260925293,4782750208.0,1.312255859375,0.16343781482852818,9.89846420288086,,0.1545015002889554
88252,82033,82033,9.515619277954102,13274572800.0,2.54058837890625,0.08350120248345519,6.37502908706665,,0.2524756332393666
88784,86833,86833,9.683279991149902,22410602496.0,2.78472900390625,0.08836413331356918,3.083005905151367,-9.873598083021541,0.3140864054186202
89927,137985,137985,9.184720993041992,5192700416.0,2.25830078125,0.10635963760957101,2.452221393585205,-9.819655181574312,0.3953528261332439
90207,54948,54948,9.185611724853516,9965689856.0,3.482818603515625,0.1032589513490764,3.650338888168335,-10.690952888041107,0.3132643815866656
90765,569693,569693,9.956263542175293,44899287040.0,2.910614013671875,0.0930152573941731,4.060908317565918,-10.040932119778946,0.3080681365036914
91030,2264,2264,9.763365745544434,133370413056.0,8.087158203125,0.17966694404845554,8.778728485107422,-14.231934549518472,0.1834825282169789
92059,19867,19867,9.54560661315918,31937058816.0,4.35638427734375,0.11050882385937447,2.250669002532959,-9.750754547332036,0.4122522402864094
92074,83656,83656,9.518741607666016,8257564672.0,1.842498779296875,0.08480956044400306,4.135557651519775,-10.628137317101693,0.19813936494999
92091,839391,839391,9.140544891357422,4040935936.0,2.044677734375,0.09297486745075359,3.941470146179199,-9.98181064719005,0.1216282217488478
92312,865552,865552,9.427281379699707,8530865152.0,2.166748046875,0.07939389460576687,5.016416072845459,-10.286387692866704,0.2485030890540208
92957,194862,194862,9.374792098999023,12025200640.0,2.95257568359375,0.08952047408563632,3.9340052604675293,-10.334448475334918,0.1386517598640672
93016,204690,204690,9.596197128295898,21434529792.0,3.08990478515625,0.09363876247871575,3.7921719551086426,-9.913626656730221,0.1541622221031639
93074,52448,52448,9.647733688354492,14699636736.0,2.22015380859375,0.22323936444986678,10.958481788635254,,0.2697983235310041
93984,392543,392543,9.750041007995605,40526487552.0,3.73077392578125,0.0820056683653525,4.919373035430908,-10.208882597585337,0.1761006761228623
94021,1671642,1671642,9.614506721496582,129466122240.0,9.9639892578125,0.19515312003417304,9.689447402954102,-12.484207097444456,0.0959219879743713
94818,19033,19033,10.064830780029297,40604573696.0,2.3040771484375,0.223461912125015,11.704972267150879,,0.1974574488594113
96503,136251,136251,9.96489143371582,35763261440.0,2.468109130859375,0.06914239910035344,6.0615034103393555,-10.55518515998305,0.2778285159238428
96519,196615,196615,9.548758506774902,25416902656.0,3.72314453125,0.0819772375786641,4.45654821395874,-10.387807653009402,0.1467006112151909
96547,22485,22485,9.734358787536621,45992488960.0,4.15802001953125,0.09279695255853393,4.419224262237549,-10.247751778938454,0.3573969119995283
97487,2014949,2014949,9.62482738494873,14016387072.0,2.227783203125,0.0835232176485125,4.404294013977051,-10.722937708964766,0.2565286290797681
98261,47343,47343,9.661803245544434,39238074368.0,4.180908203125,0.08712083842679741,3.87428617477417,-10.206516924047516,0.2090885181747847
99411,1188948,1188948,9.95466136932373,47398031360.0,3.025054931640625,0.17562541588988648,9.30127239227295,,0.3317868075744696
99435,200837,200837,8.850510597229004,6461593088.0,4.364013671875,0.10221357126620945,5.561354637145996,-11.101444186924327,0.1495919167860818
99926,195591,195591,9.407445907592773,9048182784.0,2.323150634765625,0.11291792701165945,2.3925023078918457,-9.628207921550384,0.1822184114583746
100084,128984,128984,9.068674087524414,6373746688.0,3.093719482421875,0.10551296804637841,5.979389667510986,-10.955905161726124,0.1097450000957173
100351,134648,134648,9.621973991394043,16124700672.0,2.4566650390625,0.10953131107659794,6.934896945953369,,0.1133807431142683
100497,3024,3024,9.40972900390625,25221687296.0,4.58526611328125,0.20853566448870012,11.57060432434082,,0.1532670434066217
100633,135333,135333,10.023747444152832,34670059520.0,2.208709716796875,0.18321305603409574,8.31590461730957,-11.751990861881307,0.158972847914655
100800,305406,305406,9.905157089233398,67778404352.0,4.14276123046875,0.14113949055057232,9.331130981445312,,0.2015645293025783
100926,435538,435538,9.387743949890137,13411222528.0,3.11279296875,0.08753122385299106,4.053443431854248,-10.17621292623506,0.3179894626568013
101399,799104,799104,8.582381248474121,2188840448.0,3.200531005859375,0.09520191812741402,4.225136756896973,-10.809787822006701,0.2001103784928947
101502,17414,17414,9.92838191986084,69340119040.0,4.058837890625,0.19577848691330765,8.36069393157959,-11.352359911336476,0.2167606976189593
102226,48322,48322,8.82490348815918,3181993216.0,2.83050537109375,0.11282625457885456,2.153625249862671,-9.597891229952952,0.13909026688164
103116,132216,132216,9.42325496673584,6412789760.0,1.8024444580078125,0.08133614983441007,8.136747360229492,,0.2505906996381226
103371,20557,20557,9.698912620544434,17354551296.0,2.292633056640625,0.11263482774444597,8.853378295898438,,0.2488577126386547
104453,202570,202570,8.954265594482422,3147830528.0,2.3040771484375,0.07382846169750323,4.926837921142578,-10.09904430476707,0.3522166040503411
104946,881588,881588,8.643550872802734,3670028800.0,4.11224365234375,0.13715698443473387,5.113460063934326,-10.74881824435613,0.206926712166872
105362,270337,270337,9.094966888427734,8530865152.0,3.60870361328125,0.10040926125457744,2.127498149871826,-9.460097163555623,0.354823822382513
105420,1112173,1112173,9.140047073364258,5729539584.0,2.582550048828125,0.1095036308259843,3.224839210510254,-9.74616645374165,0.184774701698028
105526,76796,76796,8.746017456054688,2859889408.0,2.9754638671875,0.08901947677342292,3.6242117881774902,-10.3485662877959,0.267023065805431
105780,393815,393815,9.776914596557617,118221783040.0,7.3089599609375,0.16234611377619793,9.137044906616211,-13.221880541655024,0.0899182782211132
106109,1542579,1542579,9.44845199584961,6159011328.0,1.6880035400390625,0.16522905601009488,9.79395580291748,,0.1834694011179678
106221,124639,124639,9.01755142211914,8062350336.0,3.91387939453125,0.09162476701048305,3.2808258533477783,-10.042149657694322,0.1772415480161223
106308,19674,19674,9.509637832641602,96826294272.0,9.6435546875,0.23646282712508612,8.36069393157959,-10.49244610557696,0.0616133181799034
107057,1166700,1166700,9.5306396484375,23152416768.0,3.597259521484375,0.09219104470519093,2.993427276611328,-10.044655669564806,0.2703877924415742
109198,588275,588275,8.788280487060547,2271806464.0,2.391815185546875,0.09904045712664977,5.7181172370910645,-10.159427061080235,0.229241425331194
109298,7231,7231,9.722306251525879,41932029952.0,3.9825439453125,0.22424478154297436,9.495359420776367,,0.2516559235685425
110906,632496,632496,8.844636917114258,3123428864.0,2.712249755859375,0.11200381494632569,2.258134126663208,-9.85191582821459,0.190959601538191
111119,300984,300984,8.151420593261719,1188367104.0,4.12750244140625,0.09806699990788711,6.166011810302734,-11.735063621364427,0.0905069630369054
111383,121156,121156,8.64333724975586,2991659264.0,3.589630126953125,0.09735702515317901,5.4120564460754395,-11.165634803872841,0.2369035958175754
111975,578448,578448,9.677555084228516,46148661248.0,4.547119140625,0.2410010936874121,9.883535385131836,-12.603759267562925,0.2056928585981662
111997,77763,77763,8.55917739868164,1764249216.0,2.872467041015625,0.08997752312027568,5.008951663970947,-10.276336703644846,0.4110256703517936
112111,47566,47566,9.417179107666016,12747493376.0,2.87628173828125,0.08619158596000706,2.974764823913574,-9.986430211209331,0.1025884580749007
112242,19498,19498,9.986998558044434,133370413056.0,5.7373046875,0.1981665051897775,10.092552185058594,-12.869394340910283,0.2437815236957335
112323,46088,46088,9.941572189331055,53488717824.0,3.345489501953125,0.09188552623891316,4.262460708618164,-10.106760943615827,0.2008797591517819
112340,48261,48261,8.577765464782715,1395782272.0,2.38800048828125,0.1375762099722592,1.922213077545166,-9.562263488045062,0.1409447662692295
113206,200709,200709,9.147571563720703,4563134464.0,2.193450927734375,0.10682266855121333,2.3215856552124023,-9.81511857709089,0.1188889957390512
113648,7367,7367,9.847373008728027,38574346240.0,3.108978271484375,0.08223414056273232,4.583452224731445,-10.118413385630094,0.2409066733895039
114324,801124,801124,9.0962553024292,5134136320.0,2.567291259765625,0.1188158625117717,8.36069393157959,,0.1610248388548701
115174,127454,127454,9.41150951385498,8687036416.0,2.246856689453125,0.18118180259615022,10.107481956481934,,0.5689327826323863
115261,82881,82881,9.485589981079102,12415629312.0,2.544403076171875,0.08947105719476842,5.867415428161621,-10.447481913203564,0.1360458626995344
115464,81665,81665,9.759756088256836,65279660032.0,5.0506591796875,0.137060618318983,8.838448524475098,-11.290319229087755,0.2064182128029462
115724,53388,53388,9.543291091918945,22410602496.0,3.452301025390625,0.07935419312645375,7.442511081695557,-11.310429435890542,0.1801875458312413
116203,632085,632085,8.934126853942871,4275193088.0,2.9144287109375,0.10743775648378537,3.127795457839966,-9.86393288577768,0.13619002537081
116223,615125,615125,9.814420700073242,81365319680.0,5.37872314453125,0.1429146870942412,8.211396217346191,-13.238932330716976,0.1519754083095047
116616,207964,207964,9.871594429016113,82927034368.0,4.9896240234375,0.23584373296193947,10.973411560058594,-12.71944557067352,0.121100934496185
116742,53819,53819,9.288191795349121,9985211392.0,2.979278564453125,0.09446294912672384,2.3215856552124023,-9.993926712459618,0.2379244700593872
116969,57503,57503,9.707921028137207,29906831360.0,3.2501220703125,0.0866380250964423,4.202741622924805,-10.29188189114826,0.1233616598518734
117812,19723,19723,10.005899429321289,59813662720.0,3.265380859375,0.08340248643728035,5.561354637145996,-10.583571808449827,0.3991742377433773
117976,273584,273584,9.550994873046875,19638558720.0,3.124237060546875,0.10777386782561116,3.112865447998047,-10.263190274919713,0.204040332959914
118326,20589,20589,10.102438926696777,57627262976.0,2.74658203125,0.08797709823957658,8.256185531616211,-12.090693019322542,0.2048338576609566
118463,7454,7454,9.334877967834473,15460972544.0,3.711700439453125,0.09961429343856712,2.650041341781616,-9.77430167445814,0.2594039708304478
118980,57330,57330,10.067010879516602,30414387200.0,1.8939971923828125,0.27773662258375065,11.242147445678711,,0.2378670878166641
119798,178949,178949,8.755998611450195,3465053952.0,3.330230712890625,0.10665725072128504,2.1722874641418457,-10.128201311121309,0.3101298207380095
120425,389909,389909,8.028254508972168,1011454080.0,4.47845458984375,0.13336238515104124,3.2584311962127686,-10.205281681432824,0.188059890913247
120454,121984,121984,9.880732536315918,19033395200.0,1.8444061279296875,0.292360131291201,7.367861747741699,-10.586771608899696,0.1017189769494189
120841,83079,83079,10.058480262756348,42322460672.0,2.391815185546875,0.18094060062123254,7.74857234954834,-12.167628281404022,0.2771482630550809
121026,123286,123286,9.781112670898438,13586915328.0,1.71661376953125,0.3593672754587447,12.466392517089844,,0.316448127694601
121996,87588,87588,10.028504371643066,48100802560.0,2.727508544921875,0.08918300051806016,5.673327922821045,-10.389603760916026,0.1235432209434112
122064,57440,57440,9.358604431152344,20926973952.0,4.3792724609375,0.09221541192276028,3.1800496578216553,-10.244667426341294,0.0990164930449887
122155,89453,89453,9.648698806762695,36622200832.0,4.0740966796875,0.0814200925607482,6.487002849578857,-10.652086218864232,0.0940444010842723
122322,22219,22219,9.499933242797852,47944630272.0,6.12640380859375,0.24809363602693993,11.018199920654297,,0.2588953934920081
