track_id,logM,logR,compactness,MgFe,lum_age_gyr,log_ssfr,DoR
145268,10.3775835,0.43576613,9.723934,0.15130231,7.9128,,0.1109451071785261
1743973,9.93936,0.33885613,9.431075,0.16418496,7.9128,,0.1160244725936388
262637,10.299963,0.59765744,9.403477,0.09579461,8.181537,,0.1732408479003764
19090,10.128732,0.37244856,9.570059,0.11102054,8.793658,,0.250375487936139
63005,9.133277,0.86611634,7.8341026,0.112533025,5.1806445,-10.579476973640254,0.400593510748179
285659,10.168459,0.34112793,9.656767,0.18056697,10.824113,,0.228336929547156
497849,10.341279,0.59849346,9.443539,0.09097486,3.0718086,-9.955910048774259,0.2752917661686547
305185,9.955154,0.4599819,9.265182,0.104773544,4.2475314,,0.0647432229163037
250105,10.018053,0.6436659,9.052554,0.10437781,2.1386955,-9.643785827721898,0.14262371713892
383944,10.666359,0.4429945,10.001867,0.07847098,7.9874487,-11.01613267011567,0.1039951007522423
101773,10.697393,0.5164633,9.922699,0.20989347,11.361587,,0.3545490693218309
4,11.219727,0.7920461,10.031657,0.2182262,10.376219,-11.81037269623573,0.540717871766383
598534,10.420846,0.40818262,9.808572,0.18569726,8.480133,-11.9816187774893,0.1055716507301568
245231,9.756638,0.33580843,9.252925,0.10928742,2.9784973,-9.753953908447105,0.3777844266459416
246561,10.342821,0.7523083,9.214358,0.100542076,3.4263916,-10.059993466117476,0.3692573413312904
66768,9.899038,0.42593727,9.260133,0.09382004,1.7785138,-9.765123073826286,0.3679226645421273
272,11.234204,0.7790163,10.06568,0.09106844,7.293213,-10.703164985840866,0.2675902794583418
307153,10.54288,0.4899451,9.807962,0.08933536,5.755442,-10.469642087377512,0.2148272206092859
320891,9.251339,0.40493432,8.643937,0.16414467,8.584641,,0.106903802628912
927779,9.4184265,0.56912637,8.564737,0.1388821,7.024476,,0.1208439211017457
25643,9.459304,0.518978,8.680837,0.08552352,5.718117,-10.247636106941318,0.3413803210878408
62902,10.721875,0.43210635,10.073715,0.20849046,9.689447,-12.989730730584613,0.2488401710411646
26978,10.839515,0.663527,9.844224,0.19705346,10.585237,,0.2430214796256561
30463,11.442555,1.09892,9.794175,0.15390468,9.211693,-11.606423613224301,0.2455886256838129
4198626,9.328934,0.6322264,8.380594,0.12271003,2.2991908,-9.69193593837316,0.2295880620551999
490163,9.611696,0.33504316,9.109132,0.18621945,10.346359,,0.1426867438049432
1463,10.798907,0.54571974,9.980328,0.281967,10.9136915,-11.643046818254886,0.4127173720784348
65539,10.129991,0.49048096,9.394269,0.1036725,2.8217344,-9.903258355266399,0.4332611256870231
161545,9.625468,0.5385883,8.817586,0.1060318,2.6537738,-9.555050770103263,0.3481190899584137
161496,9.126203,0.3380962,8.619059,0.09622773,4.3072505,-9.870825693859688,0.1176801750568947
2167,10.915412,0.76671886,9.765333,0.27267534,11.913989,,0.4120222680308065
75530,10.57562,0.34787294,10.05381,0.15788129,10.988341,,0.1319319576883531
38433,10.128732,0.59176004,9.241092,0.08501849,4.896978,-10.205669634078667,0.2526233405422032
140584,10.217883,0.21442327,9.896248,0.13935572,7.2484236,,0.2672164722494536
60260,10.486412,0.49949044,9.737177,0.08830423,5.3523374,-10.873072989843946,0.2213641824293268
66221,10.212719,0.47632974,9.498224,0.08423964,4.023584,-10.220069812784665,0.3477013169682236
476179,9.581103,0.43758455,8.9247265,0.11030536,6.083898,-10.636096203585762,0.1791142786222166
62914,10.31827,0.41011998,9.70309,0.09002226,5.2328987,-11.195078116675111,0.5142278052146914
4508,9.5964,0.42841542,8.953777,0.088493444,3.2733612,-9.81309225837837,0.1675172089271153
171805,11.155972,0.76841646,10.003346,0.17654347,9.390851,-12.18278831071433,0.3769859710210947
752025,9.701289,0.4553617,9.018247,0.14701948,1.8139721,-9.816257027782083,0.2383445107213249
1930719,9.5433655,0.3646488,8.996392,0.10006542,2.1722875,-9.707233050553278,0.2212939973073763
112637,9.468048,0.2941098,9.026883,0.20327675,9.450571,,0.7083097246610744
8885,10.704147,0.6555448,9.72083,0.15258339,10.22692,,0.2372989838008888
1049,10.383233,0.6299019,9.43838,0.2552744,10.495657,,0.1032245224918371
1254,10.748091,0.69339436,9.707999,0.15074939,8.435344,,0.2517489964084587
1075,11.194902,0.9230924,9.810264,0.26163033,10.883832,,0.1836316510873817
319891,9.90541,0.58319384,9.030619,0.08240672,3.321883,-10.147973473165933,0.1880496610849205
1276086,10.135611,0.62599987,9.19661,0.12882903,1.5694963,-9.594245191172018,0.0985789856081093
59178,9.829588,0.6533421,8.849575,0.13068044,1.9520729,-9.838069151160536,0.2247026795259106
4357,10.515821,0.56912637,9.662132,0.092974104,4.553592,-10.640286234596305,0.2184280998895878
684645,10.75171,0.45010453,10.076553,0.1291605,7.8381505,,0.1860522034929229
28525,9.651768,0.38148946,9.079534,0.14247197,7.50223,,0.2505614803005931
158168,10.409768,0.5896343,9.525316,0.09250466,4.016119,-10.20739560108296,0.2431075637784934
549,10.787441,0.33885613,10.279157,0.25071782,10.659885,,0.1552569581239084
113848,9.725879,0.30900136,9.262377,0.119442694,9.151975,,0.3147008174036406
505873,10.131872,0.48400688,9.405862,0.09151163,3.5197031,-10.220893022628482,0.2848855993017264
735446,10.185382,0.512918,9.416005,0.102233715,3.8966806,-10.64866517322078,0.29207203009632
986888,9.871437,0.51342624,9.101297,0.10424756,3.2808259,-10.247423793086618,0.2324515708574075
115357,10.490268,0.53666663,9.685267,0.08636623,4.180347,-10.584768885685389,0.2811481672875409
97114,9.974909,0.5709099,9.118544,0.09483867,2.892651,-9.834523511637816,0.6514035648009217
150616,9.312734,0.35597706,8.778769,0.08720174,6.158547,,0.1668213596228623
31563,11.175421,0.72882724,10.08218,0.19013494,9.689447,,0.5038112524873163
68551,9.84862,0.3849172,9.271245,0.11404302,6.322775,-11.089853664831436,0.1985289668918099
4630,10.270515,0.4302648,9.625118,0.08457648,6.8453183,-10.589169824638514,0.3603326474391788
34442,10.851135,0.5466618,10.031142,0.13543406,9.122114,,0.5871701525815973
68591,9.902236,0.438189,9.244952,0.09453491,4.232601,-10.124904749641637,0.255399716269203
68902,10.738909,0.36249703,10.195164,0.14969677,9.301272,,0.3340715310046429
162217,10.601843,0.46851447,9.899071,0.15920839,9.301272,,0.2150956590136246
34979,10.24185,0.112939,10.072441,0.37327138,12.570901,,0.1344958719771586
107444,9.098385,0.72634554,8.008866,0.21878898,9.525219,,0.3150251543686482
115381,9.247161,0.5513418,8.420148,0.10962262,7.181239,,0.1183322214044628
41125,10.271878,0.54619104,9.452592,0.0922379,2.7918746,-10.025840653234901,0.1162049644798558
380819,10.276836,0.2712128,9.870017,0.15068144,9.793956,,0.4033891282140107
368166,9.385245,0.42469287,8.748206,0.13063538,4.7551446,-10.671632352634294,0.3187224874809727
71384,9.906988,0.40818262,9.294714,0.11509099,7.352932,,0.2556744720889569
1080,11.571636,1.1702919,9.816198,0.26091656,9.808886,-11.33578868834552,0.1410104565757539
24557,9.899572,0.25906706,9.510972,0.33029014,12.541041,,0.2932039322594473
450952,9.047338,0.20263638,8.743383,0.13287205,2.0229895,-9.33318961952694,0.18832694030974
456418,10.378294,0.55735123,9.542267,0.09204624,4.2997856,-10.399396852873593,0.2611910679562392
315018,11.098317,0.6555448,10.115,0.12986487,9.331131,-12.289406237408164,0.3964275722856327
230447,10.758267,0.5564321,9.923619,0.1877116,8.73394,,0.1665889453090732
29125,10.62577,0.5113897,9.8586855,0.15797505,8.196466,,0.6846774854043695
1459,9.725081,0.35231212,9.196613,0.092566796,6.472073,-11.785118919206342,0.3396763761574535
979716,9.980708,0.38628078,9.401287,0.10028393,3.4487865,-9.950271057007706,0.2209922898101866
10967,10.255243,0.6642455,9.258875,0.09599026,3.5644922,-9.821113535675266,0.2555091908147726
2338469,9.721876,0.5447756,8.904713,0.11236926,1.7486541,-9.668284285562052,0.1923235276018631
163537,10.078681,0.58015525,9.208448,0.11717387,2.489546,-9.939098876391736,0.2807237186519766
67351,10.432902,0.64516866,9.465149,0.093350284,3.7287204,-10.01541378327488,0.1818671040672235
12889,10.652241,0.5695729,9.797881,0.081030495,5.7479773,-10.372313255964038,0.1673377988442134
70643,10.75945,0.50418556,10.003172,0.0895231,6.7855988,-10.523602205614981,0.1466249114822501
168377,10.472927,0.4459712,9.80397,0.081757,4.829794,-10.277570561788995,0.1556055391301277
5560,11.134616,0.89784986,9.787841,0.19598979,9.928324,-11.784800484258811,0.1748470174416299
61329,9.48572,0.47522187,8.772887,0.097610615,2.8702562,-9.63059896641887,0.1290158436922624
26168,10.451282,0.46568885,9.7527485,0.11139714,2.0229895,-9.725195131905828,0.2831844337232632
688537,10.05841,0.6075846,9.147033,0.11575084,1.5956235,-9.851192492785934,0.1452578015068709
12178,9.096268,0.7105052,8.03051,0.17768183,9.390851,,0.286272977480783
12231,10.6552515,0.59260744,9.76634,0.22145516,10.002974,-11.142552619459906,0.1968577734932565
1559,10.956281,0.6656788,9.957763,0.108907945,7.9874487,-12.7273950946379,0.3227055251720159
12671,11.298089,1.2327381,9.448982,0.18241456,9.450571,-12.08514570065299,0.4473667429659216
254065,9.037729,0.2239246,8.701842,0.24806166,10.316499,,0.1402548928334505
364183,9.573813,0.3710408,9.017252,0.086614914,4.098233,-10.731258984360707,0.2810457947587139
3831,10.365329,0.56508636,9.517699,0.26758522,11.958779,,0.4329240642894909
313288,9.646059,0.5093435,8.882044,0.13052705,4.232601,-11.428051204151508,0.1569699109828219
472461,9.492591,0.49368218,8.752068,0.12909243,1.5265732,-9.969793187751906,34.01679034033033
1415,10.572908,0.451864,9.895112,0.22501734,10.167202,-12.542955475221337,0.3951193758495984
1812655,9.504029,0.43454963,8.852205,0.111053385,2.3551776,-9.801825033702759,0.4492170629631438
1825444,10.032452,0.38696095,9.45201,0.09770521,7.203634,,0.1528146952829731
4261,10.755895,0.6838938,9.730054,0.100723885,2.5865898,-9.851224583128658,0.2840159276856284
62741,9.508654,0.10779936,9.346954,0.057285257,1.9968622,-9.457519863502041,0.2864479689602385
332513,9.437415,0.42093813,8.806008,0.12468069,1.9893974,-10.108540659223866,0.2642195723929472
154891,10.2500305,0.6967377,9.204924,0.094057016,3.2994883,-9.955225363598561,0.3468861766158594
361283,11.026749,0.75870794,9.888687,0.24319151,10.7196045,,0.2322142637404296
242910,10.445241,0.55735123,9.609214,0.09756411,4.120628,-10.424210634305352,0.2480794411282997
15788,9.980708,0.5390674,9.172107,0.15499511,7.8381505,,0.6266001175874566
5398,10.567433,0.38831812,9.984956,0.31244472,12.033427,,0.1883143645973766
144741,10.317454,0.618089,9.390321,0.094847806,3.1203306,-10.0392770796585,0.1879889350327973
655330,10.203796,0.49685994,9.458507,0.104688086,2.3589103,-9.53605974714644,0.2551585786684567
1181,10.140546,0.48779514,9.408854,0.10112753,2.0341868,-9.670399713446674,0.2336854054063101
144765,10.919514,0.6838938,9.893673,0.14232436,6.158547,-12.032948553004825,0.2104548389751604
924956,10.065759,0.6678199,9.064029,0.10253476,2.6537738,-9.881869335437557,0.1086826294134158
1484,9.390451,0.25906706,9.001851,0.094393514,3.4151943,-9.830211499237842,0.2454534866811349
28276,9.84074,0.6940651,8.799643,0.100961484,2.1984146,-9.568448687645809,0.2128097610072933
65982,9.365146,0.38559952,8.786746,0.08894657,3.7735097,-9.88653621209616,0.1925096704177272
1365463,10.993631,0.5485398,10.170822,0.20880282,9.495359,,0.3210574370777725
4716,10.6877575,0.48779514,9.956065,0.19306108,10.465797,,0.2706372690625785
239994,10.606902,0.2873238,10.175917,0.25099108,11.1077795,,0.1874100375434312
33969,9.266518,0.7300628,8.171423,0.26957056,11.152568,,0.100405403170088
160247,9.951378,0.45883143,9.263131,0.08184359,4.590917,-10.410650831308313,0.2469692309230563
5612,10.466024,0.53182495,9.668287,0.25920287,11.540744,,0.6404205273018974
537268,9.416805,0.4807333,8.695705,0.11759093,8.345764,,0.448795869292843
71063,11.296036,0.85237175,10.017478,0.16566607,9.286343,-12.114330971899252,0.1439343727234143
27360,11.498524,1.0608914,9.9071865,0.18236789,9.525219,-12.546492553211511,0.3586160010411515
144985,10.262252,0.4387926,9.604063,0.10469817,7.8232207,,0.2301456322638881
24620,9.890395,0.38148946,9.318161,0.0747898,3.7959044,-10.146247532518306,0.1856719699976402
144209,10.468914,0.5797194,9.599335,0.097259484,3.2435014,-9.914977586511796,0.2204313081655748
475067,10.164994,0.61488384,9.242668,0.09884413,2.959835,-9.933029617934128,0.0853125608766611
153016,9.6770115,0.5541257,8.845823,0.12542066,1.5433692,-9.557173532371955,0.2514252258938768
226646,9.174173,0.29495063,8.731748,0.07734827,4.8447237,-10.265669668668657,0.2110715836527737
704250,10.204856,0.2512417,9.827993,0.19965783,9.853676,-12.807099659076357,0.3377066587219942
365289,10.119172,0.6987314,9.071075,0.10102893,3.4487865,-9.849256617788486,0.300825328861131
72656,10.240877,0.45069182,9.564839,0.072069,5.2627583,-10.282849543886242,0.2233842272325295
321908,10.206966,0.7592851,9.068039,0.10936765,3.601817,-10.04238219924243,0.3385691587234989
764883,10.80052,0.6466662,9.830521,0.086133204,5.5688195,-10.525865260863819,0.2902182435497342
14722,10.422132,0.5031466,9.667412,0.20704803,10.450868,,0.2382856041646393
1139,11.571636,1.1025982,9.917739,0.22660011,7.3753266,-10.387456976674514,0.1654442841404753
444,10.480284,0.50780255,9.71858,0.27118555,10.973412,-12.236810692516682,0.1992519646627446
334095,9.603852,0.5308501,8.807577,0.10553592,5.2776885,-10.466790950810937,0.217729568220036
1318206,9.934951,0.56508636,9.087321,0.111940466,3.6727335,-10.043463002783078,0.1375457909851937
11876,10.48308,0.59260744,9.594169,0.1469036,8.047168,,0.2389755723495001
107,10.752311,0.47020108,10.047009,0.18465954,10.27171,-12.7738144109946,0.6251389492466966
33099,9.537257,0.3957077,8.943696,0.13463753,2.0939062,-9.480247498841774,0.2000411794079114
12930,9.998933,0.58792615,9.1170435,0.091758884,2.9896948,-10.020618884114615,0.4486798975142284
537394,9.283948,0.5775338,8.417647,0.12034536,3.0232868,-10.222343263169124,0.1200821222777546
321039,10.3949995,0.5582684,9.557597,0.10591949,1.855029,-9.563583345784783,0.2890452356327911
214747,9.792255,0.42219332,9.158965,0.10889322,2.4671514,-9.915982671046253,0.0706829354495532
92742,10.350454,0.562372,9.506896,0.108065225,3.403997,-10.055086694931726,0.2275770624751174
1716312,9.732207,0.47798634,9.015228,0.10284246,4.016119,-10.23247419492357,0.2865595714180896
100531,10.846332,0.43576613,10.192682,0.107737474,9.420711,,0.3158364508406278
150450,9.999783,0.37244856,9.44111,0.08035033,5.8375564,-10.648728887468808,0.2305222753254891
335064,9.852805,0.34787294,9.330996,0.12588874,7.8978696,,0.3000511201475191
149606,9.004422,0.7569719,7.868964,0.11309407,2.7321553,-9.69414462030884,0.518144572092215
155287,9.929501,0.5559718,9.095543,0.09410473,2.9896948,-9.990195298582101,0.3088070042067539
160652,9.860471,0.259523,9.471187,0.36306146,12.451462,,0.0897734815576787
507774,9.917878,0.32575306,9.429249,0.07460504,5.3971267,-10.419903200872199,0.3326147666664812
344877,9.922463,0.27254158,9.513651,0.13369516,10.391149,,0.1624321131317637
248613,9.536641,0.6391262,8.577951,0.15149313,1.7654501,-9.601179597700986,0.3403376226606847
38283,9.75886,0.5103678,8.993308,0.093411334,3.9787948,-9.878915139513763,0.11092874042765
143,10.624967,0.6275649,9.6836195,0.0907693,3.3405452,-10.222581718479812,0.2441807190526876
25289,10.823521,0.44774744,10.151899,0.09836768,8.7638,,0.2737871982421091
59701,10.5462675,0.5093435,9.782252,0.19580099,11.09285,,0.2442360581780703
9598,9.570976,0.5149474,8.798555,0.10492747,2.7358878,-9.975563636638105,0.2285650435742131
1349575,9.374641,0.5249546,8.58721,0.13884044,2.2655988,-9.63350271850918,0.2586963865846166
354538,10.57607,0.340372,10.065512,0.17875361,8.390553,-13.414258538440208,0.0999273219309596
239929,9.14177,0.5409785,8.330302,0.11640545,5.4120564,,0.151907738939778
250005,9.872006,0.5673355,9.021003,0.09064292,2.9934273,-9.889630993187618,0.17058268844085
1144,10.550584,0.90450585,9.193825,0.21131837,10.853973,,0.124486933033963
60543,9.08899,0.45594192,8.405077,0.11775402,2.1013708,-9.81110577925847,0.3315461459565825
329041,9.801057,0.5866406,8.921096,0.21676406,9.181834,,0.1390757992834073
4041,10.332694,0.2418512,9.969917,0.29418638,11.854269,-12.04684045563889,0.2427965690045709
64040,10.606902,0.45361638,9.926477,0.089161076,3.7959044,-10.155174216629902,0.3127094315143607
166815,9.507996,0.4203092,8.877532,0.12592244,2.019257,-9.47344239744745,0.2515514128662194
37833,10.312529,0.5313378,9.515522,0.1915816,11.286938,,0.4401845404132655
168222,9.273912,0.62047744,8.343196,0.17456508,1.5284394,-9.594883362661077,0.0772713011165029
74342,10.530063,0.48182723,9.807322,0.24096268,9.779026,-12.212216229668543,0.3259781466569095
180533,10.611074,0.5892079,9.7272625,0.09377193,4.434154,-10.157781182339892,0.2484013766478928
920514,9.049707,0.42593727,8.410802,0.11105829,3.034484,-9.6949635234781,0.1446372276168203
79636,10.397722,0.5722428,9.539358,0.09133125,3.6578038,-10.240797945324896,0.2084549603658687
433,11.256559,0.94993293,9.83166,0.27304342,11.615393,,0.406263143583529
6875,10.787441,0.50106114,10.03585,0.31391844,11.585533,,0.2948159623885058
28590,11.163484,0.8328549,9.914202,0.21668196,10.421008,,0.336552247849714
64897,10.206966,0.34638306,9.687392,0.17413375,7.031941,-12.48047695000669,0.3256116155092677
150911,10.612732,0.54994303,9.787817,0.09180669,4.7252855,-10.254206079208316,0.1196147991764178
65964,10.066486,0.22441897,9.729858,0.30184725,12.003568,,0.245563353248031
100792,11.031821,0.83624977,9.777447,0.19812891,9.614798,-12.26527241149021,0.2916948972742798
52485,11.155023,0.8807494,9.833899,0.31665733,10.361289,-11.235284351798168,0.1673974722297576
12641,10.026112,0.30079138,9.574924,0.087768994,4.6357064,-10.262419264702494,0.2052921633129873
53093,10.253355,0.5797194,9.383776,0.095921434,3.8369615,-10.194888929815393,0.2047680934180347
104334,9.863384,0.5174709,9.087178,0.107573666,2.6649714,-10.801778656567535,0.2663166689012838
297004,10.227529,0.51696736,9.452078,0.12843224,7.8530807,-10.929639955934512,0.1394247449931549
37566,9.087692,0.46284476,8.393425,0.11717779,5.0089517,,0.1249356129531845
87405,9.731421,0.551807,8.903711,0.0901139,2.142428,-9.857365745532814,0.1129784251831383
2333,10.600569,0.45419893,9.9192705,0.09857742,9.928324,,0.2141001098273039
2495,10.871209,0.50418556,10.114931,0.2907859,11.406376,-12.355329358236867,0.3781416685322805
339209,9.400259,0.87943935,8.0811,0.14548576,3.1389925,,0.3748080042343062
131223,10.497338,0.56912637,9.643649,0.08782668,3.265896,-10.075629628926729,0.0931016954499287
236847,9.753658,0.5471321,8.9329605,0.09041459,7.4649057,,0.4166769372638963
630395,10.45008,0.62521523,9.512257,0.08874514,4.5162683,-10.261136099557476,0.2687834442947988
79099,10.726993,0.56100845,9.88548,0.17855677,10.540446,-11.76881265849301,0.24276642258952
45680,10.30838,0.4707618,9.602238,0.09505696,6.404889,,0.2006247011491157
285835,9.797693,0.44418764,9.131412,0.108659245,2.862791,-9.77036915113287,0.2135524464365236
89688,10.810602,0.51595855,10.036664,0.09915044,5.516565,-10.98677409861033,0.1907068717096214
42088,10.557215,0.33580843,10.053502,0.2119562,9.495359,,0.2599773425291012
17327,10.131872,0.561918,9.288995,0.09617191,1.8419654,-9.708486394949599,0.3302761054972684
17386,9.472356,0.3537818,8.941683,0.11159294,3.0195544,-9.871347867999356,0.3955337989574026
117417,11.279962,0.88809955,9.947812,0.1527954,8.151677,-11.729759346742652,0.1401295983721292
127899,10.539955,0.39703783,9.944399,0.09252093,5.8002315,-10.439480047949923,0.3203473842809151
7182,11.124042,0.7936477,9.93357,0.1278542,7.2558885,-10.847622144242983,0.2422682162992702
45928,10.530562,0.33657235,10.025703,0.1591847,8.390553,-12.152127196782317,0.2156133021115729
811822,11.222173,0.7300628,10.127079,0.11061367,7.7485723,,0.3316981439935129
415381,10.524016,0.4055859,9.915638,0.08780987,7.972519,-11.182961271866581,0.6225899661121357
88505,9.795662,0.5385883,8.98778,0.10368373,2.605252,-9.595382667572983,0.1641953771158005
204053,10.077972,0.56327873,9.233054,0.099769376,2.7396204,-9.751183770655214,0.1388202811410723
891798,10.10609,0.3327392,9.606981,0.1511237,8.106887,-11.21683275244523,0.1974997720364781
1670616,9.420846,0.45883143,8.732599,0.09528973,2.5119407,-9.719191820604651,0.1334464408934711
2893,10.093969,0.51797384,9.317009,0.113930516,1.8923535,-9.719233402371636,0.2747724766184583
445152,10.680033,0.5332831,9.880108,0.18020767,11.03313,,0.1497316354696878
1495593,10.58542,0.47466686,9.87342,0.09944173,8.196466,,0.0807480841495497
278796,10.288336,0.67418075,9.277064,0.10701338,2.3626428,-9.814448809230775,0.250186431975788
2479,9.049707,0.18998612,8.764729,0.2016758,10.331429,,0.2526105308656836
47124,11.289817,0.8936374,9.949361,0.2020841,10.674815,,0.2925408999995586
48751,9.375089,0.34712866,8.854396,0.23639396,11.301867,,0.1622860210373478
18403,10.277732,0.4177842,9.651055,0.09179535,4.650636,-10.698817021371912,0.2367926997399555
838731,10.295263,0.5313378,9.498257,0.07889528,4.105698,-9.965869181285635,0.1201874322854633
194012,9.692344,0.42841542,9.049721,0.06885492,6.031644,-10.7243524592509,0.0825898640225628
20944,11.180374,0.9476962,9.75883,0.19995102,10.331429,,0.2145556017387393
56280,10.804262,0.78340316,9.629157,0.18882993,8.987746,-12.057126343237607,0.4891494158076355
1694775,10.227026,0.5194792,9.447807,0.11175535,3.2248392,-10.05046068840263,0.2022924358523679
88790,11.248215,0.8462779,9.978798,0.17043647,9.107184,-12.547526620821962,0.2402873587449896
6627,10.305033,0.6084017,9.39243,0.07841993,5.486706,-10.246082322558,0.2330242689769881
6326,10.698073,0.62206244,9.764979,0.21566698,10.376219,,0.1609632467114973
276029,11.235784,0.958037,9.798728,0.19995236,9.107184,-14.15901389726705,0.1631346959234536
49924,10.76239,0.6526054,9.783482,0.14139229,8.286045,,0.2234974877087543
52560,10.4967985,0.43939537,9.837706,0.18170282,8.554782,,0.2478847807485335
87128,9.4884815,0.46284476,8.794214,0.09218661,6.4571433,-10.772862628778084,0.3043221504192535
20315,10.3949995,0.45940706,9.705889,0.09501559,4.269926,-10.440652259600277,0.6297249562898336
602395,10.316637,0.5293837,9.522561,0.10897853,4.031049,-11.407705057185053,0.2493966584890051
6669,10.566975,0.68799096,9.534988,0.08901175,3.5607598,-10.018022843717715,0.2727839051208571
48082,9.679678,0.11801852,9.50265,0.16343781,9.898464,,0.1545015002889554
82033,10.123021,0.40493432,9.515619,0.08350121,6.375029,,0.2524756332393666
86833,10.350454,0.44478297,9.68328,0.08836416,3.083006,-9.873598083021541,0.3140864054186202
137985,9.715394,0.3537818,9.184721,0.10635967,2.4522214,-9.819655181574312,0.3953528261332439
54948,9.998508,0.5419309,9.185612,0.10325896,3.650339,-10.690952888041107,0.3132643815866656
569693,10.652241,0.46398464,9.956264,0.09301526,4.0609083,-10.040932119778946,0.3080681365036914
2264,11.12506,0.90779597,9.763366,0.17966697,8.7787285,-14.231934549518472,0.1834825282169789
19867,10.504296,0.6391262,9.545607,0.11050884,2.250669,-9.750754547332036,0.4122522402864094
83656,9.916853,0.26540723,9.518742,0.08480958,4.1355577,-10.628137317101693,0.19813936494999
839391,9.6064825,0.31062487,9.140545,0.092974894,3.9414701,-9.98181064719005,0.1216282217488478
865552,9.930994,0.33580843,9.427281,0.079393916,5.016416,-10.286387692866704,0.2485030890540208
194862,10.080093,0.47020108,9.374792,0.08952049,3.9340053,-10.334448475334918,0.1386517598640672
204690,10.331115,0.4899451,9.596197,0.093638785,3.792172,-9.913626656730221,0.1541622221031639
52448,10.167308,0.34638306,9.647734,0.22323939,10.958482,,0.2697983235310041
392543,10.607739,0.571799,9.750041,0.08200569,4.919373,-10.208882597585337,0.1761006761228623
1671642,11.112157,0.99843323,9.614507,0.19515315,9.689447,-12.484207097444456,0.0959219879743713
19033,10.608576,0.36249703,10.064831,0.22346193,11.704972,,0.1974574488594113
136251,10.553438,0.39236438,9.964891,0.069142394,6.0615034,-10.55518515998305,0.2778285159238428
196615,10.405124,0.5709099,9.5487585,0.081977256,4.456548,-10.387807653009402,0.1467006112151909
22485,10.662688,0.6188866,9.734359,0.092796974,4.4192243,-10.247751778938454,0.3573969119995283
2014949,10.146637,0.34787294,9.624827,0.083523236,4.404294,-10.722937708964766,0.2565286290797681
47343,10.593709,0.62127066,9.661803,0.08712085,3.8742862,-10.206516924047516,0.2090885181747847
1188948,10.675761,0.4807333,9.954661,0.17562544,9.301272,,0.3317868075744696
200837,9.81034,0.63988614,8.850511,0.1022136,5.5613546,-11.101444186924327,0.1495919167860818
195591,9.956562,0.3660774,9.407446,0.11291794,2.3925023,-9.628207921550384,0.1822184114583746
128984,9.804396,0.49048096,9.068674,0.105512984,5.9793897,-10.955905161726124,0.1097450000957173
134648,10.207493,0.39034596,9.621974,0.10953132,6.934897,,0.1133807431142683
3024,10.401775,0.66136456,9.409729,0.2085357,11.570604,,0.1532670434066217
135333,10.539955,0.34413865,10.023747,0.18321308,8.315905,-11.751990861881307,0.158972847914655
305406,10.831092,0.61728996,9.905157,0.1411395,9.331131,,0.2015645293025783
435538,10.127469,0.49315026,9.387744,0.087531246,4.0534434,-10.17621292623506,0.3179894626568013
799104,9.340215,0.5052221,8.582381,0.09520195,4.2251368,-10.809787822006701,0.2001103784928947
17414,10.840984,0.6084017,9.928382,0.19577852,8.360694,-11.352359911336476,0.2167606976189593
48322,9.5027,0.451864,8.8249035,0.112826265,2.1536252,-9.597891229952952,0.13909026688164
132216,9.807048,0.2558619,9.423255,0.08133618,8.136747,,0.2505906996381226
20557,10.239414,0.36033458,9.698913,0.112634845,8.853378,,0.2488577126386547
202570,9.498012,0.36249703,8.954266,0.07382845,4.926838,-10.09904430476707,0.3522166040503411
881588,9.56467,0.6140789,8.643551,0.137157,5.11346,-10.74881824435613,0.206926712166872
270337,9.930994,0.55735123,9.094967,0.10040926,2.1274981,-9.460097163555623,0.354823822382513
1112173,9.758121,0.41204876,9.140047,0.10950365,3.2248392,-9.74616645374165,0.184774701698028
76796,9.456349,0.4735547,8.746017,0.089019485,3.6242118,-10.3485662877959,0.267023065805431
393815,11.072698,0.8638556,9.776915,0.16234612,9.137045,-13.221880541655024,0.0899182782211132
1542579,9.789512,0.22737336,9.448452,0.16522908,9.793956,,0.1834694011179678
124639,9.906463,0.59260744,9.017551,0.091624774,3.2808259,-10.042149657694322,0.1772415480161223
19674,10.985993,0.98423713,9.509638,0.23646286,8.360694,-10.49244610557696,0.0616133181799034
1166700,10.364597,0.5559718,9.53064,0.09219106,2.9934273,-10.044655669564806,0.2703877924415742
588275,9.356372,0.37872764,8.7882805,0.099040486,5.718117,-10.159427061080235,0.229241425331194
7231,10.622547,0.6001606,9.722306,0.2242448,9.495359,,0.2516559235685425
632496,9.494632,0.4333297,8.844637,0.112003826,2.2581341,-9.85191582821459,0.190959601538191
300984,9.074951,0.6156874,8.151421,0.09806701,6.166012,-11.735063621364427,0.0905069630369054
121156,9.475912,0.5550497,8.643337,0.09735704,5.4120564,-11.165634803872841,0.2369035958175754
578448,10.66416,0.65773636,9.677555,0.24100113,9.883535,-12.603759267562925,0.2056928585981662
77763,9.24656,0.45825508,8.559177,0.089977525,5.0089517,-10.276336703644846,0.4110256703517936
47566,10.105426,0.45883143,9.417179,0.08619162,2.9747648,-9.986430211209331,0.1025884580749007
19498,11.12506,0.75870794,9.986999,0.19816652,10.092552,-12.869394340910283,0.2437815236957335
46088,10.728262,0.5244597,9.941572,0.091885544,4.2624607,-10.106760943615827,0.2008797591517819
48261,9.144817,0.3780344,8.577765,0.13757622,1.9222131,-9.562263488045062,0.1409447662692295
200709,9.659264,0.34112793,9.147572,0.10682268,2.3215857,-9.81511857709089,0.1188889957390512
7367,10.5863,0.49261773,9.847373,0.08223417,4.583452,-10.118413385630094,0.2409066733895039
801124,9.710468,0.40947515,9.096255,0.11881586,8.360694,,0.1610248388548701
127454,9.938872,0.35157537,9.4115095,0.18118182,10.107482,,0.5689327826323863
82881,10.093969,0.4055859,9.48559,0.089471065,5.8674154,-10.447481913203564,0.1360458626995344
81665,10.814778,0.7033481,9.759756,0.13706061,8.838449,-11.290319229087755,0.2064182128029462
53388,10.350454,0.5381087,9.543291,0.07935422,7.442511,-11.310429435890542,0.1801875458312413
632085,9.630957,0.46455345,8.934127,0.10743778,3.1277955,-9.86393288577768,0.13619002537081
615125,10.9104395,0.7306792,9.814421,0.14291471,8.211396,-13.238932330716976,0.1519754083095047
207964,10.918696,0.69806784,9.871594,0.23584375,10.973412,-12.71944557067352,0.121100934496185
53819,9.999358,0.4741111,9.288192,0.09446295,2.3215857,-9.993926712459618,0.2379244700593872
57503,10.475771,0.5118997,9.707921,0.086638026,4.2027416,-10.29188189114826,0.1233616598518734
19723,10.7768,0.5139339,10.005899,0.08340251,5.5613546,-10.583571808449827,0.3991742377433773
273584,10.293111,0.494744,9.550995,0.10777389,3.1128654,-10.263190274919713,0.204040332959914
20589,10.760628,0.4387926,10.102439,0.08797712,8.256186,-12.090693019322542,0.2048338576609566
7454,10.189238,0.5695729,9.334878,0.0996143,2.6500413,-9.77430167445814,0.2594039708304478
57330,10.48308,0.27737933,10.067011,0.27773666,11.242147,,0.2378670878166641
178949,9.53971,0.52247435,8.755999,0.10665726,2.1722875,-10.128201311121309,0.3101298207380095
389909,9.004947,0.65112823,8.0282545,0.13336241,3.2584312,-10.205281681432824,0.188059890913247
121984,10.279517,0.26585656,9.880733,0.29236016,7.3678617,-10.586771608899696,0.1017189769494189
83079,10.626572,0.37872764,10.05848,0.18094063,7.7485723,-12.167628281404022,0.2771482630550809
123286,10.1331215,0.2346726,9.781113,0.35936728,12.4663925,,0.316448127694601
87588,10.682154,0.43576613,10.028504,0.08918301,5.673328,-10.389603760916026,0.1235432209434112
57440,10.320707,0.641402,9.358604,0.09221541,3.1800497,-10.244667426341294,0.0990164930449887
89453,10.5637455,0.61003137,9.648699,0.081420116,6.487003,-10.652086218864232,0.0940444010842723
22219,10.680741,0.78720564,9.499933,0.24809366,11.0182,,0.2588953934920081
