HaloCatalogueIndex,DoR,logM,logR,compactness,exsitu_frac
66897,0.6679699000879449,10.55533,0.8103735,9.33977,0.24946865636531415
765512,0.6583539923286436,10.253355,0.34338793,9.738274,0.225296488365099
775921,0.6014065745857468,10.218908,0.26043347,9.8282585,0.11314682340753995
9394,0.6300940129498068,9.560608,0.12490726,9.373247,0.024118655994309974
180003,0.6449354800259841,9.18191,-0.0360726,9.236018,0.0
809503,0.6315994382294959,10.617667,0.1915877,10.330286,0.10298518586573423
1639847,0.6303525706110041,9.672979,0.0838872,9.547149,0.010974109433240509
25311,0.6061328658656949,10.300813,0.3218228,9.818079,0.04649407373979853
83700,0.6566717963671045,9.919922,0.112939,9.750513,0.00037723848863860127
2860534,0.647990293420894,10.350454,0.26270133,9.956403,0.2881811439618938
13769,0.6254047189121353,10.327939,0.4333297,9.677944,0.2470889990862103
7765873,0.6141653144751581,10.093969,0.3537818,9.563296,0.026604173278233344
8002,0.6010852373195695,10.257123,0.3226117,9.773206,0.12519864840799366
1874277,0.6267316195050473,10.296551,0.28129783,9.874604,0.08446525993964532
17066,0.6137409075294514,10.896032,0.6164894,9.971298,0.5386319723018472
172779,0.603381470384433,10.074416,0.47688264,9.359093,0.04960628469384876
117,0.6275227129805966,9.600674,-0.043791573,9.666361,0.008873041444454843
137,0.7246507183723369,10.022101,0.6466662,9.052102,0.004882077941341979
552,0.6904961368601793,10.523001,0.3380962,10.015857,0.04145706052957419
553,0.7124777848063014,10.647685,0.58621126,9.768368,0.6524647899751719
2202,0.6428003357760255,10.250507,0.3660774,9.701391,0.8042438232163299
21185,0.6744277369607915,9.921449,0.3296481,9.426976,0.001106497870318259
71883,0.6492821745148009,10.452479,0.44951645,9.778205,0.08215608220668111
72033,0.6611736134081211,10.620113,0.20625767,10.310727,0.16353493400012892
74170,0.6329071544436423,10.616028,0.45883143,9.927781,0.5129623940353314
74285,0.6951509463023098,9.618892,-0.121874735,9.801703,0.012938487443761438
100031,0.6839624251195557,10.32953,0.3426359,9.815576,0.04044142656607836
222292,0.751421832197312,9.113334,-0.30126864,9.565237,0.0
389228,0.6204523621508219,10.4124,0.5784094,9.544786,0.1725981705295937
798108,0.638630359266431,10.15324,0.2341898,9.801955,0.028014680459889824
1930598,0.7659649151582323,9.147844,-0.3375529,9.654174,0.0007323434985003743
1977002,0.6153248005596197,10.142992,0.2418512,9.780215,0.030494854050033084
3028815,0.6531510103884934,10.63056,0.20211656,10.327385,0.27889786169978265
97114,0.6621051872474024,10.566515,0.37174526,10.008897,0.22419576246061004
1041141,0.6288302619508289,10.624162,0.6376024,9.667758,0.6266560656497691
9659,0.6204142004366383,10.127469,0.17363684,9.867014,0.008267232293953798
496129,0.6820498448598892,10.065759,0.16465886,9.81877,0.04463811900099312
77613,0.616261287245523,10.177567,0.1549119,9.945199,0.0746418575908398
12185,0.6501444509825213,10.537994,0.6548118,9.555777,0.30263034898539126
87007,0.6390490587279235,11.001137,0.9821707,9.527881,0.727497271106097
16955,0.6093009881349091,10.56189,0.46738642,9.86081,0.2729268093245872
23249,0.6910466717245218,10.35497,0.45419893,9.673672,0.017644145290303042
23328,0.6325683073057371,10.170181,0.20263638,9.866227,0.696472891649774
100221,0.7144579189526166,10.163251,0.1298495,9.968476,0.002196212192828496
229037,0.627827642640436,10.594141,0.40947515,9.979928,0.04673706022728335
229539,0.6364485035977898,10.413711,0.33042297,9.9180765,0.03309281851836258
230061,0.6299293725877742,10.314998,0.6474131,9.343878,0.19494133102202507
492195,0.6102281962673806,9.78397,0.13776258,9.577326,0.003999628951269492
3070295,0.6288626943285041,9.355437,0.012018847,9.337409,0.008478237859896959
4675449,0.6354062622942463,9.4405,-0.031595297,9.487893,0.0
4679778,0.6001942545673514,10.262715,0.25355795,9.882379,0.022575777803876856
2226,0.664697544972055,10.691913,0.19741014,10.395798,0.19358256671669768
11518,0.6773868908797168,10.811127,0.83624977,9.556752,0.5317671514020326
435755,0.653036736824823,10.010672,0.058581334,9.9228,0.0021954015696943052
436157,0.632480981104096,10.427867,0.4459712,9.75891,0.7425718400904932
1782066,0.7404743771822154,10.2659445,0.25355795,9.885608,0.002448264461147175
8057005,0.6787278566633401,9.2108965,-0.04793432,9.282798,0.0012810839951224284
10571683,0.6680773258759971,10.459599,0.2234297,10.124454,0.10055173918099156
13736,0.6507552584864124,10.086392,0.41332987,9.466397,0.008553571760498532
1283,0.6363664465748146,9.859886,0.13229969,9.661437,0.04618710647925022
215760,0.6355447257667793,10.555802,0.413969,9.934849,0.06999812513907891
995106,0.6802090174058896,10.57562,0.18945095,10.291443,0.18597565376042358
1011731,0.6443797003773413,10.317454,0.28475147,9.890327,0.03550995115514227
26620,0.6173019414010313,9.851614,0.51444095,9.079952,0.008796013068432685
25850,0.6657124844476187,10.675761,0.35231212,10.147293,0.11959869809107086
9581,0.6915810848661282,9.937406,0.1261481,9.748183,0.002816164237836017
185825,0.6589066725443175,9.867429,0.07212073,9.759248,0.0018676386903800765
83855,0.6538871999543966,10.24039,0.43939537,9.581297,0.23694723733113052
415368,0.6877238228986977,10.413056,0.3426359,9.899102,0.0562165312167714
884010,0.6028653478303433,10.69329,0.3218228,10.210556,0.14854591435998843
1699510,0.652445029846908,10.594141,0.2512417,10.2172785,0.30788281630896613
884395,0.6390632154935596,10.381124,0.38559952,9.802724,0.06588012792008882
1085,0.7154140447221113,10.20167,0.5103678,9.436118,0.11099005717775856
436370,0.6540751918889693,9.156799,0.4158808,8.532978,0.040742812736660014
14295,0.6245153530793502,10.357211,0.77123106,9.200365,0.16172390807068712
1415,0.6206592467390807,11.08122,0.606766,10.171071,0.40113540640557066
503453,0.623574460789296,10.883354,0.41524446,10.260488,0.4591712642779405
9952,0.6148557942710099,10.524016,0.42219332,9.890726,0.24482663268504226
12172,0.6559461671706917,10.67361,0.5337681,9.872957,0.4290068812745528
423945,0.6160925936924683,10.489719,0.19212025,10.201539,0.12170630518049781
481813,0.6063854464961596,10.340506,0.4296492,9.696032,0.06000550665575697
9046,0.6074931403874908,10.472927,0.7416284,9.360484,0.1128339825372504
415381,0.6453416373556711,10.15324,0.15780142,9.916538,0.029688034830468554
7598,0.7014676441642759,9.52793,-0.13073821,9.724037,0.0006176595065849973
8411,0.6602161561269901,10.35944,0.3380962,9.852296,0.19218428043218172
10640,0.6921869778106973,9.795662,0.12861921,9.602733,0.006439060790519351
80788,0.6622087069885517,9.622445,-0.080581754,9.743318,0.0017639471297673872
80976,0.6033654774044561,9.697052,-0.07611724,9.811228,0.004904024865541053
189514,0.6548322989200139,9.587177,-0.12297282,9.771637,0.0011149521486400798
189629,0.69951897542127,9.832091,-0.08812615,9.96428,0.0
189716,0.6626176341494049,10.26364,0.19424395,9.972275,0.0030511432237277807
190293,0.7092008799549306,10.164994,0.15258636,9.936114,0.005008977033520268
413656,0.6699043556650096,9.761804,-0.03070535,9.807861,0.005147136241755912
1648535,0.6011675726480279,10.426599,0.40297362,9.822138,0.1461016067093307
10925,0.6026098339967293,9.872006,0.2873238,9.441021,0.027604042432384443
1703813,0.6366114684190697,10.287899,0.25906706,9.899299,0.03392448478892057
83271,0.684790105962043,10.467182,0.39034596,9.881663,0.04897591753413155
16180,0.612667007865855,10.342821,0.7695445,9.188504,0.4931088173155801
471061,0.6833864921403746,10.268236,0.18460447,9.991329,0.04494714416055884
22287,0.6216952430037197,10.341279,0.5870696,9.460674,0.06557525676393931
1896059,0.6838720708795906,10.020487,0.16748446,9.76926,0.001096889365869851
1970,0.6209475595063677,10.5462675,0.51696736,9.770817,0.14080902657381772
985428,0.6592798960628986,10.2379465,0.3327392,9.738838,0.021451067402234462
104782,0.6943957712516015,10.840495,0.3098139,10.375774,0.10585722112502176
6,0.6170304384007274,9.371499,0.31224236,8.903135,0.0026265661297148954
1040964,0.6432128055050877,10.71474,0.36393273,10.16884,0.12568332096647
189198,0.6527084386733543,9.342147,-0.22194928,9.675071,0.0
852408,0.6102566340549741,9.55592,-0.061081532,9.647542,0.0
3198019,0.6124418973164785,10.642309,0.22737336,10.3012495,0.23648107845969893
15531,0.66689122433132,10.903719,0.61728996,9.977784,0.38874800203120186
15398,0.6415685020249383,10.867084,0.5840581,9.990996,0.45714728755401474
15788,0.6506497685922836,10.439116,0.23370643,10.088556,0.01258641812695716
460550,0.6869908876345444,10.314998,0.16238505,10.07142,0.026894324854095753
1685,0.6598136854666824,11.126076,0.5770953,10.260433,0.700238967527253
17559,0.6162753120910791,10.737049,0.5628256,9.892811,0.37827359679948225
17910,0.6208004211758845,9.51062,-0.25344405,9.890786,0.0
18005,0.7227492410942181,9.744595,-0.07809581,9.861738,0.0003638208047919526
18413,0.6218062366987339,10.761804,0.6196827,9.832279,0.4008574703544244
92228,0.6723252642591783,9.102589,0.18837862,8.820021,0.002460906288614408
212715,0.621481369873165,9.911689,0.20882595,9.59845,0.002589558378747402
213887,0.6037590214610941,10.271424,0.4363731,9.616864,0.06511310928389488
213921,0.6638822446218882,10.05244,0.28646806,9.622738,0.1533431900189567
446417,0.6054659357526995,9.324438,-0.03517344,9.377198,0.0040268371740821585
458066,0.6516674627343886,9.584978,0.7033481,8.529956,0.011318876475595208
458677,0.686697642801295,10.289207,0.26764932,9.887733,0.11874192280317697
943990,0.6360825254458574,10.252408,0.259523,9.863124,0.010218131394299173
1817624,0.6470367911485998,10.3025055,0.3426359,9.788551,0.004749837747987365
1852695,0.6577851205454481,10.5433655,0.1708511,10.287088,0.04340964455154323
1870301,0.6936497593756278,9.919922,0.11101875,9.753394,0.0007592361025168506
3259950,0.6821758476841361,9.936916,0.16295461,9.692485,0.0006094751973460475
3299260,0.619763767025986,9.875408,0.05275179,9.796281,0.07452131705406942
6098149,0.6011218372668866,10.259929,0.22491278,9.92256,0.08276720279011805
6163743,0.6326905096561485,10.214791,0.35231212,9.686323,0.004837065272974323
107,0.6579168815021977,10.929201,0.6642455,9.932833,0.5520716620448768
20315,0.6397176478391793,10.632145,0.2521697,10.25389,0.013826718315613835
218204,0.6999881300551886,10.11268,0.13836534,9.905132,0.013236099646595986
218313,0.685368226449491,9.550584,-0.15549596,9.783828,0.0
219205,0.6393964317361037,10.380418,0.47243968,9.671759,0.20252197291444723
6220689,0.6146987223716674,9.552369,-0.07169815,9.659916,0.0011887647541602557
8251358,0.6280103559279913,10.447062,0.19741014,10.150947,0.09016098255572914
1038537,0.6393870353666818,9.172751,0.33961472,8.663329,0.005506530952906157
2022282,0.690100320212374,10.229532,0.12552813,10.04124,0.005121838630526987
103252,0.6399017231499968,10.333482,0.21086968,10.017178,0.06320639470704505
23874,0.6440065273446565,10.36092,0.13836534,10.153372,0.0031894532148272273
24097,0.6957839270194897,9.51062,-0.12850532,9.703378,0.0023126637542556336
496354,0.6951702056938576,9.050652,-0.21919622,9.379446,0.0
496985,0.6628986367088184,10.5637455,0.2729836,10.15427,0.031076906081664538
81796,0.6447050287842978,10.200603,0.2549418,9.81819,0.1546267589041649
1708028,0.6374923191842267,10.480284,0.3508374,9.954027,0.021970876101140208
440402,0.6630611435285877,10.447667,0.52147824,9.66545,0.20736229571776685
18408,0.7739284345876163,10.279072,0.14907452,10.05546,0.07843209095293555
949881,0.6041948742006057,9.927502,0.24516101,9.55976,0.016879259104188134
210509,0.6337119082588679,10.723161,0.71944684,9.6439905,0.45621599053816725
1528,0.6590177376839111,10.053191,0.4553617,9.370149,0.04779380345993583
2330,0.6139142587520242,10.400428,0.31625992,9.926038,0.13423614394463215
24297,0.7042781962206558,9.914794,0.1261481,9.725572,0.0003806549598828542
191081,0.6289114088051336,10.578762,0.7575514,9.442435,0.18037959075159773
18028,0.7003127085380463,10.785223,0.53762853,9.97878,0.13728761482129712
1867573,0.6459186292607492,10.582325,0.49315026,9.8426,0.35479843810247486
1172843,0.6280945210452531,10.9517565,0.7941802,9.760487,0.7490201964379777
94291,0.7280143651632898,9.573248,0.02784189,9.531485,0.00473471888494823
219478,0.6251911782760996,10.6552515,0.68731076,9.624286,0.2886520418094631
964959,0.678977150618202,9.868004,0.04009793,9.807857,0.001704084072487476
503246,0.6209744491158872,9.204988,0.30737174,8.74393,0.1602979170382879
1027827,0.6526772959494253,10.32953,0.22835371,9.9869995,0.0014176030105718445
7997,0.7331995762812181,10.456054,0.4363731,9.801494,0.2415915918750533
239461,0.6225507894912651,10.169034,0.16522546,9.921196,0.03155937313930997
1205136,0.6632527310407051,10.445241,0.56912637,9.591552,0.2891538701317602
21069,0.6777893009987741,10.304193,0.23322254,9.954359,0.05798396031096086
482149,0.6481326706955381,10.129361,0.13229969,9.930912,0.009806807069897436
273895,0.6836118974326965,10.148448,0.38764006,9.566988,0.0883855626478239
280889,0.6612462848563534,10.434152,0.11229986,10.265702,0.09057425553208112
4191,0.659869495975509,10.386727,0.4234449,9.75156,0.22114310430636036
2370827,0.6584083080664815,10.48862,0.14966181,10.264127,0.04197447852685505
5084444,0.6986605341616432,9.091573,-0.16629389,9.341014,0.0034689559780530926
26207,0.7092491364456447,9.101751,0.30737174,8.640694,0.04872629731066134
237565,0.6365896034080193,10.6217375,0.56553715,9.773432,0.5874385810143158
84311,0.642574602698517,9.057203,-0.060605075,9.148111,0.0008955494611964866
95655,0.6007258130434611,10.840495,0.8372149,9.584673,0.6630695398290261
618882,0.6032749928428384,9.027904,0.38967106,8.443397,0.022579442781540435
246865,0.6617600857676199,9.462238,-0.2662516,9.861616,0.0
29739,0.6081111756949498,9.875408,0.09401107,9.734391,0.0011784356122922879
247485,0.6430505535495931,9.444326,-0.09425747,9.585712,0.0003639309359472514
1082423,0.6141154387892174,10.121742,0.3682115,9.569425,0.0026132824197893246
1317,0.7586374718540401,10.36313,0.24516101,9.995388,0.0013088366174763904
1350,0.621941451538026,10.866623,0.6920498,9.828548,0.5551161020918824
14823,0.6807473739389485,10.029293,0.1353431,9.826279,0.006606018624501217
440671,0.6303379458585948,10.012322,0.23803738,9.655267,0.009125317181255466
441113,0.6457809342363422,9.213497,-0.1352387,9.416355,0.0006552718923617795
452771,0.7014374426816287,9.361473,-0.16026191,9.601866,0.0009126072041009022
571874,0.7033460608211456,9.450379,-0.19387741,9.741196,0.00037047623991655587
22568,0.6249553254607334,10.409768,0.35304758,9.880197,0.004926878382519362
22687,0.6528071359249324,9.756638,0.043858077,9.69085,0.002975927250308222
99036,0.6661844889650163,9.788133,0.02861811,9.745206,0.30407564738125453
997271,0.7158060094729007,9.825807,0.19424395,9.534441,0.05256666351516868
1949005,0.6827678046846778,9.148598,-0.07463921,9.260556,0.0
8334619,0.6019892364773224,10.144211,0.64291257,9.179842,0.12372079856066001
4253,0.6215317279475285,10.566515,0.494744,9.824399,0.18672807926906643
19217,0.6954969942631268,10.240877,0.2991306,9.792181,0.0030619670473951244
127129,0.656771434015632,10.189786,0.27650374,9.77503,0.0031035409666711447
586754,0.662269889249979,9.303876,0.24891305,8.930507,0.0025879002500524984
38928,0.7001674284509436,9.559441,-0.00023863064,9.559798,0.17243817679094034
41035,0.7115193264449186,9.601206,-0.0077626887,9.61285,0.0002630802848906416
216550,0.6588044417999849,10.406456,0.20159614,10.104062,0.01198874284875478
278070,0.6284698774399505,9.566399,0.12738541,9.37532,0.0016452922692692365
284458,0.7116675477635107,10.357211,0.21844919,10.029537,0.0033776502975812295
600989,0.6187741132299455,10.720587,0.5259428,9.931673,0.5219592029084273
2297558,0.6516478433298971,9.607531,0.0038857544,9.601702,0.00182944472067996
1950115,0.6103629922430767,10.860587,0.487256,10.1297035,0.37817940419057805
1447,0.6301166461410381,10.891267,0.78121525,9.719444,0.5754809010402508
1441,0.6487456899557719,10.385333,0.55366296,9.554838,0.24399557640190672
590734,0.6033133299434295,10.479722,0.38628078,9.900301,0.06750009463028034
304,0.6521650115556714,10.970303,0.7621593,9.827064,0.590490519874479
602429,0.6932706303643063,10.622547,0.4790872,9.903916,0.41837584936893446
41178,0.6081134177336593,10.401775,0.34861597,9.878851,0.12223759444442134
41356,0.6635748267856949,10.187038,0.14966181,9.962545,0.005194706561288797
1219113,0.6894189806994522,10.15324,0.17695631,9.887806,0.020448425243126806
2348093,0.6708237911462418,10.481404,0.28345957,10.056215,0.3746448573902117
619839,0.6177997823622543,10.305872,0.44119868,9.6440735,0.48874907454342387
1251236,0.6691705108789057,9.151598,0.10259816,8.997701,0.0014637479841349739
129078,0.6375284806671631,10.516854,0.40688622,9.906525,0.08248711177067111
27683,0.6106240165324701,10.044095,0.16748446,9.792869,0.003231398709563326
241428,0.6526867870672473,10.048667,0.2327381,9.69956,0.00396693811016964
2054342,0.6609140305674132,9.010154,0.4308795,8.363834,0.11554889593617884
537268,0.6380915598157948,10.411086,0.14494117,10.193674,0.04893415234661104
31289,0.6558750792425047,9.641728,0.14375295,9.426099,0.002412744038324672
31425,0.7121448930056647,10.008183,0.21035966,9.692643,0.031653554290224144
252431,0.6610079472497637,10.448875,0.39437345,9.857315,0.04826374291721307
276701,0.6864561573361443,9.2996435,-0.19452512,9.591432,0.0
587227,0.6168696639388952,10.556273,0.49315026,9.816548,0.262318767714953
2299855,0.6596370304335647,10.336617,0.13956837,10.127265,0.006122598234074229
39339,0.6533108203535366,10.643851,0.2586106,10.255936,0.38301282433978884
124006,0.708006934464982,10.156799,0.31224236,9.688436,0.004624175871383845
278766,0.6437918164152011,9.653183,0.101943605,9.500268,0.006068106298628289
3843,0.6912472697372388,10.471211,0.46398464,9.775234,0.26201104888333404
43678,0.6210874896163027,10.2659445,0.3098139,9.801224,0.004769766441317656
616954,0.6753818949989485,9.698328,0.2886043,9.265422,0.004401634062737419
109773,0.6681797863413991,10.266403,0.4296492,9.621929,0.1181049206578244
3912,0.6421554960680002,9.417617,0.22786382,9.075821,0.03244905565830276
39462,0.6747854291495544,10.706154,0.7452176,9.588327,0.30153958981663237
2342292,0.636423827633617,10.410428,0.6886701,9.377423,0.16259146579135433
3471263,0.6077150067294418,10.38603,0.27032465,9.980543,0.15718637266979157
30183,0.6255150526210883,10.209067,0.5067722,9.448909,0.10732245529043424
249079,0.641643288767492,9.75886,0.5485398,8.93605,0.07577277514404257
2787,0.6595594646967534,9.123818,0.16009928,8.88367,0.6293117257086746
29113,0.6004966686491379,10.897753,0.76501465,9.750231,0.5327561250232662
29125,0.6857704775717242,10.600993,0.3218228,10.118259,0.23372983126068578
245320,0.6455451186602607,9.182607,-0.22680955,9.522821,0.0
245505,0.6102369265141454,11.276387,0.86566514,9.97789,0.6480011016664744
1253127,0.6841291015986833,10.195228,0.55781007,9.358513,0.027981384487307217
2081964,0.6596498656054957,10.374015,0.39968598,9.774486,0.09821179420432834
1254911,0.6764094725843792,10.156799,0.2716562,9.749315,0.05359984305772058
44523,0.6064688200675034,10.974639,0.6459181,10.005762,0.8266702284130598
254368,0.60241394492698,9.252526,0.44774744,8.580905,0.005759922793494237
112514,0.6804460923564565,9.708814,-0.07414765,9.820035,0.0002115120941523818
112613,0.6605201242893689,9.481544,0.18837862,9.198976,0.005946341166665479
112637,0.6969642700465215,10.138085,0.1071526,9.977357,0.0017397247757618352
541846,0.6490138629232616,10.273687,0.18891512,9.9903145,0.007341762574786209
1095974,0.6429123488267003,10.839515,0.61728996,9.91358,0.5190117717755256
1125165,0.6180330776660589,10.638428,0.5026262,9.884488,0.18100156796921754
561091,0.6546967874871191,10.647685,0.340372,10.137127,0.01686046344377043
32775,0.6162988703853376,10.122382,0.8434363,8.857227,0.5200948375821657
114191,0.7236870894049207,9.919412,0.2622487,9.526038,0.0011252976600916178
258026,0.6757229738568599,10.466604,0.36892056,9.913223,0.01847298945572845
35091,0.6243112071871334,9.62396,0.03247853,9.575242,0.00100832513876233
1163788,0.7044939568998947,9.476621,0.044606216,9.409711,0.0003446410129769746
127454,0.6275766955159647,10.460187,0.2804301,10.039542,0.032991814904577206
547265,0.6033446959629175,9.794303,0.07422046,9.682972,0.004305546101806551
586019,0.6714912439164086,10.0285,0.12738541,9.837421,0.022170332421567185
129308,0.6189566768837892,10.587616,0.49048096,9.851894,0.3183617880894365
40638,0.6469504784134035,11.116327,0.8057341,9.907726,0.7382658268391085
2224712,0.6387213563394316,9.766183,0.012823842,9.746947,0.0001845366618179696
126915,0.6322243090380213,10.74627,0.61003137,9.8312235,0.45071289457852615
4323,0.6001028217200032,10.4967985,0.47522187,9.783966,0.02134255151224968
27954,0.6320348375243361,9.160477,-0.08914204,9.294189,0.0
250132,0.6367544063618816,10.674328,0.52047986,9.893608,0.3778806930035302
38569,0.601280521128829,10.487517,0.8294334,9.243367,0.3662888797424677
42536,0.6195340219782417,10.138701,0.2581537,9.751471,0.09505005675459811
110495,0.6881217156872337,10.384634,0.6391262,9.425944,0.1300406550565326
645160,0.6361371555496546,10.67289,0.5026262,9.91895,0.1816880619628945
226,0.6651580821335206,10.065029,0.30244583,9.611361,0.006401906605127164
308423,0.6387986712863496,10.528559,0.103251725,10.373681,0.11181480557561263
48750,0.6918444995272178,10.470064,0.2756264,10.056624,0.1548847747357771
34442,0.6209260924046233,10.441576,0.34413865,9.925368,0.03271069918268849
271684,0.6642799875957334,10.290512,0.2394715,9.931305,0.03618751804711791
1236391,0.6916900201316806,9.268235,-0.116425544,9.442874,0.5131821366088073
1237182,0.6508080914560083,9.294295,-0.24317311,9.659055,0.0
243904,0.6090002615393302,10.440962,0.6852638,9.413066,0.29596907600455435
3173,0.6360965679873668,11.276387,0.9709806,9.819917,0.7520847952103176
31990,0.6643157340920557,10.745051,0.5476018,9.923649,0.4003148643840053
32330,0.6476142037663953,11.032451,0.58362615,10.157011,0.49077112252368926
32662,0.6240056344216605,10.049424,0.39504108,9.456862,0.063472986058766
49186,0.6339485458575399,10.068664,0.17860658,9.800754,0.0031897925784085705
49188,0.6378597937533205,10.232024,0.21644089,9.907363,0.013299809828137466
112935,0.6687672414243684,9.408611,-0.047010288,9.479127,0.0
113454,0.6272442875257234,9.4458475,0.33885613,8.937563,0.01896388785514962
113721,0.6045801895995093,9.62597,0.06433366,9.5294695,0.002543308070394188
543981,0.6077626566056297,9.61736,-0.03832868,9.674853,0.0007473867068243832
545747,0.6903547198039267,9.110056,-0.07611724,9.224232,0.0007861580039953876
545783,0.6829272630534752,10.142382,0.44239673,9.478786,0.0069763553686775495
1107677,0.6316649978290075,10.9517565,0.7306792,9.855738,0.3941917563014274
1109054,0.6178003059705462,10.141159,0.23851594,9.783385,0.0020115889697288293
2146180,0.6096676688676959,9.25841,-0.02584297,9.297174,0.0005563972741285775
11322651,0.6499601665799971,11.147362,0.6108439,10.231096,0.699667513839768
34839,0.6795322669738485,10.090542,0.47020108,9.385241,0.017297927924365335
37835,0.6607338881507444,10.2870245,0.19846043,9.989334,0.004593668735203839
581214,0.6771729679376576,10.0065155,0.20933779,9.692509,0.24582150722580298
1175888,0.6683748517188111,9.912726,0.30491576,9.455353,0.09864882223352164
3859,0.6047750707089494,10.632936,0.5677839,9.78126,0.663846007295756
44663,0.620560470015476,10.47916,0.7947121,9.287092,0.17287875228380714
133204,0.6104780507118654,10.598436,0.3500982,10.073289,0.29186217057217306
1052627,0.6304637685133673,10.620926,0.6993939,9.571835,0.1520516669861019
2465614,0.6226612854506913,10.401775,0.76615155,9.252548,0.3549634624551449
115874,0.7328957149625412,10.205913,0.33733496,9.69991,0.0875277552529592
48958,0.6722382549742901,10.381827,0.07908073,10.2632065,0.0635617574068026
145106,0.6462121186005444,10.882466,0.69339436,9.842375,0.46633463270504993
3586,0.65087904992931,10.863848,0.39437345,10.272287,0.19411174795554692
55787,0.6191937396743034,10.227026,0.4894086,9.492913,0.027380354149205546
150956,0.6112348731793519,10.7314205,0.49315026,9.991695,0.3936821841072326
328522,0.6718535456827563,10.912104,0.58792615,10.030214,0.5508029526906838
4676,0.6590198462223396,10.253828,0.4271781,9.613061,0.0020625989260462368
140928,0.6420956686438234,10.461361,0.19530192,10.168408,0.021883847760741763
319263,0.7263375845430561,9.318371,-0.06155852,9.410708,0.0
405,0.6903844705050813,9.875973,0.25906706,9.487372,0.0008019100162191792
38264,0.6240760107068086,10.0751295,0.31785658,9.598345,0.05164341510762766
38324,0.6930907738966435,10.451282,0.3675013,9.900029,0.005445398274375924
1382810,0.6914281742535744,10.2659445,0.259523,9.87666,0.011372141718950058
2281031,0.658747911592048,9.007558,0.07422046,8.896227,0.0
1419622,0.6748904435518694,10.611904,0.4003455,10.011386,0.11434529080187703
152636,0.6437833297143299,10.688453,0.44656408,10.018606,0.14872657540858322
307424,0.7067396675858966,10.268693,0.4003455,9.668175,0.022669484871285124
51234,0.6040470808596735,10.7824335,0.43758455,10.126057,0.30316744897776615
663395,0.6710707140076483,10.098047,0.28432125,9.671565,0.027568858661645237
143084,0.6410511278191807,10.688453,0.7511345,9.56175,0.31600473001740753
591516,0.6236500712661729,11.018378,0.8458056,9.74967,0.6048157755516226
702000,0.6161241624593478,10.968848,0.7219682,9.885896,0.5493000122292537
1443766,0.6183732603441066,10.474636,0.30409402,10.018495,0.04236405966354481
59531,0.7344147424352562,10.565594,0.2649574,10.168158,0.08195108959240652
1423833,0.6698063463058056,10.37616,0.47798634,9.65918,0.1044257024872591
627956,0.6805502654276822,9.963994,0.4553617,9.2809515,0.011146455466048534
1262725,0.6505207030445971,9.723481,0.17529975,9.460531,0.0025888008322193204
1264037,0.6451797017501685,9.084215,0.08251934,8.960436,0.0017202757498493491
53300,0.6259020252382109,10.242335,0.31625992,9.767945,0.05917607666141325
1295671,0.6321841526992807,10.481963,0.31785658,10.005178,0.16172486613354822
49780,0.6319006491999953,10.626572,0.75347894,9.496353,0.4609505044404558
50269,0.7151884979919824,10.27097,0.26360518,9.875563,0.03635113614707829
319646,0.6831502780138443,10.365329,0.3660774,9.816213,0.1951456213937232
155425,0.6117069106060525,10.067939,0.29746345,9.621743,0.0005195308190863487
45950,0.6151807209059917,10.418265,0.63530654,9.465305,0.4697074750110907
5046,0.6647422966254792,10.401775,0.40493432,9.7943735,0.010234126660813563
52429,0.6169129369290133,10.66195,0.6845794,9.635081,0.1527145092320695
54269,0.6296119988355976,10.101417,0.17196754,9.843465,0.004068428010526034
156087,0.6091140452882459,10.333482,0.2649574,9.936046,0.04108447738465188
154264,0.6663097120972806,10.195228,0.70400363,9.139222,0.2846448602595812
1293101,0.6984107780673224,10.117882,0.27912524,9.699194,0.06689552791814259
141036,0.6006012868655463,10.739527,0.18134317,10.467512,0.12677635482694966
144050,0.6122733155006972,9.731421,0.038584705,9.673545,0.0003956821394140925
50829,0.6986479913505268,10.003162,0.6811407,8.981451,0.09238217965519913
3913617,0.6349442877756575,10.635298,0.512918,9.865921,0.4761298904439379
339605,0.6246985665295753,10.481404,0.7349701,9.378949,0.13037539818516408
708413,0.6669746959515012,10.322325,0.3780344,9.755273,0.07135858868686056
154378,0.6000143242723192,10.555802,0.38967106,9.971295,0.26760101873071057
46250,0.7137258656902371,10.01724,0.8093468,8.803219,0.03571389811146639
1277093,0.6865494011773712,9.979377,0.06859846,9.876479,0.08130880937381554
3786109,0.6990965993191339,9.218652,-0.35501894,9.751181,0.17542843536508618
1277858,0.6686289053207274,10.642309,0.38967106,10.057802,0.13892560694734968
297402,0.6129226881775187,9.3540325,0.32418522,8.867755,0.0004858784899707591
1265641,0.6333589901836453,10.453077,0.3081873,9.990796,0.20253120631933075
139676,0.6177370286401197,9.578314,-0.20969565,9.892858,0.0
5119,0.6427715549490975,10.529562,0.40493432,9.92216,0.003953911043377645
49412,0.7398155574074718,9.451131,-0.18427582,9.727545,0.0015126298609981729
49562,0.6331006356274026,10.580547,0.5559718,9.74659,0.4323710756962936
51474,0.6135802877116582,11.344051,1.0468429,9.773787,0.6804681895289981
316144,0.6214114278046751,10.2543,0.7175462,9.17798,0.07695736707033522
2604197,0.6674939213376935,10.67719,0.32575306,10.1885605,0.28603537171757504
53398,0.6135585099956606,10.841962,0.76501465,9.69444,0.6875654658676301
690249,0.6034784938415919,10.468338,0.3327392,9.969229,0.013346281656386431
1406104,0.6661149855419845,10.48917,0.26898906,10.085687,0.08078707756529256
4914,0.603250041329766,9.767633,0.1353431,9.564619,0.00336247409323764
139198,0.6171329942736591,10.444633,0.7734697,9.284428,0.22889200426450457
1411684,0.6485807540199461,10.728262,0.65846443,9.740565,0.5010676776554599
2687587,0.6543468626512038,10.518399,0.31705898,10.04281,0.24546741742248937
717639,0.6098542589930279,10.505357,0.50001466,9.755335,0.10842713220900616
154382,0.6590025718223093,10.3025055,0.24844581,9.929837,0.10674785479545622
52285,0.6558991111128528,10.216855,0.3218228,9.734121,0.0010064293418591856
325018,0.6499127719203154,9.463698,-0.21036741,9.779249,0.0
682377,0.7124545366045215,9.545181,-0.16690171,9.795534,0.046299831246767405
53810,0.646345198594246,10.899466,0.5900603,10.014375,0.5074586949946592
146543,0.6374250543638406,10.487517,0.24610206,10.118364,0.1024763037149746
429,0.679367329402015,10.220442,0.20677255,9.910283,0.05781002208601125
45660,0.7019198732441669,10.008183,0.4850926,9.280543,0.008347373825280998
134041,0.6539438614173496,10.38881,0.2991306,9.940114,0.07022257505436608
682784,0.691543936038801,10.53355,0.07352168,10.423267,0.05342107021792213
1370726,0.6299987347079491,9.052533,0.31705898,8.576944,0.03355290397131103
684934,0.6681414031623797,10.567893,0.4942134,9.826572,0.2589065723398106
1373485,0.6510122956417426,10.441576,0.16804738,10.189505,0.015754261790411034
5359757,0.6435201695617346,9.341664,-0.17302726,9.601205,0.0
5612,0.6969484753478227,10.902872,0.4942134,10.161552,0.6171052884799161
56230,0.6390757830224267,10.3949995,0.35670635,9.85994,0.004121805454859688
2677265,0.6818709786351004,10.268693,0.34787294,9.746883,0.1095197273237674
2679391,0.6949853270504308,10.573813,0.21391739,10.252937,0.03291261055975005
1404994,0.6032449223369113,10.715393,0.7000555,9.66531,0.5038464491294496
340024,0.6532958707570389,10.264564,0.70400363,9.208558,0.05391241355079124
153297,0.6759685572376042,10.206966,0.6376024,9.250563,0.30224959312189803
1442638,0.6268365252058251,10.20167,0.28345957,9.776481,0.045100942837995706
302055,0.6525797723623922,10.137467,0.259523,9.748183,0.28681820748777215
756488,0.6093760444754209,10.494089,0.58015525,9.623857,0.17202217045230692
69297,0.605413483466434,11.011827,0.53231156,10.21336,0.4619345592707178
7139,0.6351547256914025,9.980708,0.32575306,9.492079,0.03259171472099381
710029,0.6409975243643615,9.411907,-0.03652288,9.466692,0.0011831192244413436
312471,0.6396887980419201,10.472927,0.54382944,9.657183,0.010603466353886313
808565,0.6140029010090511,10.451282,0.3916926,9.863743,0.018228610441276844
61324,0.6857308731377393,10.014788,0.21137913,9.697719,0.004232663221821186
297376,0.6866315743227543,10.09737,0.19688404,9.802044,0.00743784898957941
729799,0.6075354512707395,9.91531,0.21442327,9.593675,0.0035573244323629212
1461168,0.6945604186490201,9.0367565,-0.08559676,9.165152,0.0031373592483852734
6818,0.6470608066618607,10.631353,0.39437345,10.039793,0.16156223101729558
784221,0.6924446016169572,9.205647,-0.14902699,9.429188,0.0050034200153102
72514,0.7358321961981545,9.188826,-0.25048465,9.564552,0.008348153668084623
801128,0.6113815652993632,9.743065,0.0022406976,9.739704,0.000372586197169294
1451575,0.6649807873984348,11.005846,0.4894086,10.271733,0.32326423872023
493,0.6155267517220521,10.042561,0.25906706,9.65396,0.0019627851196169347
65590,0.6033561670766467,10.242821,0.23128156,9.895899,0.002310984951890899
759540,0.636711124282444,9.800386,0.03170919,9.752823,0.014758113175073227
1542414,0.632163275205445,10.778498,0.46851447,10.075726,0.18626828320611175
4206505,0.6274229961541008,9.982477,0.15549135,9.74924,0.005146626657161205
1568419,0.6116856779612636,10.494633,0.22786382,10.152837,0.22105406991296558
171276,0.602874772643495,10.63056,0.562372,9.787002,0.1988619823839519
171673,0.734682944021175,9.785362,-0.03293365,9.834763,0.00017403596821736198
385504,0.6768635965721616,10.005679,0.340372,9.495121,0.02928772351452012
789267,0.7090781361721415,9.504693,-0.18427582,9.781107,0.00031085114795605833
789289,0.64428074205663,9.789512,0.024723064,9.752427,0.013288506113311461
1572882,0.6322436242658837,9.895278,0.15024829,9.669906,0.0028094625360254775
3055207,0.6136808702168888,10.263178,0.68662953,9.233233,0.04644911800794539
7317,0.6192068633432238,10.350454,0.6642455,9.354086,0.25600597156191574
75753,0.6016829810267675,10.633724,0.40166155,10.031232,0.4238658233099228
735322,0.6212170663676969,9.550584,0.30573598,9.09198,0.000887527442153814
6334,0.7161295565286975,10.26915,0.2418512,9.906373,0.028240539086468158
769618,0.6520426553405002,10.823011,0.33427653,10.321596,0.22575310381025906
378098,0.670042916486978,10.261788,0.37941974,9.692658,0.009680869612713906
378100,0.6586082152445699,9.957965,0.14907452,9.734353,0.018537804792463693
70751,0.6071907853023358,9.85221,0.1167542,9.677079,0.0013481877003949927
73351,0.6182077740095974,10.384634,0.29746345,9.938438,0.030132060098608082
813650,0.6314186999791817,10.333482,0.4234449,9.698315,0.105804192947798
376593,0.6373428868167499,10.171897,0.2716562,9.764413,0.026724148029096728
383198,0.6782191570767805,10.160916,0.5052221,9.403083,0.01731937856137627
75729,0.6087235204754728,9.954213,0.17363684,9.693758,0.0021504996268284604
1634879,0.6150355742763886,9.7783575,0.17860658,9.5104475,0.0026330060810962385
6354,0.6592064537916286,10.26364,0.487256,9.532757,0.05892751284548473
6474,0.7317893798447779,10.245237,0.49791405,9.498366,0.0645168616770512
65193,0.6515945956376892,9.586629,0.92781305,8.194909,0.17269567488341744
748385,0.6827276342244004,9.100072,-0.16206272,9.343166,0.0008337471571203283
1533565,0.6916868491770868,10.272331,0.3380962,9.765187,0.05674498784935671
813496,0.6301922653218894,10.863383,0.55735123,10.027356,0.5090968091301858
4107179,0.6215625423296004,10.850657,0.6322264,9.902318,0.41147732435567796
774849,0.6719565437540477,10.4774685,0.3937048,9.886911,0.046008453863487696
72262,0.6794855734606449,10.369694,0.3288719,9.876386,0.17252639447066548
386766,0.6696043343421879,10.135611,0.6009918,9.234123,0.24070316720565207
64391,0.6151488291360955,10.956281,0.5968199,10.06105,0.19554284471994726
160741,0.6064768012123853,10.26364,0.8741591,8.952402,0.16423098593305652
162923,0.6786396658303682,9.003372,-0.16086136,9.244664,0.0
61127,0.6699223508183056,10.638428,0.1407681,10.427276,0.12701975933023715
750387,0.6231832383440952,10.45546,0.31062487,9.989522,0.06737534848765556
359382,0.6580374234559165,10.2399025,0.20831351,9.927432,0.008376593734051698
1506631,0.6094104634168761,10.299539,0.1802506,10.029162,0.004435613613392027
168374,0.6483397759946641,10.690533,0.30655462,10.2307005,0.5655616789755166
481,0.6486001002007352,10.100745,0.6886701,9.06774,0.34844986779617554
6399,0.6527093123761406,10.125568,0.1802506,9.855192,0.030888344614767985
66394,0.6451765239791749,10.452479,0.49155065,9.715154,0.014708101400665726
66449,0.6597457439161772,10.378294,0.27868944,9.960259,0.18888254184655556
761509,0.680198273787178,10.6877575,0.20263638,10.383803,0.16947137991274208
4153000,0.6582156716889987,9.61428,0.26675388,9.2141485,0.0035935834577542182
4285578,0.6509201777154335,9.203663,0.09733392,9.057662,0.0013478858315649973
5807583,0.603265189731833,10.659728,0.45069182,9.98369,0.06679046294272675
794862,0.6183361170396101,10.310044,0.3682115,9.757727,0.030479968613234616
10223610,0.6176055146725293,10.162086,0.27254158,9.753273,0.11874690948247084
75687,0.664511922614747,10.234007,0.34112793,9.722315,0.05403761467605857
6301,0.6267726950901156,10.918696,0.5219766,10.135732,0.39430236147721026
6453,0.6856859741322712,9.090283,-0.021904755,9.12314,0.0025956729758214976
372258,0.6469758089981922,10.700108,0.4399973,10.040112,0.09950692823254238
75441,0.6283978052976779,10.73829,0.22884306,10.395025,0.5037417905164681
176704,0.6385286141720474,10.286586,0.33657235,9.781727,0.0011848315242962105
73661,0.6716468067631327,10.468338,0.39902547,9.8698,0.10890828801957575
64105,0.7043249407385668,10.37186,0.31385386,9.901079,0.08553765521272694
361487,0.6423251547812795,10.2399025,0.31385386,9.769122,0.11409101625744272
767647,0.6636620526642281,10.081501,0.5154533,9.308321,0.05344150444619969
7274,0.6222500583236344,10.639207,0.8674672,9.338006,0.49784165501273264
735584,0.6998065777049812,10.18205,0.16295461,9.937618,0.002933450172638093
5647818,0.659300943594705,10.418912,0.13836534,10.211364,0.09553839372989889
805018,0.6186872361765806,10.494089,0.14375295,10.27846,0.06872628673406594
