mass_lo,mass_hi,mass_center,compact_lo,compact_hi,compact_center,n_total,n_nonrelic,med_nonrelic,n_relic,med_relic,delta_med
9.0,9.25,9.125,7.000000000000001,7.200000000000001,7.100000000000001,5,5,1.46478377727676,0,,
9.0,9.25,9.125,7.200000000000001,7.400000000000001,7.300000000000001,22,22,1.0248776135805853,0,,
9.0,9.25,9.125,7.400000000000001,7.600000000000001,7.500000000000002,77,77,0.8450753229877161,0,,
9.0,9.25,9.125,7.600000000000001,7.800000000000002,7.700000000000001,268,268,1.0551427246432796,0,,
9.0,9.25,9.125,7.800000000000002,8.000000000000002,7.900000000000002,1454,1454,3.5149457957185266,0,,
9.0,9.25,9.125,8.000000000000002,8.200000000000003,8.100000000000001,4470,4470,3.528943188701456,0,,
9.0,9.25,9.125,8.200000000000003,8.400000000000002,8.300000000000002,6878,6878,2.9640390671124797,0,,
9.0,9.25,9.125,8.400000000000002,8.600000000000001,8.500000000000002,6346,6346,2.1227337702341176,0,,
9.0,9.25,9.125,8.600000000000001,8.800000000000002,8.700000000000003,3394,3394,1.5155613488259627,0,,
9.0,9.25,9.125,8.800000000000002,9.000000000000004,8.900000000000002,889,889,1.1300471062035229,0,,
9.0,9.25,9.125,9.000000000000004,9.200000000000003,9.100000000000003,322,322,0.9021913536824084,0,,
9.0,9.25,9.125,9.200000000000003,9.400000000000002,9.300000000000002,165,165,0.680117162578484,0,,
9.0,9.25,9.125,9.400000000000002,9.600000000000003,9.500000000000004,20,20,0.6391832187789387,0,,
9.0,9.25,9.125,9.600000000000003,9.800000000000004,9.700000000000003,5,4,,1,,
9.25,9.5,9.375,7.400000000000001,7.600000000000001,7.500000000000002,7,7,1.0110092603113905,0,,
9.25,9.5,9.375,7.600000000000001,7.800000000000002,7.700000000000001,20,20,0.8666440024840912,0,,
9.25,9.5,9.375,7.800000000000002,8.000000000000002,7.900000000000002,102,102,1.156318243358391,0,,
9.25,9.5,9.375,8.000000000000002,8.200000000000003,8.100000000000001,778,778,4.417496936717702,0,,
9.25,9.5,9.375,8.200000000000003,8.400000000000002,8.300000000000002,3166,3166,4.338002958022347,0,,
9.25,9.5,9.375,8.400000000000002,8.600000000000001,8.500000000000002,5554,5554,3.848718904724471,0,,
9.25,9.5,9.375,8.600000000000001,8.800000000000002,8.700000000000003,5762,5762,3.1454151640013723,0,,
9.25,9.5,9.375,8.800000000000002,9.000000000000004,8.900000000000002,4091,4091,2.2251892237208892,0,,
9.25,9.5,9.375,9.000000000000004,9.200000000000003,9.100000000000003,1482,1482,1.552681333774559,0,,
9.25,9.5,9.375,9.200000000000003,9.400000000000002,9.300000000000002,453,453,1.3250936675841392,0,,
9.25,9.5,9.375,9.400000000000002,9.600000000000003,9.500000000000004,201,201,1.0352419851078616,0,,
9.25,9.5,9.375,9.600000000000003,9.800000000000004,9.700000000000003,35,32,0.7929778346222627,3,,
9.5,9.75,9.625,7.800000000000002,8.000000000000002,7.900000000000002,8,8,1.0310229398471473,0,,
9.5,9.75,9.625,8.000000000000002,8.200000000000003,8.100000000000001,36,36,4.606696124349375,0,,
9.5,9.75,9.625,8.200000000000003,8.400000000000002,8.300000000000002,436,436,5.365847442218625,0,,
9.5,9.75,9.625,8.400000000000002,8.600000000000001,8.500000000000002,2209,2209,5.222196289281119,0,,
9.5,9.75,9.625,8.600000000000001,8.800000000000002,8.700000000000003,4295,4295,4.971294722970872,0,,
9.5,9.75,9.625,8.800000000000002,9.000000000000004,8.900000000000002,5262,5262,4.194375841543012,0,,
9.5,9.75,9.625,9.000000000000004,9.200000000000003,9.100000000000003,4185,4185,2.950128649606161,0,,
9.5,9.75,9.625,9.200000000000003,9.400000000000002,9.300000000000002,2069,2069,2.1107896258798893,0,,
9.5,9.75,9.625,9.400000000000002,9.600000000000003,9.500000000000004,693,693,1.6825807086542155,0,,
9.5,9.75,9.625,9.600000000000003,9.800000000000004,9.700000000000003,233,226,1.3422015933176326,7,0.4629509381391694,0.8792506551784631
9.5,9.75,9.625,9.800000000000004,10.000000000000004,9.900000000000004,33,27,1.367035531556687,6,1.5277441697331688,-0.16070863817648195
9.75,10.0,9.875,8.200000000000003,8.400000000000002,8.300000000000002,10,10,4.267053153457561,0,,
9.75,10.0,9.875,8.400000000000002,8.600000000000001,8.500000000000002,233,233,6.110825122541279,0,,
9.75,10.0,9.875,8.600000000000001,8.800000000000002,8.700000000000003,1593,1593,6.067759229555576,0,,
9.75,10.0,9.875,8.800000000000002,9.000000000000004,8.900000000000002,3635,3635,5.869313058188425,0,,
9.75,10.0,9.875,9.000000000000004,9.200000000000003,9.100000000000003,4675,4675,5.215362356416755,0,,
9.75,10.0,9.875,9.200000000000003,9.400000000000002,9.300000000000002,4245,4245,3.791288120450842,0,,
9.75,10.0,9.875,9.400000000000002,9.600000000000003,9.500000000000004,2415,2415,2.608215590653001,0,,
9.75,10.0,9.875,9.600000000000003,9.800000000000004,9.700000000000003,980,967,2.0512564536949696,13,1.0435294855323882,1.0077269681625813
9.75,10.0,9.875,9.800000000000004,10.000000000000004,9.900000000000004,206,201,1.9671865557015493,5,1.53088766396185,0.43629889173969927
9.75,10.0,9.875,10.000000000000004,10.200000000000003,10.100000000000003,5,5,2.3819512728450047,0,,
10.0,10.25,10.125,8.400000000000002,8.600000000000001,8.500000000000002,8,8,4.794343584366712,0,,
10.0,10.25,10.125,8.600000000000001,8.800000000000002,8.700000000000003,104,104,6.411318233556879,0,,
10.0,10.25,10.125,8.800000000000002,9.000000000000004,8.900000000000002,1114,1114,6.413851336050188,0,,
10.0,10.25,10.125,9.000000000000004,9.200000000000003,9.100000000000003,3060,3060,6.133831342376371,0,,
10.0,10.25,10.125,9.200000000000003,9.400000000000002,9.300000000000002,4514,4514,5.571540779904298,0,,
10.0,10.25,10.125,9.400000000000002,9.600000000000003,9.500000000000004,4358,4358,4.127041826598344,0,,
10.0,10.25,10.125,9.600000000000003,9.800000000000004,9.700000000000003,3027,3010,2.365297915618139,17,0.5894327769373022,1.7758651386808368
10.0,10.25,10.125,9.800000000000004,10.000000000000004,9.900000000000004,769,741,1.9539486428085069,28,1.307865532481673,0.6460831103268339
10.0,10.25,10.125,10.000000000000004,10.200000000000003,10.100000000000003,25,24,2.2265540703263653,1,,
10.25,10.5,10.375,8.800000000000002,9.000000000000004,8.900000000000002,51,51,6.012558286523036,0,,
10.25,10.5,10.375,9.000000000000004,9.200000000000003,9.100000000000003,624,624,6.0802807675230905,0,,
10.25,10.5,10.375,9.200000000000003,9.400000000000002,9.300000000000002,2363,2363,5.773451715963186,0,,
10.25,10.5,10.375,9.400000000000002,9.600000000000003,9.500000000000004,4248,4248,5.24040093648223,0,,
10.25,10.5,10.375,9.600000000000003,9.800000000000004,9.700000000000003,4265,4250,3.1789290569498903,15,1.1228702395099404,2.0560588174399497
10.25,10.5,10.375,9.800000000000004,10.000000000000004,9.900000000000004,1964,1909,1.6575553574719617,55,0.7262572738055932,0.9312980836663685
10.25,10.5,10.375,10.000000000000004,10.200000000000003,10.100000000000003,279,257,1.7564127720117546,22,1.2669079265782388,0.4895048454335158
10.25,10.5,10.375,10.200000000000003,10.400000000000004,10.300000000000004,19,13,2.365260600598738,6,1.71504528276733,0.6502153178314081
10.5,10.75,10.625,8.800000000000002,9.000000000000004,8.900000000000002,7,7,0.7249847241811015,0,,
10.5,10.75,10.625,9.000000000000004,9.200000000000003,9.100000000000003,94,94,4.315772156622733,0,,
10.5,10.75,10.625,9.200000000000003,9.400000000000002,9.300000000000002,513,513,4.766709050296334,0,,
10.5,10.75,10.625,9.400000000000002,9.600000000000003,9.500000000000004,2150,2150,4.794348926459412,0,,
10.5,10.75,10.625,9.600000000000003,9.800000000000004,9.700000000000003,3319,3311,3.674451704984667,8,0.7167367222001332,2.957714982784534
10.5,10.75,10.625,9.800000000000004,10.000000000000004,9.900000000000004,2030,2005,1.9532272583864485,25,0.5402507313539756,1.4129765270324728
10.5,10.75,10.625,10.000000000000004,10.200000000000003,10.100000000000003,574,557,1.5679023579595825,17,0.7044777628931247,0.8634245950664579
10.5,10.75,10.625,10.200000000000003,10.400000000000004,10.300000000000004,115,99,1.8140871597623571,16,1.5359948751701493,0.2780922845922078
10.5,10.75,10.625,10.400000000000004,10.600000000000005,10.500000000000004,5,2,,3,,
10.75,11.0,10.875,9.000000000000004,9.200000000000003,9.100000000000003,9,9,0.7402263036193288,0,,
10.75,11.0,10.875,9.200000000000003,9.400000000000002,9.300000000000002,73,73,1.4882329775260614,0,,
10.75,11.0,10.875,9.400000000000002,9.600000000000003,9.500000000000004,526,526,2.455084027892587,0,,
10.75,11.0,10.875,9.600000000000003,9.800000000000004,9.700000000000003,1497,1495,2.2128996756469737,2,,
10.75,11.0,10.875,9.800000000000004,10.000000000000004,9.900000000000004,1397,1384,1.8291063792637687,13,0.3393995199436264,1.4897068593201424
10.75,11.0,10.875,10.000000000000004,10.200000000000003,10.100000000000003,549,539,1.6459163295382948,10,0.2632316329842833,1.3826846965540116
10.75,11.0,10.875,10.200000000000003,10.400000000000004,10.300000000000004,117,113,1.6442037700027994,4,,
11.0,11.25,11.125,9.200000000000003,9.400000000000002,9.300000000000002,8,8,0.31899455957216977,0,,
11.0,11.25,11.125,9.400000000000002,9.600000000000003,9.500000000000004,98,98,0.4302849038006716,0,,
11.0,11.25,11.125,9.600000000000003,9.800000000000004,9.700000000000003,571,570,0.5863235197855816,1,,
11.0,11.25,11.125,9.800000000000004,10.000000000000004,9.900000000000004,790,789,0.9361558694455653,1,,
11.0,11.25,11.125,10.000000000000004,10.200000000000003,10.100000000000003,290,288,1.459869541806539,2,,
11.0,11.25,11.125,10.200000000000003,10.400000000000004,10.300000000000004,36,32,1.986455422753398,4,,
11.25,11.5,11.375,9.400000000000002,9.600000000000003,9.500000000000004,14,14,0.34838894064283904,0,,
11.25,11.5,11.375,9.600000000000003,9.800000000000004,9.700000000000003,182,181,0.36107064981402537,1,,
11.25,11.5,11.375,9.800000000000004,10.000000000000004,9.900000000000004,352,350,0.47013898416355737,2,,
11.25,11.5,11.375,10.000000000000004,10.200000000000003,10.100000000000003,81,81,1.3971852189334597,0,,
11.25,11.5,11.375,10.200000000000003,10.400000000000004,10.300000000000004,5,5,2.660267459644274,0,,
11.5,11.75,11.625,9.600000000000003,9.800000000000004,9.700000000000003,29,29,0.2414875748106965,0,,
11.5,11.75,11.625,9.800000000000004,10.000000000000004,9.900000000000004,102,102,0.3638061758076865,0,,
11.5,11.75,11.625,10.000000000000004,10.200000000000003,10.100000000000003,55,55,1.676564262007122,0,,
11.75,12.0,11.875,9.800000000000004,10.000000000000004,9.900000000000004,14,14,0.31961210989443317,0,,
11.75,12.0,11.875,10.000000000000004,10.200000000000003,10.100000000000003,9,9,0.6031711312885676,0,,
