mass_lo,mass_hi,mass_center,n_total,n_ancient,n_relic,n_sag,n_nonrelic,n_central,n_satellite,v_over_sigma_median,v_over_sigma_p16,v_over_sigma_p84,lambda_R_proxy_median,lambda_R_proxy_p16,lambda_R_proxy_p84,kappa_corot_median,kappa_corot_p16,kappa_corot_p84,exsitu_frac_median,exsitu_frac_p16,exsitu_frac_p84,compactness_median,compactness_p16,compactness_p84,disc_to_total_median,disc_to_total_p16,disc_to_total_p84,relic_v_over_sigma_median,relic_v_over_sigma_p16,relic_v_over_sigma_p84,nonrelic_v_over_sigma_median,nonrelic_v_over_sigma_p16,nonrelic_v_over_sigma_p84
9.0,9.25,9.125,24316,32,1,31,24315,12569,11747,2.466944123539699,0.6395364121265424,4.1187953376999715,0.9267539802458957,0.5387766030245094,0.9717687907241663,0.4521399885416031,0.2545417308807373,0.6173183917999266,0.049287157541807666,0.018518370916415075,0.1156746243276495,8.371997702963757,8.1137360323648,8.63759091734478,0.717441737651825,0.2990689516067505,0.8816546678543091,,,,2.466986669422749,0.6395245702684571,4.118816679453272
9.25,9.5,9.375,21653,26,4,22,21649,10629,11024,3.2759148601042356,1.089599295851478,4.795617804214019,0.9564310048532991,0.736749621921198,0.9789431925373778,0.45412611961364746,0.2588331055641174,0.6150254797935486,0.03742524424164873,0.012601990288958437,0.09843089870154842,8.638851321461546,8.371838017881796,8.919337862237208,0.7188332676887512,0.3013816094398499,0.8819042706489563,,,,3.276175211955049,1.0903446421199732,4.795661417669265
9.5,9.75,9.625,19461,36,13,23,19448,9109,10352,4.0969402289771875,1.6211504275805793,5.6121840428716965,0.971479586485929,0.8511026984800037,0.9844935546477412,0.45138296484947205,0.2574555456638336,0.6159658074378968,0.030291093273596442,0.010056729615916197,0.0910646795888077,8.905764314312243,8.625403947230117,9.1942061163136,0.7180296182632446,0.29961092472076417,0.8800363063812255,0.5257546182106622,0.32648069831412185,1.8322276887125604,4.0985065227175,1.6228198673082108,5.612576404840604
9.75,10.0,9.875,17999,42,18,24,17981,8612,9387,4.902603621112571,2.0641232957826636,6.335490951418999,0.9798248593409797,0.8999487733769614,0.987771146562198,0.4518459141254425,0.2566372692584991,0.6149800992012023,0.028287951267737903,0.010136748942749957,0.09386919788371198,9.152740478404242,8.86890371881908,9.446385105699603,0.7193298935890198,0.29674623131752015,0.880897958278656,1.147318218995975,0.7573509836788601,1.7701869848424348,4.905109504403301,2.0705020522951028,6.336094417122272
10.0,10.25,10.125,16980,89,46,43,16934,8555,8425,5.101310648834078,2.0386696854399915,6.558854694871055,0.9813230830420916,0.8978071814504819,0.9885759038636946,0.45029348134994507,0.2522577261924744,0.6171596002578734,0.03643733682826578,0.012576856994593745,0.12410548214716145,9.387745258424829,9.113259689556436,9.658923262428944,0.7137119472026825,0.2859887135028839,0.8831704354286194,1.0094421372941258,0.3294864121871306,1.7609866384883726,5.109555361563219,2.0557757288476433,6.560736855982289
10.25,10.5,10.375,13814,138,98,40,13716,7635,6179,4.540872388586539,1.6583880432831628,6.1893126067999455,0.9765989493882895,0.8563592530880062,0.9871978631463613,0.4546394646167755,0.2563383662700653,0.615036404132843,0.07711193816191629,0.023040410584239016,0.2180142444693565,9.58554185772752,9.34836103365997,9.803013110099693,0.7226516306400299,0.300886652469635,0.8816798257827759,0.8791016977374888,0.41900697746011195,1.720491938536649,4.562440709411243,1.6887722047075957,6.199051039126058
10.5,10.75,10.625,8808,82,69,13,8739,5233,3575,3.5197014449924664,1.177587738554689,5.516546424570767,0.9619292626999241,0.7622425015700219,0.9839642151860521,0.4518647789955139,0.25002928614616393,0.6161875414848328,0.20527817549016275,0.0732524069741756,0.3888065521226356,9.694085990131095,9.499547090284624,9.909869321765491,0.7161434292793274,0.29098216295242313,0.8823543572425843,0.9440410722923812,0.10708348875416876,1.8792591734073794,3.546985877509277,1.1958750082404084,5.5243845172566655
10.75,11.0,10.875,4169,33,29,4,4140,2672,1497,1.9449852682808748,0.4141997951962197,4.21736374438046,0.8893395216537637,0.38267255177706627,0.9730207152646146,0.450076699256897,0.2526351034641266,0.6129312968254089,0.428367184257969,0.24643182409510048,0.5825157570402001,9.797483310525536,9.612306322591753,9.999909912574939,0.7167173624038696,0.2954262101650238,0.8801040101051331,0.2819236054564449,0.08633252615159769,0.863579709484599,1.9594127202460687,0.4222074694834133,4.223695485397193
11.0,11.25,11.125,1797,9,8,1,1789,1279,518,0.832590930673539,0.18386376080814884,2.6252790751499457,0.639847627352368,0.18083252903160657,0.9345002312413606,0.45750948786735535,0.2554874312877655,0.6152776551246643,0.616808695249513,0.4765483497263388,0.7200699611221804,9.851728937835189,9.698023500316934,10.01635532469907,0.732097864151001,0.3050088632106781,0.8805752301216125,0.32795177925172453,0.08003922590745718,0.7004115990865177,0.8411965904883978,0.18504022990998004,2.6314839072503653
11.25,11.5,11.375,635,3,3,0,632,491,144,0.4669138696815846,0.17207661445971525,1.891699722791901,0.42306938999827776,0.16958412047269716,0.884075214355294,0.4461210072040558,0.25434422731399536,0.6127290368080138,0.7031722594138923,0.6134820352482102,0.7693897588803582,9.866010691532555,9.730941525494112,9.992430426822107,0.704700767993927,0.2972802174091339,0.8818609762191773,,,,0.47013898416355737,0.1726996051334355,1.8935964395847076
11.5,11.75,11.625,189,0,0,0,189,157,32,0.5121564013039597,0.20550823826921308,2.1285498010316743,0.4558485683160224,0.20130128646747017,0.9050902848300537,0.47554364800453186,0.23732237815856935,0.6099730038642882,0.6921687153267427,0.591342956401338,0.7566897456827061,9.938497818445413,9.80479817409946,10.049716467593536,0.746436357498169,0.21948982596397404,0.874827799797058,,,,0.5121564013039597,0.20550823826921308,2.1285498010316743
11.75,12.0,11.875,27,0,0,0,27,26,1,0.3466882718146654,0.25464257667170764,0.8099726800880802,0.32756143858800985,0.2467647959987353,0.6288858843673962,0.48016002774238586,0.19380254030227662,0.5903815412521363,0.6299023076065002,0.5754062605425465,0.7259991575830634,9.989111490049101,9.896367879877836,10.134772859580556,0.7431985139846802,0.209811207652092,0.8578731536865234,,,,0.3466882718146654,0.25464257667170764,0.8099726800880802
