track_id,compactness_z2,compactness_z0,delta_compactness,log10_mstar_z2,log10_mstar_z0,delta_log10_mstar,log10_rhalf_z2,log10_rhalf_z0,delta_log10_rhalf,bh_to_stellar_z2,bh_to_stellar_z0,central_z2,central_z0,halo_index_z2,halo_index_z0,exsitu_fraction,exsitu_group,strip_like
74285,9.351232727919585,9.80170333399219,0.4504706060726047,10.58673792373998,9.618891236456996,-0.9678466872829841,0.8236701305469302,-0.12187473169013034,-0.9455448622370605,0.0029227753898549043,0.0,0.0,0.0,74285.0,74285.0,0.012938487443761438,low,True
682377,9.510241722704185,9.79553309265849,0.2852913699543045,10.235980194867787,9.545180540403315,-0.6907996544644721,0.483825648109068,-0.16690170150344952,-0.6507273496125174,0.0038486750362309446,0.0,0.0,0.0,682377.0,682377.0,0.046299831246767405,low,True
325018,9.533949145374008,9.779248977488912,0.24529983211490425,10.319895421698638,9.463697884562103,-0.8561975371365342,0.5239641842164192,-0.21036739528453982,-0.7343315795009591,0.0016975758969956913,0.0,0.0,0.0,325018.0,325018.0,0.0,low,True
436157,9.56703215390055,9.758909000895741,0.19187684699519103,10.644620086552258,10.427865739555836,-0.2167543469964226,0.7183919551011393,0.44597115910673035,-0.27242079599440894,1.3385198286029855e-06,0.0,1.0,0.0,436157.0,436157.0,0.7425718400904932,high,True
789289,9.592520682954925,9.752426404609274,0.1599057216543489,10.425325984676828,9.789511002869823,-0.6358149818070054,0.5552035344812687,0.02472306550703353,-0.5304804689742352,0.0019044401005643393,0.0,0.0,0.0,789289.0,789289.0,0.013288506113311461,low,True
571874,9.666453655868155,9.741195557934223,0.07474190206606757,9.904881472696502,9.450379468268276,-0.4545020044282264,0.15895187788556384,-0.19387739311063182,-0.35282927099619565,0.004608710581419383,0.0,0.0,0.0,571874.0,571874.0,0.00037047623991655587,low,True
591516,9.371672923220657,9.70055216007026,0.32887923684960185,10.572453538966457,11.062246068535893,0.48979252956943675,0.8005204104971998,0.9077959389770899,0.10727552847989008,8.031991223933587e-07,0.0078125,1.0,0.0,591516.0,591516.0,0.6048157755516226,high,False
3859,9.474084680411261,9.753267573177054,0.27918289276579245,10.211677687503228,10.655999614221122,0.44432192671789394,0.49172867139464393,0.6018213606960463,0.11009268930140237,0.005395683156291885,0.004674030099321158,1.0,1.0,3859.0,3859.0,0.663846007295756,high,False
40638,9.701650443221427,9.882557119199292,0.18090667597786592,10.835075716962034,11.140544875480817,0.30546915851878254,0.7556168491604054,0.838658504187683,0.08304165502727756,0.005092394554320537,0.00634710486405871,1.0,1.0,40638.0,40638.0,0.7382658268391085,high,False
304,9.679000053770952,9.787409248628169,0.10840919485721656,10.682152322620643,11.004505894562577,0.3223535719419335,0.668768179233127,0.8113977639562724,0.14262958472314535,6.239135844602631e-07,0.006834427884108279,1.0,1.0,304.0,304.0,0.590490519874479,high,False
1350,9.76529167627202,9.804483730830531,0.03919205455851227,10.622545887340666,10.878895403383728,0.25634951604306266,0.5715028073790972,0.7162744483687986,0.1447716409897014,0.004975558784986723,0.006780508167335358,1.0,0.0,1350.0,1350.0,0.5551161020918824,high,False
49562,9.722169897290112,9.74516537492705,0.022995477636937878,10.37185895146448,10.581880460504468,0.21002150903998817,0.4331260361162459,0.5578100570516119,0.12468402093536601,0.001736111129989222,0.0028557963874313538,1.0,0.0,49562.0,49562.0,0.4323710756962936,high,False
218313,9.793151351810709,9.783826934984528,-0.009324416826180126,10.256653354426051,9.550583027026786,-0.7060703273992655,0.3090013350768949,-0.15549593863849595,-0.46449727371539085,0.0010219594850835632,0.0,0.0,0.0,218313.0,218313.0,0.0,low,False
29113,9.776950320226232,9.750230231185897,-0.026720089040335182,10.77224083872641,10.897752148686697,0.12551130996028803,0.6635270123334515,0.7650146116672002,0.10148759933374873,0.002494228179409698,0.0,1.0,0.0,29113.0,29113.0,0.5327561250232662,high,False
17910,9.959586825320816,9.890785777518907,-0.06880104780190877,9.889302140050775,9.510619706722743,-0.37868243332803253,-0.04685645684669371,-0.25344404719744346,-0.20658759035074975,3.140158731502016e-05,0.0,0.0,0.0,17910.0,17910.0,0.0,low,False
3173,9.86483314723771,9.78997230998708,-0.07486083725063075,10.89170214462879,11.292591254472466,0.40088910984367665,0.6845793315940524,1.0017459629902563,0.31716663139620394,0.004728206388961539,0.0,1.0,0.0,3173.0,3173.0,0.7520847952103176,high,False
75441,10.485402458691548,10.393497748044982,-0.09190471064656514,10.383933319560532,10.742604886114705,0.35867156655417354,-0.06764609275401064,0.2327380920464825,0.3003841848004931,1.2597729713257616e-06,0.0025048551712131646,1.0,0.0,75441.0,75441.0,0.5037417905164681,high,False
189514,9.882970295722695,9.77163605059181,-0.11133424513088386,10.065028577895463,9.587176817608038,-0.47785176028742526,0.12137218811517832,-0.12297282198918254,-0.24434501010436085,0.0009864102429022858,0.0,0.0,0.0,189514.0,189514.0,0.0011149521486400798,low,False
80976,9.93741129170318,9.811227660676282,-0.12618363102689756,9.916851983705595,9.697051798982098,-0.21980018472349627,-0.013706205331723405,-0.07611724112945528,-0.06241103579773188,0.00014732126520607163,0.0,0.0,0.0,80976.0,80976.0,0.004904024865541053,low,False
1648535,9.960508237091027,9.819088407130996,-0.14141982996003044,10.365328087167601,10.430390728254743,0.06506264108714177,0.2698799000510491,0.40753488074916494,0.13765498069811583,0.0006000762390988838,0.0019191575738350258,1.0,0.0,1648535.0,1648535.0,0.1461016067093307,mid,False
5612,10.312179281185701,10.160859890207323,-0.15131939097837765,10.71342959229838,10.904564742958993,0.19113515066061204,0.2675002074084525,0.49580323516777924,0.22830302775932676,5.992878151206556e-07,0.008861259819143954,1.0,0.0,5612.0,5612.0,0.6171052884799161,high,False
171673,9.990216134748266,9.834762110971518,-0.15545402377674833,10.333480706992704,9.785361638441493,-0.5481190685512107,0.2288430481629583,-0.032933648353349325,-0.26177669651630764,0.002158344653779704,0.0,0.0,0.0,171673.0,171673.0,0.00017403596821736198,low,False
553,9.941789538101897,9.768367031071916,-0.17342250702998108,10.73952693673859,10.647683881530925,-0.091843055207665,0.5318249324244616,0.5862112336393396,0.054386301214877975,0.004645270215127401,0.0,0.0,0.0,553.0,553.0,0.6524647899751719,high,False
107,10.111551398178447,9.93283235502539,-0.1787190431530572,11.149289351846773,10.929200527572574,-0.22008882427419962,0.6918253024455507,0.6642454483647886,-0.027579854080762134,0.00783845529122846,0.0,1.0,0.0,107.0,107.0,0.5520716620448768,high,False
19217,9.988548146013356,9.792180619175749,-0.19636752683760683,10.305871366541332,10.240876490751651,-0.06499487578968122,0.21154881368531858,0.29913058105060064,0.08758176736528206,0.0019210756740717914,0.0,0.0,0.0,19217.0,19217.0,0.0030619670473951244,low,False
3299260,9.997314327777387,9.796280276526954,-0.20103405125043317,10.041790747241782,9.875407960187868,-0.16638278705391407,0.02965094630959705,0.05275178910727707,0.02310084279768002,0.00010962520183964193,0.0,0.0,0.0,3299260.0,3299260.0,0.07452131705406942,low,False
80788,9.956658609790077,9.743317435583462,-0.21334117420661514,9.839514899122761,9.622444798175522,-0.21707010094723955,-0.07809580711154318,-0.08058175827196076,-0.002485951160417582,0.0003313829504547189,0.0,0.0,0.0,80788.0,80788.0,0.0017639471297673872,low,False
4323,9.997148399181905,9.78367330206963,-0.21347509711227453,10.496257172229427,10.497337513168794,0.0010803409393673746,0.3327391820316808,0.4757761407327769,0.14303695870109612,0.0007284694060999814,0.0017032219707984987,1.0,0.0,4323.0,4323.0,0.02134255151224968,low,False
794862,9.973157582127758,9.75573435621584,-0.21742322591191865,10.345124670032586,10.31335221933821,-0.031772450694376175,0.24797805860321936,0.37174524208158016,0.1237671834783608,0.00152770891140802,0.002675818379440139,1.0,1.0,794862.0,794862.0,0.030479968613234616,low,False
83271,10.09868651601031,9.878221875729546,-0.22046464028076507,10.524522437751108,10.471783386399933,-0.05273905135117474,0.28389061449386377,0.3957076737802587,0.1118170592863949,0.0018049883612403636,0.0027431243053058444,1.0,1.0,83271.0,83271.0,0.04897591753413155,low,False
708413,9.97545398543777,9.749880766267072,-0.22557321917069828,10.374014237493883,10.33032217057718,-0.043692066916703354,0.26570683470407547,0.38696093620673866,0.12125410150266319,0.0013842693118303038,0.0027087135132020965,1.0,1.0,708413.0,708413.0,0.07135858868686056,low,False
27683,10.034847360098672,9.792023600288466,-0.24282375981020543,10.087779165149446,10.044094674368607,-0.043684490780838914,0.035287870033849186,0.16804738272009345,0.13275951268624425,0.00012635348422630773,0.0,0.0,0.0,27683.0,27683.0,0.003231398709563326,low,False
3786109,9.994673227464672,9.75117972423237,-0.24349350323230112,9.415992905328308,9.218651340839864,-0.1973415644884433,-0.38578688142424333,-0.35501892226167076,0.030767959162572578,0.0,0.0,0.0,0.0,3786109.0,3786109.0,0.17542843536508618,mid,False
319646,10.06468158774929,9.812519332745598,-0.25216225500369127,10.423411407373173,10.373296984065487,-0.05011442330768645,0.23915321308258994,0.3738517675465924,0.13469855446400245,0.0016510953872686583,0.0027860280392311824,1.0,0.0,319646.0,319646.0,0.1951456213937232,mid,False
2677265,10.003145775211518,9.746882767612824,-0.2562630075986938,10.370416103532314,10.26869215535393,-0.1017239481783836,0.24484688554719644,0.347872925160738,0.10302603961354154,0.0016216461255789052,0.0,0.0,0.0,2677265.0,2677265.0,0.1095197273237674,mid,False
413656,10.067450403692112,9.807861374019053,-0.25958902967305875,10.172466595515285,9.761803349677777,-0.41066324583750813,0.07001079454878274,-0.030705349560850834,-0.10071614410963357,0.0008432783939099956,0.0,0.0,0.0,413656.0,413656.0,0.005147136241755912,low,False
14823,10.088963925872909,9.82627751787488,-0.26268640799802867,10.164413238746912,10.029292174913198,-0.13512106383371325,0.05029954191600177,0.13534310469221286,0.08504356277621108,0.0005170036603567934,0.0,0.0,0.0,14823.0,14823.0,0.006606018624501217,low,False
1109054,10.046530623988303,9.783383979234836,-0.2631466447534674,10.317453258765852,10.141157875592999,-0.1762953831728531,0.18061508985169872,0.2385159309054424,0.057900841053743685,0.001248237810913989,0.0,0.0,0.0,1109054.0,1109054.0,0.0020115889697288293,low,False
798108,10.073208490537734,9.801954509402707,-0.2712539811350272,10.185934184364495,10.153239170579084,-0.03269501378541051,0.07515046255117318,0.23418977411758607,0.15903931156641288,0.0007839833827845128,0.0,0.0,0.0,798108.0,798108.0,0.028014680459889824,low,False
1870301,10.028645976009813,9.753393105516723,-0.2752528704930892,10.011497391405287,9.919921232120977,-0.09157615928431007,-0.011432389736349888,0.11101875106950161,0.1224511408058515,0.0007129277003692804,0.0,0.0,0.0,1870301.0,1870301.0,0.0007592361025168506,low,False
6098149,10.20639226920383,9.922558419996811,-0.28383384920701893,10.305032145296517,10.2599275517986,-0.04510459349791596,0.06575991739512432,0.22491275453452592,0.1591528371394016,0.0001286814820748386,0.0,0.0,0.0,6098149.0,6098149.0,0.08276720279011805,low,False
29739,10.020340249167358,9.734391353759044,-0.28594889540831403,10.370416103532314,9.875407960187868,-0.495008143344446,0.2333839029099706,0.09401107095254924,-0.13937283195742137,0.0023430999357991456,0.0,1.0,0.0,29739.0,29739.0,0.0011784356122922879,low,False
81796,10.108179845533128,9.818189515140476,-0.28999033039265143,10.307544959564947,10.200602177823004,-0.10694278174194238,0.13291007602121366,0.25494177512168564,0.12203169910047199,0.0021296574284319757,0.004084025170611579,0.0,0.0,81796.0,81796.0,0.1546267589041649,mid,False
83700,10.041543879301138,9.750512739485085,-0.29103113981605233,10.133744410809372,9.919921232120977,-0.2138231786883953,0.06146702100548912,0.11293899509059362,0.0514719740851045,0.0001600749903718511,0.0,0.0,0.0,83700.0,83700.0,0.00037723848863860127,low,False
1533565,10.052941638306581,9.761305115181395,-0.2916365231251863,10.3083793437704,10.276386989884697,-0.031992353885701874,0.17029180364254573,0.3433879164688675,0.17309611282632179,0.003325185927666228,0.004689114161639532,1.0,1.0,1533565.0,1533565.0,0.05674498784935671,low,False
9581,10.04221244213,9.748183096772053,-0.2940293453579468,10.203264922437896,9.937405247298576,-0.2658596751393194,0.10736832020526403,0.12614810035101595,0.01877978014575192,0.0019746141422517646,0.0,0.0,0.0,9581.0,9581.0,0.002816164237836017,low,False
702000,10.148254302518165,9.850391156981837,-0.2978631455363274,10.689839156477408,10.997058724559716,0.3072195680823082,0.36105656930616303,0.7644450450519201,0.4033884757457571,0.001272490505545524,0.004710839421040859,1.0,1.0,702000.0,702000.0,0.5493000122292537,high,False
458677,10.186287006907163,9.88706224697805,-0.29922475992911224,10.351209449191186,10.289206767943998,-0.06200268124718811,0.10994829485601547,0.26809634731063187,0.15814805245461638,0.0021161686579867795,0.003099141278650943,1.0,0.0,458677.0,458677.0,0.11874192280317697,mid,False
52285,10.033968926626518,9.734119933018738,-0.29984899360777995,10.362393637967791,10.216854084332612,-0.14553955363517979,0.2189498075608492,0.3218227675425823,0.10287295998173313,0.0010675979600638763,0.0,0.0,0.0,52285.0,52285.0,0.0010064293418591856,low,False
717639,10.056299026591342,9.750785968353679,-0.30551305823766306,10.494088394476512,10.516337620792116,0.022249226315604886,0.2918595785901138,0.5103677682922911,0.21850818970217734,0.0013053426762712158,0.003948052896395668,1.0,1.0,717639.0,717639.0,0.10842713220900616,mid,False
100221,10.275467693917088,9.968476217796097,-0.30699147612099154,10.42213029483969,10.163250462067982,-0.2588798327717079,0.09777506728173506,0.12984949618125669,0.032074428899521626,0.002720527066695087,0.0,0.0,0.0,100221.0,100221.0,0.002196212192828496,low,False
600989,10.239327356663885,9.931577528178872,-0.3077498284850133,10.417616438247213,10.721231507869451,0.3036150696222375,0.11885938772221946,0.5264359864603864,0.4075765987381669,0.002221315218171239,0.0,1.0,0.0,600989.0,600989.0,0.5219592029084273,high,False
590734,10.206271898640352,9.896756848976588,-0.309515049663764,10.445847665696611,10.485303387052147,0.039455721355535545,0.1597171780375061,0.3923643587170389,0.2326471806795328,0.0003667231054988722,0.001885775889140312,1.0,0.0,590734.0,590734.0,0.06750009463028034,low,False
171276,10.098215554276493,9.786320549067986,-0.3118950052085072,10.672168122355231,10.63055892975831,-0.04160919259692086,0.3826350453858251,0.5628255871268829,0.1801905417410578,0.0007818988482059721,0.0,0.0,0.0,171276.0,171276.0,0.1988619823839519,mid,False
127129,10.096066000312753,9.775029212333985,-0.3210367879787679,10.239413389416802,10.189784817638433,-0.04962857177836888,0.09556492606936554,0.27650373686963264,0.1809388108002671,0.0005459522887338383,0.0,0.0,0.0,127129.0,127129.0,0.0031035409666711447,low,False
97114,10.332329332918194,10.008895747848383,-0.3234335850698109,10.689145945084492,10.566513610970754,-0.12263233411373875,0.23787774144419918,0.37174524208158016,0.13386750063738098,0.0018751248664634545,0.0033807269197371373,0.0,0.0,97114.0,97114.0,0.22419576246061004,mid,False
5046,10.118845874816946,9.794067035287284,-0.324778839529662,10.448270527395259,10.402445903234614,-0.04582462416064459,0.21961643505220854,0.40558591196488747,0.18596947691267893,0.0012563564278232154,0.0027712034838342802,1.0,0.0,5046.0,5046.0,0.010234126660813563,low,False
139676,10.217733410584827,9.892856816275302,-0.32487659430952576,10.15204604667249,9.578313367358918,-0.5737326793135722,-0.04379157594155765,-0.20969563261092353,-0.16590405666936586,2.3271226793656535e-06,0.0,0.0,0.0,139676.0,139676.0,0.0,low,False
7997,10.123939940005112,9.796486495750797,-0.32745344425431533,10.490266804599981,10.465443234410893,-0.02482357018908843,0.24421790972991256,0.44597115910673035,0.2017532493768178,0.006224353075211049,0.007311163133831868,1.0,1.0,7997.0,7997.0,0.2415915918750533,mid,False
218204,10.234135908858711,9.905131677395026,-0.32900423146368496,10.182049074901865,10.112679698050705,-0.06936937685116007,-0.03472455597123029,0.13836534710378634,0.17308990307501662,0.0019681684068255695,0.0,0.0,0.0,218204.0,218204.0,0.013236099646595986,low,False
99036,10.07795675835089,9.745205117523453,-0.33275164082743736,10.155615598612883,9.78813228160929,-0.36748331700359316,0.05177256017466084,0.028618109390557707,-0.02315445078410313,0.000635498411884718,0.0,0.0,0.0,99036.0,99036.0,0.30407564738125453,mid,False
49186,10.13449381808073,9.80075303350932,-0.3337407845714093,10.093968737567774,10.06866288233237,-0.02530585523540374,-0.02701672034197114,0.17860656588203386,0.205623286224005,0.000384636644667247,0.0,0.0,0.0,49186.0,49186.0,0.0031897925784085705,low,False
64391,10.371204837726426,10.03550022762184,-0.3357046101045853,10.960757463604825,10.980353050019955,0.019595586415130484,0.3930350839189318,0.6299018815987429,0.23686679767981111,0.004019765227894425,0.022722630206893656,1.0,0.0,64391.0,64391.0,0.19554284471994726,mid,False
18413,10.170567695667934,9.831069570231316,-0.3394981254366183,10.847778140782134,10.76297551852635,-0.0848026222557845,0.4514736300761337,0.6212706321966889,0.16979700212055515,0.0041271136578912996,0.007854616132221255,0.0,0.0,18413.0,18413.0,0.4008574703544244,high,False
50269,10.211579310607739,9.872015561979193,-0.3395637486285459,10.296549604469885,10.276835412055766,-0.01971419241411887,0.056646862574764034,0.2698799000510491,0.21323303747628508,0.0036519968859785984,0.005611455035036158,1.0,1.0,50269.0,50269.0,0.03635113614707829,low,False
415368,10.240601085983913,9.89797326447755,-0.3426278215063636,10.484748375040427,10.41305513918085,-0.07169323585957699,0.16276485937100976,0.3433879164688675,0.18062305709785775,0.0017907808853983914,0.002998915904128238,0.0,0.0,415368.0,415368.0,0.0562165312167714,low,False
126915,10.159777991341722,9.814074128971848,-0.3457038623698736,10.70280413257315,10.76472789551534,0.061923762942191374,0.3620174274876182,0.633769177695662,0.27175175020804376,0.0016024090508175333,0.003009647740716966,1.0,1.0,126915.0,126915.0,0.45071289457852615,high,False
1977002,10.12637501739996,9.780214847257843,-0.34616017014211664,10.161500438861719,10.142991611934052,-0.018508826927666533,0.023416947641172345,0.24185117645080556,0.2184342288096332,0.00047053752378309116,0.0,0.0,0.0,1977002.0,1977002.0,0.030494854050033084,low,False
65590,10.247906272532147,9.895897344617623,-0.35200892791452354,10.250030012339291,10.242819656526978,-0.007210355812313551,0.001415826538096355,0.2312815412729037,0.22986571473480735,0.00030819067134991746,0.0010343278838328127,0.0,0.0,65590.0,65590.0,0.002310984951890899,low,False
21069,10.306607069623203,9.954357555224993,-0.35224951439820984,10.376871463868339,10.304191343367666,-0.07268012050067263,0.04684292949675678,0.23322252542844937,0.1863795959316926,0.0013559810011663108,0.003728348915153862,1.0,0.0,21069.0,21069.0,0.05798396031096086,low,False
100031,10.168339089875085,9.815575097288225,-0.3527639925868602,10.47746795151583,10.329528934094329,-0.14793901742150162,0.20608590776049765,0.3426358912040699,0.13654998344357225,0.00236711651242526,0.0,0.0,0.0,100031.0,100031.0,0.04044142656607836,low,False
3843,10.125257645946446,9.772166393418985,-0.3530912525274612,10.500026638053953,10.47746795151583,-0.02255868653812243,0.24984599473833866,0.4702010387312311,0.22035504399289244,0.003559027912693349,0.004795188611313019,1.0,1.0,3843.0,3843.0,0.26201104888333404,mid,False
73661,10.221865921745492,9.868557406344635,-0.3533085154008564,10.53305306841421,10.470063426729945,-0.0629896416842648,0.20745809777914617,0.40100401359020715,0.19354591581106098,0.0013229404988723938,0.0030795302856114768,1.0,0.0,73661.0,73661.0,0.10890828801957575,mid,False
23874,10.508227698792231,10.153370923734803,-0.35485677505742785,10.652239444855168,10.360918944390482,-0.2913205004646855,0.09600783070862456,0.13836534710378634,0.042357516395161776,0.002472826258935625,0.0,0.0,0.0,23874.0,23874.0,0.0031894532148272273,low,False
789267,10.136413557562966,9.781106625958145,-0.3553069316048205,9.595862987110241,9.504692929598837,-0.09117005751140361,-0.3603670469684837,-0.1842757975728722,0.1760912493956115,0.0,0.0,0.0,0.0,789267.0,789267.0,0.00031085114795605833,low,False
56230,10.215963453149453,9.859939226548892,-0.3560242266005602,10.457828965147176,10.394998733231755,-0.06283023191542014,0.16124367466514863,0.3567063377885749,0.19546266312342628,0.0006118462742803222,0.0,0.0,0.0,56230.0,56230.0,0.004121805454859688,low,False
6334,10.261302197564705,9.90484254821719,-0.3564596493475154,10.314997285149595,10.271877117088998,-0.0431201680605966,0.035796725056592836,0.24468971258120623,0.20889298752461338,0.0021894200227029763,0.003021431442002097,1.0,1.0,6334.0,6334.0,0.028240539086468158,low,False
77613,10.301129535241923,9.943925660154,-0.35720387508792406,10.15974333526097,10.181491211174318,0.02174787591334848,-0.09425746665396885,0.15837703401354553,0.25263450066751436,0.00037478885490609706,0.0014184006547693655,1.0,1.0,77613.0,77613.0,0.0746418575908398,low,False
1817624,10.150817395603832,9.788550914824926,-0.36226648077890644,10.384633234025632,10.30250475163103,-0.08212848239460158,0.15587722561453243,0.3426358912040699,0.18675866558953746,0.000735173877598685,0.0,0.0,0.0,1817624.0,1817624.0,0.004749837747987365,low,False
1970,10.128414226341771,9.764014582996781,-0.3643996433449903,10.548190194651268,10.55955734152461,0.011367146873341838,0.27985064553966416,0.5303618390185522,0.250511193478888,0.0008772876632645573,0.0036245290803659552,1.0,0.0,1970.0,1970.0,0.14080902657381772,mid,False
682784,10.786705863917856,10.422108490180428,-0.3645973737374284,10.584977853099273,10.5355304982806,-0.049447354818672906,-0.13448534054572184,0.07561467206678128,0.2101000126125031,0.0016279346464651762,0.0030396757241603813,1.0,0.0,682784.0,682784.0,0.05342107021792213,low,False
1703813,10.264907596394949,9.899050256858393,-0.3658573395365554,10.311700941866757,10.28833473139242,-0.023366210474337734,0.031195563647872064,0.2595229830226837,0.2283274193748116,0.0003971354127637521,0.0,1.0,0.0,1703813.0,1703813.0,0.03392448478892057,low,False
23328,10.23352896177167,9.866226307663386,-0.36730265410828444,10.625768884312718,10.170180847398447,-0.4555880369142713,0.261493281694032,0.2026363598233737,-0.05885692187065833,0.001456720727613373,0.0,0.0,0.0,23328.0,23328.0,0.696472891649774,high,False
943990,10.233105081880195,9.863122647331004,-0.36998243454919155,10.418910881682374,10.252407121865028,-0.16650375981734555,0.12387053320145232,0.2595229830226837,0.13565244982123137,0.0005093529118803596,0.0,0.0,0.0,943990.0,943990.0,0.010218131394299173,low,False
2081964,10.144925346050819,9.774485280000443,-0.37044006605037616,10.502699242408982,10.374014237493883,-0.1286850049150985,0.2385159309054424,0.39968597166229397,0.16117004075685157,0.0009765625,0.0,0.0,0.0,2081964.0,2081964.0,0.09821179420432834,low,False
71883,10.148934571222586,9.778203589133307,-0.37073098208927924,10.509571952291747,10.452478248940379,-0.05709370335136832,0.24042492071277347,0.44951643987138007,0.2090915191586066,0.0023494111637408547,0.0,0.0,0.0,71883.0,71883.0,0.08215608220668111,low,False
112514,10.191236710851372,9.820034402044659,-0.3712023088067138,10.190878764903498,9.708812929644832,-0.4820658352586662,-0.00023863063191605782,-0.07414764826655082,-0.07390901763463475,0.0012504912878473968,0.0,0.0,0.0,112514.0,112514.0,0.0002115120941523818,low,False
252431,10.240009479328522,9.857313953023025,-0.38269552630549697,10.567432758074427,10.448874105059817,-0.11855865301460966,0.21828218583060177,0.39437343469119407,0.1760912488605923,0.0008217164625891474,0.0,0.0,0.0,252431.0,252431.0,0.04826374291721307,low,False
1254911,10.131830598986324,9.746525761895475,-0.3853048370908496,10.1809326592522,10.163250462067982,-0.01768219718421804,0.032734706843916536,0.27781646678167055,0.245081759937754,0.0018123591332640187,0.003518766580774251,1.0,1.0,1254911.0,1254911.0,0.05359984305772058,low,False
10223610,10.137717793678618,9.752371743570135,-0.3853460501084829,10.198996642389973,10.163832239558488,-0.035164402831485475,0.04085256580756934,0.27430699732556846,0.2334544315179991,0.0015866126843022258,0.0022616506549944662,1.0,1.0,10223610.0,10223610.0,0.11874690948247084,mid,False
42536,10.13490538449448,9.748663979401574,-0.38624140509290683,10.143601151469802,10.145424653832356,0.001823502362553242,0.005797177983546923,0.2645071162871881,0.2587099383036412,0.0023311492399002453,0.003169736396270994,1.0,1.0,42536.0,42536.0,0.09505005675459811,low,False
1867573,10.22919901843106,9.842333030602255,-0.38686598782880566,10.454864470049289,10.583653103181746,0.1287886331324568,0.15044363441215253,0.4942133817196615,0.343769747307509,0.001022046270750513,0.002693005412952027,1.0,0.0,1867573.0,1867573.0,0.35479843810247486,mid,False
103252,10.404240503583344,10.01426979035579,-0.3899707132275534,10.36459633160554,10.338175812669396,-0.026420518936143722,-0.026429447985202054,0.2159373482090701,0.24236679619427215,0.0014080284717860171,0.002579665209782157,1.0,1.0,103252.0,103252.0,0.06320639470704505,low,False
4253,10.21689851717528,9.823975367007309,-0.39292315016797197,10.589800941334126,10.569265236898222,-0.020535704435904023,0.24860161610589693,0.4968599132606083,0.24825829715471137,0.0013530686319166048,0.005370065514301986,1.0,0.0,4253.0,4253.0,0.18672807926906643,mid,False
5119,10.317129234621145,9.921682476793285,-0.39544675782786065,10.592409338685595,10.530061344740616,-0.0623479939449787,0.1835200693763009,0.40558591196488747,0.22206584258858658,0.0015515843946039434,0.0,0.0,0.0,5119.0,5119.0,0.003953911043377645,low,False
1277858,10.45165138078379,10.05535979465132,-0.3962915861324703,10.698072482504621,10.646919946688111,-0.05115253581650947,0.1642807344805531,0.39437343469119407,0.23009270021064096,0.0013723836674169644,0.0028471610928195237,1.0,0.0,1277858.0,1277858.0,0.13892560694734968,mid,False
1011731,10.28536547638548,9.888909736200251,-0.3964557401852282,10.34588995102413,10.319895421698638,-0.02599452932549262,0.040349649759100735,0.28732379033225774,0.246974140573157,0.0016402124667179766,0.0027161213968934774,1.0,1.0,1011731.0,1011731.0,0.03550995115514227,low,False
759540,10.150201391063915,9.752822132355103,-0.39737925870881163,9.925492436663504,9.800385911906654,-0.12510652475685013,-0.14980596960027404,0.031709186367699586,0.18151515596797363,0.00011231034459215283,0.0,0.0,0.0,759540.0,759540.0,0.014758113175073227,low,False
2299855,10.528539124903808,10.127263827277856,-0.4012752976259524,10.414363263209626,10.336616396796188,-0.0777468664134382,-0.07611724112945528,0.1395683796788881,0.2156856208083434,0.0009794995460606125,0.0021779452684959687,1.0,0.0,2299855.0,2299855.0,0.006122598234074229,low,False
297376,10.205939887694855,9.801931477525171,-0.40400841016968414,10.14481767003263,10.09804667208228,-0.046770997950350335,-0.040748145108150204,0.1974101297047395,0.2381582748128897,0.001753715098693492,0.0025311525734041493,0.0,0.0,297376.0,297376.0,0.00743784898957941,low,False
49412,10.138571752595237,9.72754389401879,-0.4110278585764462,10.09804667208228,9.45113019765948,-0.6469164744227989,-0.02701672034197114,-0.1842757975728722,-0.15725907723090107,0.0,0.0,0.0,0.0,49412.0,49412.0,0.0015126298609981729,low,False
72262,10.287284801346619,9.873751448692218,-0.41353335265440094,10.425962317174251,10.374014237493883,-0.05194807968036841,0.09245167721842115,0.333508525867777,0.24105684864935586,0.002201912524890288,0.0033261140789905687,1.0,0.0,72262.0,72262.0,0.17252639447066548,mid,False
359382,10.341463555577738,9.927431398667823,-0.414032156909915,10.283065139970127,10.23990163774042,-0.04316350222970655,-0.03893227707174062,0.2083134927150642,0.24724576978680482,0.0014464649596567414,0.0022691361076481527,1.0,0.0,359382.0,359382.0,0.008376593734051698,low,False
1443766,10.429589401787524,10.015369661216457,-0.4142197405710668,10.482521206838298,10.482521206838298,0.0,0.035287870033849186,0.31143436374789407,0.27614649371404487,0.00047384622012338967,0.002118814382111747,1.0,0.0,1443766.0,1443766.0,0.04236405966354481,low,False
31990,10.338058772820466,9.923648887080958,-0.41440988573950754,11.022261503533432,10.745051603262015,-0.27720990027141745,0.4561351538086451,0.5476018107873711,0.09146665697872602,0.002897811551049703,0.009666871238164617,1.0,0.0,31990.0,31990.0,0.4003148643840053,high,False
18005,10.27710982580233,9.861737605206297,-0.4153722205960335,10.023708892984756,9.744593894538982,-0.2791149984457739,-0.16893395521171642,-0.07809580711154318,0.09083814810017324,0.0012328875638927769,0.0,0.0,0.0,18005.0,18005.0,0.0003638208047919526,low,False
884395,10.218072447694793,9.802473241512192,-0.41559920618260016,10.405122625629238,10.383933319560532,-0.02118930606870606,0.12470011862296365,0.3876400520322257,0.262939933409262,0.0007387972584286236,0.0024099042285405043,0.0,0.0,884395.0,884395.0,0.06588012792008882,low,False
1172843,10.1565552937764,9.738014447903632,-0.4185408458727675,10.73393108432153,10.97102843740004,0.23709735307851076,0.38491719369675237,0.8220093263309383,0.4370921326341859,0.004440967176477044,0.005993061051867221,1.0,0.0,1172843.0,1172843.0,0.7490201964379777,high,False
141036,10.88318040298156,10.46391437691076,-0.419266026070801,10.731420723918724,10.748090781804029,0.016670057885304956,-0.10117311937522366,0.18945093659551332,0.290624055970737,0.00034285835057163593,0.0025224458939890467,1.0,0.0,141036.0,141036.0,0.12677635482694966,mid,False
24297,10.147862522273916,9.725571577438243,-0.4222909448356731,10.189236808936,9.914793727964767,-0.27444308097123304,0.02758285777472289,0.12614810035101595,0.09856524257629307,0.0017755681230191053,0.0,0.0,0.0,24297.0,24297.0,0.0003806549598828542,low,False
995106,10.706954558304611,10.281519281646304,-0.42543527665830716,10.621736429403509,10.59629279379428,-0.025443635609228465,-0.05681208593406858,0.20984900809865004,0.2666610940327186,0.0025652983619673976,0.004211486177984393,1.0,1.0,995106.0,995106.0,0.18597565376042358,mid,False
134041,10.365005247295379,9.939141922016343,-0.42586332527903537,10.447060786140048,10.391570994197785,-0.055489791942262556,0.05470369256311251,0.30161938145429534,0.24691568889118282,0.0009234440358633163,0.0029683783689251238,0.0,0.0,134041.0,134041.0,0.07022257505436608,low,False
9952,10.30758754553292,9.881645769270449,-0.4259417762624711,10.448270527395259,10.532555876798241,0.08428534940298249,0.09378865457489202,0.4339400716851949,0.34015141711030283,0.0014370000947786165,0.0033245631931458335,1.0,1.0,9952.0,9952.0,0.24482663268504226,mid,False
11322651,10.657700093662195,10.23157831946746,-0.4261217741947352,10.76763287148106,11.147844103067781,0.38021123158672054,0.07328851854591079,0.6108438557335482,0.5375553371876374,0.000652343757103305,0.0,1.0,0.0,11322651.0,11322651.0,0.699667513839768,high,False
372258,10.461260449921856,10.033656137590015,-0.42760431233184093,10.728895735219817,10.70881291225476,-0.02008282296505648,0.17842352353197516,0.45010451644316424,0.2716809929111891,0.0012313797933399975,0.003363549791212389,1.0,1.0,372258.0,372258.0,0.09950692823254238,low,False
18028,10.401622975503958,9.973904492338145,-0.4277184831658136,10.864311234181917,10.789648612915684,-0.07466262126623313,0.308458839118639,0.5438294137183596,0.23537057459972055,0.005953174656068744,0.010614702887973166,1.0,0.0,18028.0,18028.0,0.13728761482129712,mid,False
552,10.443645732319318,10.015223564759953,-0.4284221675593649,10.566053306902084,10.523507725021998,-0.04254558188008595,0.08160504972184392,0.3388561068413627,0.2572510571195188,0.004937698806781058,0.0,0.0,0.0,552.0,552.0,0.04145706052957419,low,False
258026,10.341809714245644,9.91322204696695,-0.428587667278693,10.5893647270564,10.466602875817081,-0.1227618512393196,0.16503667520717086,0.36892055256675355,0.2038838773595827,0.0011915043171989487,0.0,0.0,0.0,258026.0,258026.0,0.01847298945572845,low,False
1419622,10.43702146115965,10.008153960705592,-0.42886750045405897,10.662686912777879,10.618483254429833,-0.04420365834804585,0.15044363441215253,0.4068861958161616,0.25644256140400906,0.0014341706981191391,0.0029186736737789112,1.0,1.0,1419622.0,1419622.0,0.11434529080187703,mid,False
10571683,10.553362989175202,10.124453483835977,-0.42890950533922556,10.792938756231461,10.459597997461573,-0.33334075876988756,0.1597171780375061,0.22342967575039782,0.06371249771289172,0.0021816037210643743,0.0,0.0,0.0,10571683.0,10571683.0,0.10055173918099156,mid,False
8411,10.281987212262136,9.852294946825168,-0.4296922654369677,10.449476876639267,10.359439226266447,-0.0900376503728193,0.11165977625142065,0.33809618629418653,0.22643641004276588,0.0006467526048568763,0.0,0.0,0.0,8411.0,8411.0,0.19218428043218172,mid,False
190293,10.366108601402852,9.936113898598709,-0.42999470280414265,10.251932739708668,10.164993431297683,-0.08693930841098485,-0.07611724112945528,0.15258635513265015,0.22870359626210543,0.0020683913427813026,0.0,0.0,0.0,190293.0,190293.0,0.005008977033520268,low,False
1027827,10.419415338200723,9.986998380770205,-0.4324169574305188,10.403116632077067,10.329528934094329,-0.07358769798273812,-0.010865804082437093,0.22835370221608367,0.23921950629852076,0.001170970802179642,0.0022030679253287632,0.0,0.0,1027827.0,1027827.0,0.0014176030105718445,low,False
215760,10.363277578539249,9.930481328229599,-0.4327962503096501,10.585418539935414,10.561888516363403,-0.02353002357201106,0.14809397426411033,0.4209381254225369,0.27284415115842653,0.0005813815145727761,0.0020723199791442956,1.0,1.0,215760.0,215760.0,0.06999812513907891,low,False
146543,10.551170599555258,10.116072480323174,-0.43509811923208375,10.507995583065965,10.495715992298877,-0.012279590767088067,-0.028783344326195334,0.2530956746504682,0.28187901897666356,0.0031676136183005606,0.004968048516293643,1.0,1.0,146543.0,146543.0,0.1024763037149746,mid,False
41356,10.399142814295686,9.962545129690279,-0.4365976846054078,10.376871463868339,10.187037832863279,-0.1898336310050599,-0.014847566951564816,0.14966180211533348,0.16450936906689828,0.000810066620111984,0.0,0.0,0.0,41356.0,41356.0,0.005194706561288797,low,False
5807583,10.422373172998205,9.982810038899343,-0.4395631340988615,10.661948940054463,10.659727467940844,-0.0022214721136197824,0.1597171780375061,0.4512782860276667,0.29156110799016055,0.0009134513230646829,0.002921340853877455,1.0,0.0,5807583.0,5807583.0,0.06679046294272675,low,False
2224712,10.187951723924463,9.746947049089139,-0.4410046748353249,10.179252592042964,9.766182812400126,-0.41306977964283753,-0.005799421254333298,0.012823842207325797,0.018623263461659094,0.0006441022534944024,0.0,0.0,0.0,2224712.0,2224712.0,0.0001845366618179696,low,False
471061,10.432414697557434,9.99132856523146,-0.4410861323259745,10.344358038139774,10.26823524123424,-0.07612279690553336,-0.05870443961177352,0.1846044506685208,0.24330889028029432,0.0011732553803046571,0.0,1.0,0.0,471061.0,471061.0,0.04494714416055884,low,False
985428,10.182620472116673,9.738836569303484,-0.44378390281318936,10.47292627350668,10.237945342351004,-0.23498093115567542,0.1935372009266715,0.3327391820316808,0.13920198110500928,0.0006955281059098233,0.0,0.0,0.0,985428.0,985428.0,0.021451067402234462,low,False
48750,10.497366398060192,10.050729819034453,-0.44663657902573917,10.499490137867337,10.483636218620628,-0.01585391924670887,0.001415826538096355,0.2886042663907836,0.28718843985268727,0.003940049627847071,0.005438702127171653,1.0,0.0,48750.0,48750.0,0.1548847747357771,mid,False
64105,10.3490775069142,9.901310969333124,-0.4477665375810762,10.434774406473354,10.373296984065487,-0.06147742240786691,0.057131266372768136,0.3146573431549079,0.2575260767821398,0.0023622444524797523,0.003596332645187905,1.0,0.0,64105.0,64105.0,0.08553765521272694,low,False
229539,10.365962363452377,9.918075284757936,-0.4478870786944409,10.449476876639267,10.413709693714686,-0.035767182924580254,0.05567634212459372,0.3304229393044999,0.2747465971799062,0.00062711296229215,0.0016089749379504263,0.0,0.0,229539.0,229539.0,0.03309281851836258,low,False
1382810,10.327418122555956,9.87665895748656,-0.45075916506939606,10.346653885866944,10.265943432020586,-0.08071045384635767,0.012823842207325797,0.2595229830226837,0.24669914081535788,0.002656799255339342,0.0,0.0,0.0,1382810.0,1382810.0,0.011372141718950058,low,False
537268,10.64774444681109,10.193442012014334,-0.454302434796757,10.448270527395259,10.411743097552561,-0.036527429842697856,-0.13298261294388775,0.14553405702548525,0.27851666996937297,0.00045500477940986034,0.0016133224885142218,1.0,0.0,537268.0,537268.0,0.04893415234661104,low,False
808565,10.317878839992444,9.86292562306198,-0.4549532169304644,10.467181552584307,10.452478248940379,-0.014703303643928578,0.09953514172790878,0.3930350839189318,0.29349994219102304,0.0006995880409116836,0.0026122374748643266,1.0,0.0,808565.0,808565.0,0.018228610441276844,low,False
53300,10.222700510081534,9.766570278312178,-0.45613023176935563,10.266402762410445,10.248118912059825,-0.018283850350620412,0.02913483488594083,0.3210324224984304,0.2918975876124896,0.0006792580691832729,0.0015935087855404046,1.0,1.0,53300.0,53300.0,0.05917607666141325,low,False
75687,10.17937235244826,9.722170460165737,-0.45720189228252295,10.284388544271433,10.234994302373064,-0.04939424189836927,0.07001079454878274,0.34188256147155055,0.2718717669227678,0.0013549061615317699,0.0028542257339983852,1.0,0.0,75687.0,75687.0,0.05403761467605857,low,False
415381,10.37537507430765,9.91713233200411,-0.4582427423035398,10.219419314947842,10.153834474385308,-0.06558484056253455,-0.10397050623987245,0.15780142825413135,0.2617719344940038,0.0003519766032180199,0.0,0.0,0.0,415381.0,415381.0,0.029688034830468554,low,False
73351,10.392321398828056,9.934051272064025,-0.458270126764031,10.376871463868339,10.390192272937252,0.01332080906891342,-0.010299956639811952,0.30409400058215075,0.3143939572219627,0.0029905226186275886,0.004862629145324263,1.0,0.0,73351.0,73351.0,0.030132060098608082,low,False
17559,10.35405034260478,9.892751646310534,-0.4612986962942447,10.688451625433437,10.737669674139038,0.04921804870560109,0.22293418855243802,0.563278685219002,0.340344496666564,0.0018874999698382743,0.004441964248915377,1.0,0.0,17559.0,17559.0,0.37827359679948225,mid,False
1852695,10.750054166467999,10.287088023453297,-0.46296614301470207,10.636864620765758,10.543364675231205,-0.09349994553455332,-0.07545969713482817,0.17085110118527155,0.24631079832009972,0.0014903574517485673,0.0,1.0,0.0,1852695.0,1852695.0,0.04340964455154323,low,False
41178,10.343261851997534,9.878850220713389,-0.4644116312841451,10.403786326636185,10.401774136909168,-0.0020121897270168887,0.040349649759100735,0.34861594413051894,0.3082662943714182,0.00045668214198243295,0.0,1.0,0.0,41178.0,41178.0,0.12223759444442134,mid,False
645160,10.368696251299161,9.903686864564007,-0.46500938673515435,10.675760303968518,10.692600989861766,0.016840685893248164,0.20470936844623894,0.5259427501985071,0.3212333817522682,0.0018244182198878566,0.0042343500622312865,1.0,1.0,645160.0,645160.0,0.1816880619628945,mid,False
271684,10.396157110781544,9.930461266990243,-0.4656958437913019,10.351209449191186,10.291812556868228,-0.059396892322958195,-0.029965107726904836,0.24090085991865623,0.2708659676455611,0.0007574728741171566,0.0014098330082276177,1.0,1.0,271684.0,271684.0,0.03618751804711791,low,False
140928,10.640339174083136,10.16799449340349,-0.47234468067964563,10.498952974102183,10.4625304345257,-0.036422539576483004,-0.09425746665396885,0.1963572940814731,0.29061476073544196,0.000519100991936364,0.002499894928597777,1.0,0.0,140928.0,140928.0,0.021883847760741763,low,False
216550,10.577734899645193,10.104725161773837,-0.47300973787135625,10.526544778272601,10.40711936130698,-0.11942541696562081,-0.03412674758172834,0.201596133022096,0.23572288060382435,0.0006918735514474978,0.0,0.0,0.0,216550.0,216550.0,0.01198874284875478,low,False
1415,10.617670297961807,10.1422574756239,-0.4754128223379066,11.0071826169572,11.102086629381915,0.09490401242471513,0.259674879330263,0.6398861025053438,0.3802112231750808,0.0015931019034076282,0.003515625151780018,1.0,1.0,1415.0,1415.0,0.40113540640557066,high,False
112637,10.453170577894255,9.977355379063109,-0.4758151988311461,10.214273584541154,10.138084282893134,-0.07618930164801974,-0.15926466223540114,0.10715260255334937,0.2664172647887505,0.001389768313889386,0.0,0.0,0.0,112637.0,112637.0,0.0017397247757618352,low,False
423945,10.672965823264672,10.195344108667399,-0.477621714597273,10.507468843364693,10.501632173486986,-0.005836669877707479,-0.11033131993331848,0.20419204321305756,0.314523363146376,0.0015715070542578736,0.003493042771757799,1.0,1.0,423945.0,423945.0,0.12170630518049781,mid,False
774849,10.359598799526776,9.88182628582009,-0.47777251370668594,10.512186631116187,10.485303387052147,-0.026883244064039857,0.10172522105960664,0.40231806748803844,0.3005928464284318,0.0024244071093509627,0.005048691112787265,1.0,0.0,774849.0,774849.0,0.046008453863487696,low,False
72033,10.791024937919197,10.3107666238476,-0.48025831407159636,10.672888947128461,10.620925417362619,-0.05196352976584251,-0.0787573271938225,0.20677252901001233,0.28552985620383486,0.0015919749418360875,0.003062937940935967,0.0,0.0,72033.0,72033.0,0.16353493400012892,mid,False
246865,10.343106836319555,9.861615466528564,-0.48149136979099083,10.129989659651928,9.462238100175657,-0.6677515594762706,-0.14207811777841736,-0.266251577568605,-0.12417345979018765,0.00043599064929562793,0.0,0.0,0.0,246865.0,246865.0,0.0,low,False
245505,10.414249615002365,9.932600189508872,-0.48164942549349377,11.230230523236555,11.308879223380902,0.07864870014434722,0.5439872721561257,0.9175193559146878,0.37353208375856206,0.0055003446137264775,0.00964580120588164,1.0,0.0,245505.0,245505.0,0.6480011016664744,high,False
750387,10.469900228937727,9.98755566140659,-0.4823445675311362,10.478595995913047,10.461945522862369,-0.016650473050678016,0.005797177983546923,0.3162599076371854,0.3104627296536385,0.0019125932682424265,0.0036904059269645823,1.0,1.0,750387.0,750387.0,0.06737534848765556,low,False
168374,10.704323072354066,10.221288176819504,-0.483034895534562,10.73393108432153,10.71342959229838,-0.02050149202314877,0.019738674644974485,0.32809427698591725,0.3083556023409428,0.0013227215064759465,0.0029680420507469754,1.0,1.0,168374.0,168374.0,0.5655616789755166,high,False
435755,10.410681267127481,9.922798947050774,-0.4878823200767073,10.309212127996465,10.010670946202776,-0.2985411817936896,-0.06764609275401064,0.05858133276800093,0.12622742552201155,0.00038164512509428363,0.0,0.0,0.0,435755.0,435755.0,0.0021954015696943052,low,False
32330,10.645448760990115,10.157011509875437,-0.4884372511146786,11.034961079985509,11.032450719582705,-0.002510360402803613,0.259674879330263,0.5836261398048461,0.3239512604745831,0.005026342049382843,0.030615940982305957,1.0,0.0,32330.0,32330.0,0.49077112252368926,high,False
1373485,10.680583310128634,10.189503816370584,-0.4910794937580505,10.503231795300293,10.441574890450724,-0.06165690484956876,-0.11823434321889437,0.16804738272009345,0.2862817259389878,0.00043682020913446396,0.001591741628602709,0.0,0.0,1373485.0,1373485.0,0.015754261790411034,low,False
964959,10.300748006931874,9.807856544791,-0.4928914621408733,10.11463746324677,9.868003435401983,-0.24663402784478805,-0.12407369579006859,0.04009792707398778,0.16417162286405637,0.0005087788097457151,0.0,0.0,0.0,964959.0,964959.0,0.001704084072487476,low,False
765512,10.22484385269228,9.731114821053785,-0.4937290316384946,10.291379343021614,10.261787498210673,-0.029591844810941126,0.04435699355288982,0.35378178477125827,0.30942479121836847,0.0016178580490344898,0.0025540864879430446,1.0,1.0,765512.0,765512.0,0.225296488365099,mid,False
53810,10.505694581986571,10.011009321487265,-0.49468526049930617,10.941789640522826,10.90371898449656,-0.03807065602626558,0.2907300390241692,0.595139775339531,0.3044097363153618,0.0025669643275312293,0.007051047625922836,1.0,0.0,53810.0,53810.0,0.5074586949946592,high,False
1542414,10.56731657711036,10.072108819567548,-0.4952077575428113,10.81373767883119,10.784109066229828,-0.029628612601362292,0.1642807344805531,0.47466683110818647,0.3103860966276334,0.001079605009091601,0.005435654873230522,1.0,0.0,1542414.0,1542414.0,0.18626828320611175,mid,False
7598,10.220810883528328,9.72403695635612,-0.4967739271722085,10.151448253276397,9.527929668323967,-0.6235185849524303,-0.046241753501287605,-0.13073819202143552,-0.08449643852014792,0.0026633523112139404,0.0,0.0,0.0,7598.0,7598.0,0.0006176595065849973,low,False
280889,10.764817417103206,10.265701079607478,-0.49911633749572815,10.53305306841421,10.434150864604765,-0.0989022038094447,-0.1545095657926645,0.11229985666485898,0.2668094224575235,0.0010279604522812178,0.002716415250188567,1.0,0.0,280889.0,280889.0,0.09057425553208112,low,False
1896059,10.268892054713312,9.769259205359733,-0.49963284935357954,10.29612109252632,10.020485896012703,-0.27563519651361723,0.018152691875338512,0.16748446043531426,0.14933176855997574,0.0017834555962573623,0.0,0.0,0.0,1896059.0,1896059.0,0.001096889365869851,low,False
25850,10.647976923724153,10.147292169432795,-0.500684754291358,10.76763287148106,10.675760303968518,-0.09187256751254225,0.07977063183793899,0.35231208969048267,0.2725414578525437,0.0011080729510903752,0.004189405051273421,1.0,0.0,25850.0,25850.0,0.11959869809107086,mid,False
496985,10.655450145419445,10.154269039599232,-0.5011811058202138,10.65674775710472,10.56374443992397,-0.09300331718074872,0.0008650744568487967,0.2729836002164929,0.2721185257596441,0.001257261209308193,0.002661080923209984,0.0,0.0,496985.0,496985.0,0.031076906081664538,low,False
1107677,10.356056164378426,9.854649292510432,-0.501406871867994,11.105291786628255,10.952513523774261,-0.1527782628539942,0.49949041483321865,0.7319094875092191,0.23241907267600048,0.006031709484968636,0.0,1.0,0.0,1107677.0,1107677.0,0.3941917563014274,mid,False
1125165,10.382066957957774,9.878306282864319,-0.5037606750934547,10.687059683709279,10.646919946688111,-0.040139737021167576,0.20332848383433658,0.5124091092158615,0.3090806253815249,0.001523625589783888,0.003318249382658929,1.0,0.0,1125165.0,1125165.0,0.18100156796921754,mid,False
9659,10.370780998331895,9.86701311551037,-0.503767882821526,10.147240531731278,10.127468368676677,-0.01977216305460061,-0.1490269777337452,0.1736368354442053,0.3226638131779505,0.0005745283917995713,0.002001455567824577,1.0,0.0,9659.0,9659.0,0.008267232293953798,low,False
361487,10.271162770834566,9.766570278312178,-0.5045924925223879,10.2514578388155,10.248118912059825,-0.0033389267556760416,-0.013136621346043072,0.3210324224984304,0.3341690438444735,0.0015663463479263162,0.0026314430167502616,1.0,1.0,361487.0,361487.0,0.11409101625744272,mid,False
152636,10.519143149941845,10.011369020633058,-0.5077741293087872,10.726992312838231,10.698751602006617,-0.02824071083161428,0.13856610859759158,0.45825505424903906,0.31968894565144745,0.0018330207759164852,0.003894042902716801,1.0,1.0,152636.0,152636.0,0.14872657540858322,mid,False
805018,10.788288336044058,10.279002191355351,-0.5092861446887067,10.59886256015128,10.494631605112572,-0.10423095503870883,-0.12628385059518546,0.14375294250481319,0.2700367930999986,0.0004148230353715384,0.0,1.0,0.0,805018.0,805018.0,0.06872628673406594,low,False
1699510,10.728745045408377,10.216747653430042,-0.5119973919783352,10.675760303968518,10.595002163338245,-0.08075814063027309,-0.035323160959905724,0.2521696732721356,0.2874928342320413,0.0015010425952003083,0.0,1.0,0.0,1699510.0,1699510.0,0.30788281630896613,mid,False
1040964,10.680612850555681,10.168420105188213,-0.512192745367468,10.772813382063914,10.715393258873608,-0.05742012319030643,0.06146702100548912,0.36464876912359606,0.30318174811810694,0.0012724905937037756,0.004434915517786603,1.0,0.0,1040964.0,1040964.0,0.12568332096647,mid,False
801128,10.253489618218124,9.739703632309268,-0.5137859859088554,10.208541956627766,9.743064678704625,-0.4654772779231404,-0.029965107726904836,0.002240697596903899,0.032205805323808734,0.00020227110140951267,0.0,0.0,0.0,801128.0,801128.0,0.000372586197169294,low,False
154382,10.44525859833201,9.930121698319118,-0.5151369000128927,10.342820742905763,10.304191343367666,-0.038629399538097076,-0.0682919036174987,0.24937976336569992,0.3176716669831986,0.0014561862343271572,0.002305141626230778,1.0,1.0,154382.0,154382.0,0.10674785479545622,mid,False
1782066,10.402573786676596,9.885606528044502,-0.5169672586320946,10.3350514024843,10.265943432020586,-0.06910797046371364,-0.045014922794864555,0.25355793598405596,0.29857285877892054,0.0024995769307527347,0.0,0.0,0.0,1782066.0,1782066.0,0.002448264461147175,low,False
308423,10.886360675128794,10.368560405534481,-0.5178002695943125,10.590672148964808,10.537010190531769,-0.05366195843303956,-0.19712568410932282,0.11229985666485898,0.30942554077418183,0.0005880902752848137,0.002059417633955175,1.0,0.0,308423.0,308423.0,0.11181480557561263,mid,False
684934,10.347152881454,9.826233994276416,-0.5209188871775847,10.655250180315406,10.56834996398955,-0.08690021632585498,0.2053981992409365,0.49474397980875695,0.28934578056782045,0.0018991526943613678,0.0038856473038926275,1.0,0.0,684934.0,684934.0,0.2589065723398106,mid,False
376593,10.286888653557488,9.763654240258326,-0.5232344132991624,10.210112652169025,10.172466595515285,-0.03764605665373999,-0.05118400092564254,0.27254157017130703,0.32372557109694955,0.001095254239684668,0.0023273458188751753,1.0,0.0,376593.0,376593.0,0.026724148029096728,low,False
229037,10.505540582745454,9.979611992037755,-0.5259285907076983,10.641534483314617,10.596722153022716,-0.04481233029190079,0.09066260037944138,0.41140677398997444,0.3207441736105331,0.0015945299215271542,7.586045563871626e-07,0.0,0.0,229037.0,229037.0,0.04673706022728335,low,False
1406104,10.610445222157553,10.083950623252964,-0.5264945989045895,10.5355304982806,10.494088394476512,-0.04144210380408886,-0.049943149251301736,0.27342518081569883,0.32336833006700055,0.0014354024317732145,0.0025520182054579246,1.0,0.0,1406104.0,1406104.0,0.08078707756529256,low,False
29125,10.644525066593296,10.11749973951673,-0.5270253270765668,10.70881291225476,10.601417254866915,-0.10739565738784584,0.042858563774310285,0.32261167690012355,0.27975311312581325,0.0020127624165201924,0.0,0.0,0.0,29125.0,29125.0,0.23372983126068578,mid,False
284458,10.557381797098081,10.029536422089233,-0.5278453750088481,10.45007881277165,10.357210191880084,-0.09286862089156678,-0.07153532288428702,0.21844917986056758,0.2899845027448546,0.002191179036667257,0.0,0.0,0.0,284458.0,284458.0,0.0033776502975812295,low,False
5647818,10.740917302148755,10.211362861026693,-0.5295544411220625,10.487516369331182,10.418910881682374,-0.06860548764880825,-0.16893395521171642,0.13836534710378634,0.30729930231550273,0.0007569289883985089,0.002037411647521438,1.0,0.0,5647818.0,5647818.0,0.09553839372989889,low,False
145106,10.342138465822611,9.80674708912454,-0.5353913766980707,10.803196031337691,10.91376093319472,0.11056490185702827,0.3073717103433867,0.7380092293801198,0.43063751903673314,0.002773725340913514,0.00593005912459712,1.0,1.0,145106.0,145106.0,0.46633463270504993,high,False
133204,10.604971985390465,10.066154110925119,-0.5388178744653462,10.595432799795104,10.607738964884362,0.012306165089258414,-0.006359457063574282,0.36105656930616303,0.3674160263697373,0.001107222493195124,0.0023858983553887636,1.0,1.0,133204.0,133204.0,0.29186217057217306,mid,False
4679778,10.42594899094936,9.882377540283905,-0.5435714506654552,10.248597476121018,10.26271444425999,0.014116968138971231,-0.11823434321889437,0.25355793598405596,0.3717922792029503,0.00039363641999823454,0.0,0.0,0.0,4679778.0,4679778.0,0.022575777803876856,low,False
1277093,10.420123040277545,9.876478495387525,-0.5436445448900198,10.218395029458962,9.979376175675812,-0.23901885378315058,-0.13448534054572184,0.06859845352552497,0.20308379407124683,0.0007909349338496586,0.0,0.0,0.0,1277093.0,1277093.0,0.08130880937381554,low,False
37835,10.534808629785763,9.989332686984502,-0.5454759428012608,10.368242803728089,10.28702331573836,-0.08121948798972944,-0.1110438840384486,0.19846041916923743,0.309504303207686,0.0033836746483178817,0.0,0.0,0.0,37835.0,37835.0,0.004593668735203839,low,False
15531,10.507527786292021,9.961965856016597,-0.545561930275424,10.843909151755803,10.919513250093814,0.07560409833801174,0.22425424364252114,0.638364929384811,0.41411068574228993,0.0023988044148332195,0.0038107963900685005,1.0,1.0,15531.0,15531.0,0.38874800203120186,mid,False
735584,10.487901435434194,9.937617144393009,-0.5502842910411854,10.23450050261662,10.182049074901865,-0.05245142771475386,-0.16893395521171642,0.16295462033923774,0.3318885755509542,0.0018797994395233324,0.002843188371061443,0.0,0.0,735584.0,735584.0,0.002933450172638093,low,False
74170,10.478478810279782,9.927780144936406,-0.5506986653433756,10.782433350014841,10.616027280813576,-0.16640606920126544,0.2026363598233737,0.45883142391811255,0.25619506409473886,0.0014270899729656452,0.0,0.0,0.0,74170.0,74170.0,0.5129623940353314,high,False
16955,10.405494309090715,9.85254469631565,-0.5529496127750644,10.586298574352387,10.571999538634673,-0.014299035717714403,0.12053617684111509,0.47963656154601503,0.3591003847048999,0.0010299373514411634,0.0036161412009249228,1.0,0.0,16955.0,16955.0,0.2729268093245872,mid,False
54269,10.397564829210609,9.843464597485251,-0.5541002317253572,10.12556772301107,10.101415907570633,-0.024151815440436764,-0.1813314041330257,0.17196754005692175,0.35329894418994745,0.00054539017951566,0.0019742561388160097,0.0,0.0,54269.0,54269.0,0.004068428010526034,low,False
250132,10.445697235693672,9.891211952410751,-0.5544852832829203,10.47292627350668,10.67790145953232,0.20497518602564035,0.018152691875338512,0.524459671414379,0.5063069795390405,0.0010407256205788335,0.0034900103422682836,1.0,0.0,250132.0,250132.0,0.3778806930035302,mid,False
129078,10.466703452790568,9.904417542507998,-0.5622859102825704,10.55674331325384,10.522490662608222,-0.03425265064561778,0.06002657364218184,0.4120487467334828,0.35202217309130096,0.0005649885186284921,0.0024270954676916725,1.0,1.0,129078.0,129078.0,0.08248711177067111,low,False
15398,10.555345023553409,9.99062250811178,-0.5647225154416287,10.898609595797847,10.868003423348549,-0.030606172449298086,0.2288430481629583,0.584920610157845,0.3560775619948867,0.00539324449303474,0.0,0.0,0.0,15398.0,15398.0,0.45714728755401474,high,False
3198019,10.860053404498675,10.294991545063068,-0.5650618594356072,10.675044233157864,10.648446474952516,-0.026597758205348043,-0.12333944756054026,0.23563661992629903,0.3589760674868393,0.0008113848785061112,0.0019017270540939836,1.0,1.0,3198019.0,3198019.0,0.23648107845969893,mid,False
8251358,10.71887947249789,10.150945591582937,-0.5679338809149534,10.49299993062015,10.447060786140048,-0.04593914448010139,-0.15058636125182867,0.1974101297047395,0.34799649095656815,0.0005893683402659287,0.002282731795759676,0.0,0.0,8251358.0,8251358.0,0.09016098255572914,low,False
496129,10.386782793859503,9.818281670997113,-0.56850112286239,10.102086636413087,10.06866288233237,-0.03342375408071696,-0.18979743829761064,0.16692080755683916,0.3567182458544498,0.001564308395640716,0.002314453034501166,1.0,1.0,496129.0,496129.0,0.04463811900099312,low,False
2860534,10.525524133799395,9.956401559310411,-0.5691225744889845,10.490266804599981,10.350453532446299,-0.1398132721536829,-0.02350488613294323,0.2627013154239257,0.28620620155686893,0.0011849451221688943,0.0,1.0,0.0,2860534.0,2860534.0,0.2881811439618938,mid,False
4107179,10.464246832674139,9.890305525896201,-0.5739413067779378,10.73952693673859,10.864774435587952,0.1252474988493617,0.1835200693763009,0.6496459397945001,0.46612587041819925,0.0018531072572051063,0.0038187970362993174,1.0,0.0,4107179.0,4107179.0,0.41147732435567796,high,False
1442638,10.350653380938972,9.776365877895515,-0.5742875030434575,10.229531403066973,10.202201799636311,-0.02732960343066182,-0.08074798524799912,0.28389061449386377,0.36463859974186286,0.00043040672729341385,0.0012877220425504014,1.0,0.0,1442638.0,1442638.0,0.045100942837995706,low,False
775921,10.400243189323133,9.825719954802445,-0.5745232345206883,10.197385149450964,10.224504789503484,0.02711964005252021,-0.1352386932481119,0.26585655646735895,0.40109524971547084,0.0005996118318050808,0.0019235666058882795,1.0,1.0,775921.0,775921.0,0.11314682340753995,mid,False
2687587,10.613004385302542,10.037915186516079,-0.575089198786463,10.573360213324738,10.526544778272601,-0.04681543505213703,-0.026429447985202054,0.3257530611710147,0.35218250915621674,0.001663924029993585,0.002840084135036431,1.0,1.0,2687587.0,2687587.0,0.24546741742248937,mid,False
561091,10.717775702163596,10.137125925861458,-0.5806497763021383,10.781312583370926,10.647683881530925,-0.13362870184000109,0.042357920804886345,0.340371970446312,0.29801404964142564,0.003341004369417658,0.0,1.0,0.0,561091.0,561091.0,0.01686046344377043,low,False
176704,10.362887155564527,9.781726779040667,-0.5811603765238598,10.385332022314467,10.286585295705782,-0.09874672660868455,0.014963244499960246,0.33657234444340967,0.32160909994344944,0.0007065162206708544,0.0,0.0,0.0,176704.0,176704.0,0.0011848315242962105,low,False
2679391,10.834295625645476,10.252936786318521,-0.5813588393269544,10.65148352811028,10.573812841668117,-0.07767068644216302,-0.12187473169013034,0.21391737023306273,0.3357921019231931,0.0019803462226382082,0.0,1.0,0.0,2679391.0,2679391.0,0.03291261055975005,low,False
18408,10.636536334044413,10.055033735794266,-0.5815025982501467,10.32634146181649,10.280406171339793,-0.04593529047669698,-0.2067965814852826,0.15024829036368545,0.35704487184896805,0.004524919379756708,0.00573343178164086,1.0,0.0,18408.0,18408.0,0.07843209095293555,low,False
75753,10.607895232886646,10.02577761846952,-0.5821176144171254,10.594139607275844,10.643850738569745,0.04971113129390048,-0.00917041707386739,0.4120487467334828,0.4212191638073502,0.0008620153974313651,0.0027980938067276176,1.0,0.0,75753.0,75753.0,0.4238658233099228,high,False
3028815,10.91313700692041,10.327384092956372,-0.5857529139640381,10.731420723918724,10.63055892975831,-0.10086179416041396,-0.12114418866779045,0.20211655786795937,0.3232607465357498,0.0004528985453449114,0.0,0.0,0.0,3028815.0,3028815.0,0.27889786169978265,mid,False
127454,10.626186449673957,10.037798584800061,-0.588387864873896,10.478595995913047,10.464280457731963,-0.014315538181083554,-0.09839363584060751,0.2843212486212678,0.3827148844618753,0.0009930285575519328,0.0024400972122325744,1.0,1.0,127454.0,127454.0,0.032991814904577206,low,False
602429,10.492636087793574,9.903915133332497,-0.5887209544610776,10.698072482504621,10.622545887340666,-0.07552659516395543,0.13695759647403008,0.47908716933877993,0.3421295728647499,0.0036005965826768228,0.0,1.0,0.0,602429.0,602429.0,0.41837584936893446,high,False
1295671,10.588146316895019,9.998600931665337,-0.5895453852296821,10.480843332568588,10.49190876056748,0.011065427998891764,-0.07153532288428702,0.3288718859347618,0.4004072088190488,0.0005991683523178757,0.002545204255328555,1.0,1.0,1295671.0,1295671.0,0.16172486613354822,mid,False
189629,10.555575440431003,9.96428009618051,-0.5912953442504936,10.348177735991545,9.832090873276803,-0.5160868627147419,-0.13826513629297144,-0.08812614860247062,0.05013898769050082,0.0016230434596506266,0.0,0.0,0.0,189629.0,189629.0,0.0,low,False
1411684,10.292551389348588,9.70089138228802,-0.5916600070605682,10.711457041212373,10.758858960811157,0.04740191959878359,0.2792704345758558,0.7053117190154243,0.4260412844395685,0.003645437995916297,0.006366921733812619,1.0,1.0,1411684.0,1411684.0,0.5010676776554599,high,False
12172,10.440185021786483,9.84638122109691,-0.5938038006895727,10.678612838614828,10.69671104929392,0.01809821067909212,0.15895187788556384,0.5668865521313402,0.40793467424577634,0.00292808927323058,0.0046298568231088015,1.0,1.0,12172.0,12172.0,0.4290068812745528,high,False
34442,10.520434608359963,9.925366927787062,-0.5950676805729014,10.707484786294408,10.441574890450724,-0.2659098958436843,0.12470011862296365,0.3441386417757747,0.21943852315281104,0.0014491410550390546,0.0,1.0,0.0,34442.0,34442.0,0.03271069918268849,low,False
61127,11.021731296029525,10.424190280377013,-0.5975410156525118,10.690531263144504,10.646919946688111,-0.043611316456392046,-0.22080002192334794,0.14848644420739884,0.3692864661307468,0.001371541542388416,0.0028643541882594054,1.0,1.0,61127.0,61127.0,0.12701975933023715,mid,False
8002,10.364539052197694,9.766834658973064,-0.59770439322463,10.25429943618313,10.265943432020586,0.011643995837456345,-0.0734930773430422,0.3327391820316808,0.40623225937472296,0.0008767832986953371,0.0024842923987123894,1.0,1.0,8002.0,8002.0,0.12519864840799366,mid,False
690249,10.57706399509257,9.969804197816456,-0.6072597972761127,10.540931633404401,10.468912970863977,-0.07201866254042422,-0.024088241125445248,0.3327391820316808,0.356827423157126,0.00040982707790228286,0.0035332392680993653,1.0,0.0,690249.0,690249.0,0.013346281656386431,low,False
51474,10.355682434579426,9.744802725899442,-0.6108797086799846,11.125567716349961,11.377156147881916,0.251588431531955,0.5132568545136895,1.0882356146549819,0.5749787601412923,0.009594298867870076,0.022362384315889317,1.0,0.0,51474.0,51474.0,0.6804681895289981,high,False
769618,10.92674193819253,10.315257670954622,-0.6114842672379073,10.861054574280194,10.832589778371537,-0.028464795908657692,-0.04379157594155765,0.34488807161127577,0.3886796475528334,0.00203293009899814,0.003758251912761928,1.0,1.0,769618.0,769618.0,0.22575310381025906,mid,False
4206505,10.361243377312723,9.749239708643548,-0.6120036686691748,10.024510918767323,9.982476727307635,-0.04203419145968823,-0.2244883056969329,0.15549134577605733,0.37997965147299023,0.0005351274391988169,0.0018082285765792766,0.0,0.0,4206505.0,4206505.0,0.005146626657161205,low,False
1506631,10.644497536710173,10.029161485736616,-0.615336050973557,10.338953425854227,10.299537362953796,-0.03941606290043076,-0.20369607390396363,0.18025058481145356,0.3839466587154172,0.001146019683897988,0.0031563725597041096,1.0,0.0,1506631.0,1506631.0,0.004435613613392027,low,False
2022282,10.656627934387801,10.041239219469052,-0.6153887149187494,10.324738888648737,10.229531403066973,-0.0952074855817635,-0.2212593638260422,0.12552812239861413,0.3467874862246563,0.0017888603830531781,0.0026970656257383112,0.0,0.0,2022282.0,2022282.0,0.005121838630526987,low,False
2226,11.011063954249103,10.395498392658629,-0.6155655615904738,10.724441403037154,10.693975312060576,-0.03046609097657793,-0.19108170080796572,0.19898461293463085,0.3900663137425966,0.0012570186012975046,0.0021598540300076753,1.0,0.0,2226.0,2226.0,0.19358256671669768,mid,False
4191,10.371365745672515,9.751558874353293,-0.6198068713192217,10.434150864604765,10.386726198310972,-0.04742466629379294,0.04185674595483403,0.42344488263845237,0.38158813668361835,0.0023544135830504825,0.0,0.0,0.0,4191.0,4191.0,0.22114310430636036,mid,False
59531,10.784789840102379,10.164187559431587,-0.6206022806707914,10.589800941334126,10.576968099889564,-0.012832841444561538,-0.1299925991788357,0.27518702697198544,0.40517962615082115,0.003749372865058533,0.005049444001607179,1.0,1.0,59531.0,59531.0,0.08195108959240652,low,False
378100,10.355328108355328,9.734352806119476,-0.620975302235852,10.041790747241782,9.95796458728825,-0.08382615995353149,-0.20902490740903057,0.14907452077918304,0.3580994281882136,0.001028507321559643,0.0018691196094413444,0.0,0.0,378100.0,378100.0,0.018537804792463693,low,False
809503,10.952649240193205,10.330284602094391,-0.6223646380988139,10.685663229689613,10.61766613878089,-0.06799709090872241,-0.1779906736690618,0.1915876911243339,0.3695783647933957,0.0006188041006656781,0.002479107779107213,0.0,0.0,809503.0,809503.0,0.10298518586573423,mid,False
1874277,10.497503909983234,9.874381126027963,-0.6231227839552709,10.322323886059264,10.296977649135126,-0.025346236924137955,-0.11678668261597976,0.28173101540477535,0.3985176980207551,0.0006026370872707621,0.0024707514427499038,1.0,0.0,1874277.0,1874277.0,0.08446525993964532,low,False
1708028,10.579887687079463,9.954026481520229,-0.6258612055592341,10.542879156091821,10.480282587706945,-0.06259656838487615,-0.02467235399176101,0.35083740412447695,0.37550975811623793,0.0008520343540560697,0.0024628551487158377,1.0,0.0,1708028.0,1708028.0,0.021970876101140208,low,False
6301,10.75028905404554,10.108853912558528,-0.6414351414870119,10.788546364995163,10.944880734233726,0.1563343692385626,0.02550487396641476,0.5573512144501312,0.5318463404837165,0.004134569498837155,0.006004820173394105,1.0,1.0,6301.0,6301.0,0.39430236147721026,mid,False
2330,10.566131498297473,9.924615220063531,-0.6415162782339419,10.381122326956662,10.403786326636185,0.022663999679522817,-0.12333944756054026,0.3194474043817693,0.44278685194230955,0.0013522854617417843,0.002467738774239402,1.0,0.0,2330.0,2330.0,0.13423614394463215,mid,False
185825,10.400916248265405,9.759247491310113,-0.6416687569552924,10.02849893843035,9.867428588416827,-0.16107035001352266,-0.24827820655670413,0.07212073140447527,0.3203989379611794,0.0003401008435540812,0.0,0.0,0.0,185825.0,185825.0,0.0018676386903800765,low,False
586019,10.481197460835373,9.838214063806927,-0.6429833970284466,10.086391634105475,10.029292174913198,-0.057099459192276214,-0.2632038844865997,0.12738540740418125,0.39058929189078095,0.0013031250603234511,0.0022418169134317315,1.0,0.0,586019.0,586019.0,0.022170332421567185,low,False
328522,10.658259216854816,10.01251583934634,-0.6457433775084755,10.967388078495564,10.929998134453975,-0.03738994404158902,0.20608590776049765,0.6116548634050897,0.40556895564459206,0.0034327650156239582,0.005031536370948151,1.0,1.0,328522.0,328522.0,0.5508029526906838,high,False
104782,11.018837473269183,10.370760957838314,-0.6480765154308692,10.89170214462879,10.848740038967929,-0.04296210566086067,-0.08475688576026219,0.3186527207530757,0.4034096065133379,0.0017319796072095487,0.0032191994974022503,1.0,0.0,104782.0,104782.0,0.10585722112502176,mid,False
44523,10.639767595966639,9.991460241413527,-0.6483073545531113,10.879343363022898,10.984590088868744,0.10524672584584671,0.1597171780375061,0.6620865649701443,0.5023693869326382,0.003177351664748718,0.007799858345567215,1.0,0.0,44523.0,44523.0,0.8266702284130598,high,False
2370827,10.913522570412596,10.264125914078702,-0.6493966563338933,10.588490890102456,10.488618617251703,-0.09987227285075306,-0.21668778687342732,0.14966180211533348,0.3663495889887608,0.002545159757493879,0.0,1.0,0.0,2370827.0,2370827.0,0.04197447852685505,low,False
1685,10.91120911832782,10.260939520110236,-0.6502695982175837,10.759449439264985,11.12658242907907,0.3671329898140847,-0.10117311937522366,0.5770952726458884,0.6782683920211121,0.00484566074292632,0.0,1.0,0.0,1685.0,1685.0,0.700238967527253,high,False
1317,10.647024267682243,9.99538760603524,-0.651636661647002,10.463114559484234,10.36312911119222,-0.0999854482920135,-0.12260647213200596,0.24516100343798664,0.36776747556999256,0.002677671311000026,0.0,0.0,0.0,1317.0,1317.0,0.0013088366174763904,low,False
25311,10.48369159370528,9.816560259502292,-0.6671313342029883,10.338175812669396,10.3016589931686,-0.03651681950079677,-0.09701052069058945,0.32339915577753736,0.4204096764681268,0.0005757868684556764,0.001972161209496656,0.0,0.0,25311.0,25311.0,0.04649407373979853,low,False
154378,10.640313631121566,9.96993415129643,-0.6703794798251366,10.580100599616282,10.560491313569491,-0.019609286046790686,-0.04014202100352383,0.3937047748487077,0.4338467958522315,0.000718886337499965,0.00425030219475597,1.0,0.0,154378.0,154378.0,0.26760101873071057,mid,False
15788,10.759547125186344,10.088554649979622,-0.670992475206722,10.467759459318149,10.439114278557115,-0.02864518076103373,-0.19452511057879748,0.23370641905166167,0.4282315296304592,0.0018128740570101248,0.0,0.0,0.0,15788.0,15788.0,0.01258641812695716,low,False
20315,10.928287767825342,10.253889446614812,-0.6743983212105302,10.642307941818359,10.632143956523015,-0.010163985295344347,-0.19065321733798798,0.2521696732721356,0.4428228906101236,0.00362127438185499,0.0,0.0,0.0,20315.0,20315.0,0.013826718315613835,low,False
51234,10.789999255992397,10.115116148097801,-0.6748831078945958,10.680739973887755,10.797287167893407,0.11654719400565128,-0.07283952140309477,0.45478067986373727,0.5276202012668321,0.0028406200908704755,0.005448318744741826,1.0,0.0,51234.0,51234.0,0.30316744897776615,mid,False
429,10.588011785371236,9.909415046605641,-0.6785967387655951,10.265023311238103,10.229531403066973,-0.03549190817112979,-0.21532564942208895,0.21341090430755547,0.4287365537296444,0.0017977863426054948,0.0029218211338484603,1.0,1.0,429.0,429.0,0.05781002208601125,low,False
1568419,10.832715974035992,10.146894375208536,-0.6858215988274559,10.509047122198298,10.503231795300293,-0.005815326898005679,-0.21577923455846157,0.23755828006117036,0.4533375146196319,0.0012351685787698494,0.0031834021305253103,1.0,1.0,1568419.0,1568419.0,0.22105406991296558,mid,False
6818,10.725732571287711,10.032144007150508,-0.6935885641372028,10.646154665696567,10.645388033803755,-0.0007666318928123417,-0.05305193706076184,0.40882935110216373,0.46188128816292556,0.002531828790702834,0.004189211671577775,1.0,1.0,6818.0,6818.0,0.16156223101729558,mid,False
237565,10.468583067747604,9.774240219413912,-0.694342848333692,10.588928028358554,10.622545887340666,0.03361785898211167,0.08022997374063326,0.5655371119511693,0.48530713821053606,0.00587116434424123,0.0,0.0,0.0,237565.0,237565.0,0.5874385810143158,high,False
503453,10.931781265921552,10.226183552991504,-0.7055977129300484,10.892137093943749,10.917877478512093,0.025740384568344155,-0.026429447985202054,0.461129283680392,0.48755873166559405,0.0024438501134454744,0.005579304460471315,1.0,1.0,503453.0,503453.0,0.4591712642779405,high,False
48958,10.974523187978757,10.263205690917111,-0.7113174970616463,10.52096054886014,10.38182678266155,-0.13913376619859008,-0.30237509274574487,0.07908072782962622,0.3814558205753711,0.0012362131989929594,0.002165214740441681,0.0,0.0,48958.0,48958.0,0.0635617574068026,low,False
43678,10.517167629361223,9.801222641916235,-0.7159449874449884,10.39704248684064,10.265943432020586,-0.13109905482005324,-0.08008342834705674,0.3098138600695669,0.38989728841662363,0.0004600083209224312,0.0,0.0,0.0,43678.0,43678.0,0.004769766441317656,low,False
482149,10.650304327229987,9.930911207919577,-0.7193931193104106,10.23152588113426,10.129360732590762,-0.10216514854349867,-0.27918563073048447,0.1322996831141236,0.41148531384460807,0.0017898052074842416,0.0031816122680559636,0.0,0.0,482149.0,482149.0,0.009806807069897436,low,False
189716,10.692360555117363,9.972273562392562,-0.7200869927248004,10.427865739555836,10.263639464544674,-0.1642262750111616,-0.17632987704101755,0.19424393476807397,0.37057381180909155,0.001511821240042215,0.0,0.0,0.0,189716.0,189716.0,0.0030511432237277807,low,False
587227,10.538580246041638,9.815423240674349,-0.7231570053672893,10.632934305867602,10.55674331325384,-0.07619099261376228,0.06290270655064349,0.4942133817196615,0.431310675169018,0.0018288352967026774,0.00681371917434418,1.0,0.0,587227.0,587227.0,0.262318767714953,mid,False
17066,10.668149314171588,9.942003872004971,-0.7261454421666169,10.737669674139038,10.918696134444872,0.18102646030583358,0.04634690664496716,0.6511281749599341,0.6047812683149669,0.004001115997830754,0.005377530492903783,1.0,1.0,17066.0,17066.0,0.5386319723018472,high,False
541846,10.730828855194405,9.990314038041383,-0.7405148171530218,10.342820742905763,10.273686689935893,-0.0691340529698703,-0.2586720748590948,0.18891510126300703,0.44758717612210186,0.00048395249216357867,0.0,0.0,0.0,541846.0,541846.0,0.007341762574786209,low,False
39339,10.997029644411182,10.255934839587088,-0.741094804824094,10.698072482504621,10.643850738569745,-0.05422174393487644,-0.19930477460437454,0.2586105993217712,0.4579153739261458,0.0011095217124859318,0.002652648451681904,1.0,0.0,39339.0,39339.0,0.38301282433978884,mid,False
6399,10.611066002121788,9.85519184579389,-0.7558741563278986,10.516337620792116,10.12556772301107,-0.39076989778104654,-0.06315225421978202,0.18025058481145356,0.24340283903123558,0.0022387782065844404,0.0,0.0,0.0,6399.0,6399.0,0.030888344614767985,low,False
3471263,10.744000619519392,9.979612057310332,-0.76438856220906,10.403786326636185,10.39568105362994,-0.008105273006245639,-0.2268095285888052,0.2773793308797385,0.5041888594685437,0.0018508040412144092,0.002949617294421421,1.0,1.0,3471263.0,3471263.0,0.15718637266979157,mid,False
813496,10.771548062110966,10.007098264870216,-0.7644497972407507,10.73890872047878,10.88512513129809,0.14621641081931003,-0.021759561088125278,0.585351244285249,0.6071108053733743,0.003516738102127685,0.004601665852001701,1.0,1.0,813496.0,813496.0,0.5090968091301858,high,False
22568,10.64746894116287,9.880196182601463,-0.7672727585614076,10.755299161907047,10.409767520995853,-0.3455316409111937,0.07188681382945143,0.35304755892959383,0.2811607451001424,0.0010180897921417045,0.0,0.0,0.0,22568.0,22568.0,0.004926878382519362,low,False
2348093,10.82404289647071,10.056214024943898,-0.7678288715268113,10.52704889537548,10.48140335435086,-0.04564554102461926,-0.19799600073015336,0.2834595529379753,0.48145555366812864,0.001536216647607548,0.0,0.0,0.0,2348093.0,2348093.0,0.3746448573902117,mid,False
3913617,10.622387271257256,9.84779434338682,-0.7745929278704367,10.639205808333378,10.648446474952516,0.009240666619138693,0.011212358050746466,0.5337680877104637,0.5225557296597172,0.00175711248810123,0.0032963266780755137,1.0,1.0,3913617.0,3913617.0,0.4761298904439379,high,False
1095974,10.698782214848215,9.913580024865086,-0.7852021899831296,10.941789640522826,10.839514879816836,-0.10227476070599018,0.16200495044974073,0.6172899033011666,0.4552849528514259,0.0029122489721361863,0.0,1.0,0.0,1095974.0,1095974.0,0.5190117717755256,high,False
156087,10.723766801058886,9.936594079678446,-0.7871727213804398,10.35646461774256,10.337396804654349,-0.019067813088211594,-0.24486812221088416,0.2672018166506021,0.5120699388614862,0.0006720159285634683,0.0014516943648474044,1.0,1.0,156087.0,156087.0,0.04108447738465188,low,False
239461,10.715400883559733,9.921195261565957,-0.7942056219937754,10.202733672401536,10.169033431065964,-0.03370024133557159,-0.3417781407721314,0.16522544633333824,0.5070035871054697,0.00036576271996462904,0.0012749565859290664,0.0,0.0,239461.0,239461.0,0.03155937313930997,low,False
38324,10.694774759836667,9.900028255499963,-0.7947465043367039,10.628170531908593,10.451280187936304,-0.1768903439722891,-0.04440281861871647,0.36750128829089274,0.4119041069096092,0.004337086086868272,0.0,0.0,0.0,38324.0,38324.0,0.005445398274375924,low,False
302055,10.552234315546984,9.748182470876602,-0.8040518446703828,10.212717892674416,10.137466945410628,-0.07525094726378789,-0.22634428191504524,0.2595229830226837,0.4858672649377289,0.0011903315667071395,0.0,1.0,0.0,302055.0,302055.0,0.28681820748777215,mid,False
761509,11.189040367386442,10.383022883408527,-0.8060174839779144,10.851613016432252,10.687756193974954,-0.16385682245729782,-0.2249515673027931,0.2031555403776173,0.4281071076804104,0.0018136161035954505,0.004018930575785497,1.0,0.0,761509.0,761509.0,0.16947137991274208,mid,False
1265641,10.830124755315126,9.990795111724106,-0.8393296435910198,10.432274849404044,10.453076042336471,0.02080119293242788,-0.2652332706073884,0.3081872870749108,0.5734205576822992,0.0025647096765983313,0.00526564623888836,1.0,0.0,1265641.0,1265641.0,0.20253120631933075,mid,False
129308,10.700979838320873,9.851893892980522,-0.8490859453403505,10.785222648500518,10.587615291369763,-0.19760735713075483,0.056161873453097026,0.4904809322594945,0.4343190588063975,0.002000640201002384,0.0,1.0,0.0,129308.0,129308.0,0.3183617880894365,mid,False
1950115,10.90585589212846,10.045282505076113,-0.860573387052348,10.83557120685842,10.889520885766437,0.05394967890801716,-0.04685645684669371,0.5628255871268829,0.6096820439735766,0.002801632046376236,0.00639633665602244,1.0,0.0,1950115.0,1950115.0,0.37817940419057805,mid,False
460550,10.936107576757111,10.072239906598194,-0.8638676701589176,10.398399665542605,10.31581748718413,-0.08258217835847503,-0.3584719408096708,0.16238505372395778,0.5208569945336285,0.0012812621554478747,0.0,0.0,0.0,460550.0,460550.0,0.026894324854095753,low,False
884010,11.078587638901336,10.210554561299269,-0.8680330776020675,10.880237898515347,10.693288712613143,-0.1869491859022041,-0.13223316025732557,0.3218227675425823,0.4540559277999079,0.0017682612678579638,0.0,1.0,0.0,884010.0,884010.0,0.14854591435998843,mid,False
49188,10.793961515441117,9.90736175560088,-0.8865997598402373,10.28129430428292,10.232023072750229,-0.04927123153269086,-0.3417781407721314,0.21644087809956689,0.5582190188716983,0.0019611051253287555,0.0,1.0,0.0,49188.0,49188.0,0.013299809828137466,low,False
1219113,10.777658359933225,9.887804720768216,-0.8898536391650094,10.216854084332612,10.153239170579084,-0.06361491375352735,-0.37386951706707594,0.17695629987391262,0.5508258169409885,0.0012959122889075522,0.0,1.0,0.0,1219113.0,1219113.0,0.020448425243126806,low,False
1451575,11.105712066740743,10.214970928646636,-0.890741138094107,10.984590088868744,11.059888956475138,0.07529886760639393,-0.08074798524799912,0.563278685219002,0.6440266704670011,0.008103256725720894,0.010246598460429959,1.0,1.0,1451575.0,1451575.0,0.32326423872023,mid,False
150956,10.846754655875163,9.951767384683473,-0.89498727119169,10.646154665696567,10.761803326588932,0.11564866089236503,-0.13373332678572955,0.5400239612703059,0.6737572880560355,0.0037891314767917305,0.004914485039394191,1.0,1.0,150956.0,150956.0,0.3936821841072326,mid,False
2604197,11.101540840435689,10.186015225453831,-0.915525614981858,10.760627993125555,10.679323054355974,-0.08130493876958056,-0.22727523154008913,0.3288718859347618,0.5561471174748509,0.000935541568622702,0.0017775989496751764,1.0,0.0,2604197.0,2604197.0,0.28603537171757504,mid,False
3586,11.184120830417616,10.255016591430675,-0.9291042389869411,10.946418029467736,10.879790861083356,-0.06662716838438065,-0.15846853396658672,0.41651617976845473,0.5749847137350415,0.0011887837536833311,0.013983650449429,1.0,0.0,3586.0,3586.0,0.19411174795554692,mid,False
66449,10.89943264271255,9.960314253846441,-0.9391183888661097,10.490814813302414,10.379002114890461,-0.11181269841195274,-0.2724118862734235,0.279125240696013,0.5515371269694365,0.0011723676199358103,0.0,0.0,0.0,66449.0,66449.0,0.18888254184655556,mid,False
69297,11.106786713283679,10.146534887222321,-0.9602518260613575,11.000459656870568,11.043021034563488,0.04256137769291968,-0.0708847042754073,0.5976574315607776,0.6685421358361848,0.0025960412977687813,0.00444771043047371,1.0,0.0,69297.0,69297.0,0.4619345592707178,high,False
